INFO:synpp:Found 76 stages
INFO:synpp:Found pipeline metadata in /cluster/scratch/asallard/eqasim/test_pt_routing/cache/pipeline.json
INFO:synpp:Devalidating 28 stages:
INFO:synpp:- synthesis.population.spatial.primary.locations__adc70cca02d3f6f4b0d713711368cc67
INFO:synpp:- synthesis.population.activities__adc70cca02d3f6f4b0d713711368cc67
INFO:synpp:- matsim.scenario.population__56fa555833ecc04941d8fb0eb0a9b5a4
INFO:synpp:- synthesis.population.spatial.primary.work.locations__adc70cca02d3f6f4b0d713711368cc67
INFO:synpp:- synthesis.population.sampled__2b4e44050c33ed7e351481922e68370e
INFO:synpp:- synthesis.vehicles.trucks.default__5c4abc83233d93a9c6a9516ff16643e5
INFO:synpp:- matsim.scenario.network.convert_gtfs__70db7af60399f017bc84a6b85b33a99b
INFO:synpp:- synthesis.population.spatial.primary.education.locations__adc70cca02d3f6f4b0d713711368cc67
INFO:synpp:- synthesis.population.matched__adc70cca02d3f6f4b0d713711368cc67
INFO:synpp:- matsim.scenario.network.convert_pt_schedule__0b6ce3724d880730e7f0a61509cf6235
INFO:synpp:- synthesis.freight.gte.trips__5c4abc83233d93a9c6a9516ff16643e5
INFO:synpp:- matsim.scenario.facilities__adc70cca02d3f6f4b0d713711368cc67
INFO:synpp:- matsim.scenario.households__adc70cca02d3f6f4b0d713711368cc67
INFO:synpp:- matsim.scenario.network.mapped__0b6ce3724d880730e7f0a61509cf6235
INFO:synpp:- synthesis.vehicles.vehicles__e2f4777595b616c91c7f3392191cb588
INFO:synpp:- synthesis.vehicles.cars.default__adc70cca02d3f6f4b0d713711368cc67
INFO:synpp:- synthesis.population.spatial.locations__adc70cca02d3f6f4b0d713711368cc67
INFO:synpp:- synthesis.population.spatial.primary.work.zones__adc70cca02d3f6f4b0d713711368cc67
INFO:synpp:- matsim.scenario.vehicles__e2f4777595b616c91c7f3392191cb588
INFO:synpp:- synthesis.freight.trips__5c4abc83233d93a9c6a9516ff16643e5
INFO:synpp:- synthesis.population.spatial.secondary.locations__adc70cca02d3f6f4b0d713711368cc67
INFO:synpp:- matsim.simulation.run__1acb84a3b022a1440c7e25430a30ffa9
INFO:synpp:- synthesis.freight.gqgv.trips__5c4abc83233d93a9c6a9516ff16643e5
INFO:synpp:- synthesis.population.enriched__adc70cca02d3f6f4b0d713711368cc67
INFO:synpp:- synthesis.vehicles.passengers.default__adc70cca02d3f6f4b0d713711368cc67
INFO:synpp:- matsim.simulation.prepare__8631e36267f4b31b14eda16fb75909cf
INFO:synpp:- synthesis.population.trips__adc70cca02d3f6f4b0d713711368cc67
INFO:synpp:- synthesis.population.spatial.home.locations__adc70cca02d3f6f4b0d713711368cc67
INFO:synpp:Successfully reset meta data
INFO:synpp:Executing stage synthesis.freight.gte.trips__5c4abc83233d93a9c6a9516ff16643e5 ...
INFO:synpp:Loading cache for data.freight.gte.od__7c23530f46721f9474b47544dcd1f674 ...
INFO:synpp:Creating 13392 truck trips ... 1/13392 (0.01%) [203.36it/s] RT 0s ETA 01:05
INFO:synpp:Creating 13392 truck trips ... 13392/13392 (100.00%) [124697.51it/s] RT 0s ETA 0s
INFO:synpp:Loading cache for data.spatial.nuts__6469babfa67ac3ae15ee813afc2e1aed ...
INFO:synpp:Loading cache for data.spatial.swiss_border__6469babfa67ac3ae15ee813afc2e1aed ...
INFO:synpp:Loading cache for data.statent.statent__6469babfa67ac3ae15ee813afc2e1aed ...
INFO:synpp:Setting origin locations ... 1/105 (0.95%) [218.61it/s] RT 0s ETA 0s
INFO:synpp:Setting origin locations ... 15/105 (14.29%) [12.10it/s] RT 1s ETA 7s
INFO:synpp:Setting origin locations ... 19/105 (18.10%) [8.34it/s] RT 2s ETA 10s
INFO:synpp:Setting origin locations ... 23/105 (21.90%) [6.90it/s] RT 3s ETA 11s
INFO:synpp:Setting origin locations ... 27/105 (25.71%) [6.18it/s] RT 4s ETA 12s
INFO:synpp:Setting origin locations ... 31/105 (29.52%) [5.73it/s] RT 5s ETA 12s
INFO:synpp:Setting origin locations ... 35/105 (33.33%) [5.43it/s] RT 6s ETA 12s
INFO:synpp:Setting origin locations ... 105/105 (100.00%) [14.57it/s] RT 7s ETA 0s
INFO:synpp:Setting destination locations ... 1/96 (1.04%) [168.25it/s] RT 0s ETA 0s
INFO:synpp:Setting destination locations ... 7/96 (7.29%) [6.48it/s] RT 1s ETA 13s
INFO:synpp:Setting destination locations ... 14/96 (14.58%) [6.57it/s] RT 2s ETA 12s
INFO:synpp:Setting destination locations ... 18/96 (18.75%) [5.67it/s] RT 3s ETA 13s
INFO:synpp:Setting destination locations ... 22/96 (22.92%) [5.21it/s] RT 4s ETA 14s
INFO:synpp:Setting destination locations ... 32/96 (33.33%) [6.05it/s] RT 5s ETA 10s
INFO:synpp:Setting destination locations ... 38/96 (39.58%) [6.01it/s] RT 6s ETA 9s
INFO:synpp:Setting destination locations ... 96/96 (100.00%) [13.62it/s] RT 7s ETA 0s
INFO:synpp:Writing cache for synthesis.freight.gte.trips__5c4abc83233d93a9c6a9516ff16643e5
INFO:synpp:Finished running synthesis.freight.gte.trips__5c4abc83233d93a9c6a9516ff16643e5.
INFO:synpp:Pipeline progress: 1/28 (3.57%)
INFO:synpp:Executing stage synthesis.freight.gqgv.trips__5c4abc83233d93a9c6a9516ff16643e5 ...
INFO:synpp:Loading cache for data.freight.gqgv.od__7c23530f46721f9474b47544dcd1f674 ...
INFO:synpp:Creating 849 truck trips ... 1/849 (0.12%) [909.04it/s] RT 0s ETA 0s
INFO:synpp:Creating 849 truck trips ... 849/849 (100.00%) [4861.45it/s] RT 0s ETA 0s
INFO:synpp:Loading cache for data.spatial.nuts__6469babfa67ac3ae15ee813afc2e1aed ...
INFO:synpp:Loading cache for data.spatial.swiss_border__6469babfa67ac3ae15ee813afc2e1aed ...
INFO:synpp:Loading cache for data.statent.statent__6469babfa67ac3ae15ee813afc2e1aed ...
INFO:synpp:Setting origin locations ... 1/176 (0.57%) [378.68it/s] RT 0s ETA 0s
INFO:synpp:Setting origin locations ... 15/176 (8.52%) [13.38it/s] RT 1s ETA 12s
INFO:synpp:Setting origin locations ... 19/176 (10.80%) [8.83it/s] RT 2s ETA 17s
INFO:synpp:Setting origin locations ... 23/176 (13.07%) [7.17it/s] RT 3s ETA 21s
INFO:synpp:Setting origin locations ... 27/176 (15.34%) [6.38it/s] RT 4s ETA 23s
INFO:synpp:Setting origin locations ... 31/176 (17.61%) [5.90it/s] RT 5s ETA 24s
INFO:synpp:Setting origin locations ... 176/176 (100.00%) [29.41it/s] RT 5s ETA 0s
INFO:synpp:Setting destination locations ... 1/164 (0.61%) [3.86it/s] RT 0s ETA 42s
INFO:synpp:Setting destination locations ... 5/164 (3.05%) [3.82it/s] RT 1s ETA 41s
INFO:synpp:Setting destination locations ... 11/164 (6.71%) [4.68it/s] RT 2s ETA 32s
INFO:synpp:Setting destination locations ... 16/164 (9.76%) [4.70it/s] RT 3s ETA 31s
INFO:synpp:Setting destination locations ... 144/164 (87.80%) [31.17it/s] RT 4s ETA 0s
INFO:synpp:Setting destination locations ... 148/164 (90.24%) [26.18it/s] RT 5s ETA 0s
INFO:synpp:Setting destination locations ... 164/164 (100.00%) [26.54it/s] RT 6s ETA 0s
INFO:synpp:Writing cache for synthesis.freight.gqgv.trips__5c4abc83233d93a9c6a9516ff16643e5
INFO:synpp:Finished running synthesis.freight.gqgv.trips__5c4abc83233d93a9c6a9516ff16643e5.
INFO:synpp:Pipeline progress: 2/28 (7.14%)
INFO:synpp:Executing stage synthesis.population.sampled__2b4e44050c33ed7e351481922e68370e ...
INFO:synpp:Loading cache for data.census.selected__3a2e95408e42f0918dc999855b212fdd ...
INFO:synpp:Writing cache for synthesis.population.sampled__2b4e44050c33ed7e351481922e68370e
INFO:synpp:Finished running synthesis.population.sampled__2b4e44050c33ed7e351481922e68370e.
INFO:synpp:Pipeline progress: 3/28 (10.71%)
INFO:synpp:Executing stage synthesis.freight.trips__5c4abc83233d93a9c6a9516ff16643e5 ...
INFO:synpp:Loading cache for synthesis.freight.gte.trips__5c4abc83233d93a9c6a9516ff16643e5 ...
INFO:synpp:Loading cache for synthesis.freight.gqgv.trips__5c4abc83233d93a9c6a9516ff16643e5 ...
INFO:synpp:Loading cache for data.freight.departure_times__6469babfa67ac3ae15ee813afc2e1aed ...
INFO:synpp:Writing cache for synthesis.freight.trips__5c4abc83233d93a9c6a9516ff16643e5
INFO:synpp:Finished running synthesis.freight.trips__5c4abc83233d93a9c6a9516ff16643e5.
INFO:synpp:Pipeline progress: 4/28 (14.29%)
INFO:synpp:Executing stage synthesis.population.matched__adc70cca02d3f6f4b0d713711368cc67 ...
INFO:synpp:Loading cache for data.microcensus.persons__11c08e047d4689529ccb96347fea5f84 ...
INFO:synpp:Loading cache for synthesis.population.sampled__2b4e44050c33ed7e351481922e68370e ...
INFO:synpp:Writing cache for synthesis.population.matched__adc70cca02d3f6f4b0d713711368cc67
INFO:synpp:Finished running synthesis.population.matched__adc70cca02d3f6f4b0d713711368cc67.
INFO:synpp:Pipeline progress: 5/28 (17.86%)
INFO:synpp:Executing stage synthesis.vehicles.trucks.default__5c4abc83233d93a9c6a9516ff16643e5 ...
INFO:synpp:Loading cache for synthesis.freight.trips__5c4abc83233d93a9c6a9516ff16643e5 ...
INFO:synpp:Writing cache for synthesis.vehicles.trucks.default__5c4abc83233d93a9c6a9516ff16643e5
INFO:synpp:Finished running synthesis.vehicles.trucks.default__5c4abc83233d93a9c6a9516ff16643e5.
INFO:synpp:Pipeline progress: 6/28 (21.43%)
INFO:synpp:Executing stage synthesis.population.enriched__adc70cca02d3f6f4b0d713711368cc67 ...
INFO:synpp:Loading cache for synthesis.population.matched__adc70cca02d3f6f4b0d713711368cc67 ...
INFO:synpp:Loading cache for synthesis.population.sampled__2b4e44050c33ed7e351481922e68370e ...
INFO:synpp:Loading cache for data.microcensus.persons__11c08e047d4689529ccb96347fea5f84 ...
INFO:synpp:Writing cache for synthesis.population.enriched__adc70cca02d3f6f4b0d713711368cc67
INFO:synpp:Finished running synthesis.population.enriched__adc70cca02d3f6f4b0d713711368cc67.
INFO:synpp:Pipeline progress: 7/28 (25.00%)
INFO:synpp:Executing stage matsim.scenario.households__adc70cca02d3f6f4b0d713711368cc67 ...
INFO:synpp:Loading cache for synthesis.population.enriched__adc70cca02d3f6f4b0d713711368cc67 ...
INFO:synpp:1/433422 (0.00%) [903.56it/s] RT 0s ETA 07:59
INFO:synpp:38125/433422 (8.80%) [38081.16it/s] RT 1s ETA 10s
INFO:synpp:76157/433422 (17.57%) [38055.83it/s] RT 2s ETA 9s
INFO:synpp:110108/433422 (25.40%) [36687.66it/s] RT 3s ETA 8s
INFO:synpp:151821/433422 (35.03%) [37943.60it/s] RT 4s ETA 7s
INFO:synpp:179145/433422 (41.33%) [35819.91it/s] RT 5s ETA 7s
INFO:synpp:222174/433422 (51.26%) [37021.10it/s] RT 6s ETA 5s
INFO:synpp:264172/433422 (60.95%) [37731.95it/s] RT 7s ETA 4s
INFO:synpp:304846/433422 (70.33%) [38099.43it/s] RT 8s ETA 3s
INFO:synpp:342691/433422 (79.07%) [38071.13it/s] RT 9s ETA 2s
INFO:synpp:382556/433422 (88.26%) [38250.43it/s] RT 10s ETA 1s
INFO:synpp:421379/433422 (97.22%) [38302.40it/s] RT 11s ETA 0s
INFO:synpp:433422/433422 (100.00%) [38654.49it/s] RT 11s ETA 0s
INFO:synpp:Writing cache for matsim.scenario.households__adc70cca02d3f6f4b0d713711368cc67
INFO:synpp:Finished running matsim.scenario.households__adc70cca02d3f6f4b0d713711368cc67.
INFO:synpp:Pipeline progress: 8/28 (28.57%)
INFO:synpp:Executing stage matsim.scenario.facilities__adc70cca02d3f6f4b0d713711368cc67 ...
INFO:synpp:Loading cache for synthesis.population.destinations__6469babfa67ac3ae15ee813afc2e1aed ...
INFO:synpp:1/670558 (0.00%) [1502.26it/s] RT 0s ETA 07:26
INFO:synpp:59890/670558 (8.93%) [59849.66it/s] RT 1s ETA 10s
INFO:synpp:118976/670558 (17.74%) [59467.66it/s] RT 2s ETA 9s
INFO:synpp:178988/670558 (26.69%) [59648.77it/s] RT 3s ETA 8s
INFO:synpp:238860/670558 (35.62%) [59704.42it/s] RT 4s ETA 7s
INFO:synpp:299643/670558 (44.69%) [59920.01it/s] RT 5s ETA 6s
INFO:synpp:359650/670558 (53.63%) [59934.39it/s] RT 6s ETA 5s
INFO:synpp:418299/670558 (62.38%) [59750.77it/s] RT 7s ETA 4s
INFO:synpp:478318/670558 (71.33%) [59784.25it/s] RT 8s ETA 3s
INFO:synpp:538304/670558 (80.28%) [59806.58it/s] RT 9s ETA 2s
INFO:synpp:597851/670558 (89.16%) [59780.53it/s] RT 10s ETA 1s
INFO:synpp:657673/670558 (98.08%) [59784.28it/s] RT 11s ETA 0s
INFO:synpp:670558/670558 (100.00%) [59784.07it/s] RT 11s ETA 0s
INFO:synpp:Loading cache for synthesis.population.enriched__adc70cca02d3f6f4b0d713711368cc67 ...
INFO:synpp:Homes 1/190468 (0.00%) [1322.71it/s] RT 0s ETA 02:23
INFO:synpp:Homes 78235/190468 (41.08%) [78175.82it/s] RT 1s ETA 1s
INFO:synpp:Homes 156732/190468 (82.29%) [78336.24it/s] RT 2s ETA 0s
INFO:synpp:Homes 190468/190468 (100.00%) [78338.08it/s] RT 2s ETA 0s
INFO:synpp:Writing cache for matsim.scenario.facilities__adc70cca02d3f6f4b0d713711368cc67
INFO:synpp:Finished running matsim.scenario.facilities__adc70cca02d3f6f4b0d713711368cc67.
INFO:synpp:Pipeline progress: 9/28 (32.14%)
INFO:synpp:Executing stage synthesis.population.trips__adc70cca02d3f6f4b0d713711368cc67 ...
INFO:synpp:Loading cache for synthesis.population.enriched__adc70cca02d3f6f4b0d713711368cc67 ...
INFO:synpp:Loading cache for data.microcensus.trips__6469babfa67ac3ae15ee813afc2e1aed ...
INFO:synpp:Writing cache for synthesis.population.trips__adc70cca02d3f6f4b0d713711368cc67
INFO:synpp:Finished running synthesis.population.trips__adc70cca02d3f6f4b0d713711368cc67.
INFO:synpp:Pipeline progress: 10/28 (35.71%)
INFO:synpp:Executing stage synthesis.population.spatial.home.locations__adc70cca02d3f6f4b0d713711368cc67 ...
INFO:synpp:Loading cache for synthesis.population.enriched__adc70cca02d3f6f4b0d713711368cc67 ...
INFO:synpp:Converting home coordinates 1/43 (2.33%) [215.78it/s] RT 0s ETA 0s
INFO:synpp:Converting home coordinates 43/43 (100.00%) [114.93it/s] RT 0s ETA 0s
INFO:synpp:Writing cache for synthesis.population.spatial.home.locations__adc70cca02d3f6f4b0d713711368cc67
INFO:synpp:Finished running synthesis.population.spatial.home.locations__adc70cca02d3f6f4b0d713711368cc67.
INFO:synpp:Pipeline progress: 11/28 (39.29%)
INFO:synpp:Executing stage synthesis.vehicles.cars.default__adc70cca02d3f6f4b0d713711368cc67 ...
INFO:synpp:Loading cache for synthesis.population.enriched__adc70cca02d3f6f4b0d713711368cc67 ...
INFO:synpp:Writing cache for synthesis.vehicles.cars.default__adc70cca02d3f6f4b0d713711368cc67
INFO:synpp:Finished running synthesis.vehicles.cars.default__adc70cca02d3f6f4b0d713711368cc67.
INFO:synpp:Pipeline progress: 12/28 (42.86%)
INFO:synpp:Executing stage synthesis.vehicles.passengers.default__adc70cca02d3f6f4b0d713711368cc67 ...
INFO:synpp:Loading cache for synthesis.population.enriched__adc70cca02d3f6f4b0d713711368cc67 ...
INFO:synpp:Writing cache for synthesis.vehicles.passengers.default__adc70cca02d3f6f4b0d713711368cc67
INFO:synpp:Finished running synthesis.vehicles.passengers.default__adc70cca02d3f6f4b0d713711368cc67.
INFO:synpp:Pipeline progress: 13/28 (46.43%)
INFO:synpp:Executing stage synthesis.population.spatial.primary.education.locations__adc70cca02d3f6f4b0d713711368cc67 ...
INFO:synpp:Loading cache for synthesis.population.enriched__adc70cca02d3f6f4b0d713711368cc67 ...
INFO:synpp:Loading cache for data.statent.statent__6469babfa67ac3ae15ee813afc2e1aed ...
INFO:synpp:Converting education coordinates 1/43 (2.33%) [223.97it/s] RT 0s ETA 0s
INFO:synpp:Converting education coordinates 43/43 (100.00%) [118.69it/s] RT 0s ETA 0s
INFO:synpp:Writing cache for synthesis.population.spatial.primary.education.locations__adc70cca02d3f6f4b0d713711368cc67
INFO:synpp:Finished running synthesis.population.spatial.primary.education.locations__adc70cca02d3f6f4b0d713711368cc67.
INFO:synpp:Pipeline progress: 14/28 (50.00%)
INFO:synpp:Executing stage synthesis.population.spatial.primary.work.zones__adc70cca02d3f6f4b0d713711368cc67 ...
INFO:synpp:Loading cache for data.spatial.zones__6469babfa67ac3ae15ee813afc2e1aed ...
INFO:synpp:Loading cache for data.microcensus.commute__11c08e047d4689529ccb96347fea5f84 ...
INFO:synpp:Loading cache for synthesis.population.enriched__adc70cca02d3f6f4b0d713711368cc67 ...
INFO:synpp:Loading cache for data.od.matrix__c474bf5eca07c2b5c63ed0c5a7954c2b ...
INFO:synpp:car 1 [417.97it/s] RT 0s
INFO:synpp:car 873 [870.44it/s] RT 1s
INFO:synpp:car 1752 [874.60it/s] RT 2s
INFO:synpp:car 2624 [873.65it/s] RT 3s
INFO:synpp:car 3496 [873.09it/s] RT 4s
INFO:synpp:car 4367 [872.60it/s] RT 5s
INFO:synpp:car 5236 [871.94it/s] RT 6s
INFO:synpp:car 6109 [872.09it/s] RT 7s
INFO:synpp:car 6985 [872.48it/s] RT 8s
INFO:synpp:car 7841 [870.65it/s] RT 9s
INFO:synpp:car 8691 [868.54it/s] RT 10s
INFO:synpp:car 9565 [868.96it/s] RT 11s
INFO:synpp:pt 1 [464.33it/s] RT 0s
INFO:synpp:pt 871 [869.08it/s] RT 1s
INFO:synpp:pt 1744 [870.84it/s] RT 2s
INFO:synpp:pt 2616 [870.97it/s] RT 3s
INFO:synpp:pt 3489 [871.24it/s] RT 4s
INFO:synpp:pt 4348 [868.72it/s] RT 5s
INFO:synpp:pt 5219 [869.09it/s] RT 6s
INFO:synpp:pt 6090 [869.32it/s] RT 7s
INFO:synpp:pt 6962 [869.57it/s] RT 8s
INFO:synpp:pt 7832 [869.62it/s] RT 9s
INFO:synpp:pt 8702 [869.60it/s] RT 10s
INFO:synpp:pt 9570 [869.46it/s] RT 11s
INFO:synpp:bike 1 [430.10it/s] RT 0s
INFO:synpp:bike 851 [848.83it/s] RT 1s
INFO:synpp:bike 1700 [848.68it/s] RT 2s
INFO:synpp:bike 2545 [847.44it/s] RT 3s
INFO:synpp:bike 3401 [849.41it/s] RT 4s
INFO:synpp:bike 4256 [850.46it/s] RT 5s
INFO:synpp:bike 5099 [849.11it/s] RT 6s
INFO:synpp:bike 5950 [849.27it/s] RT 7s
INFO:synpp:bike 6798 [849.11it/s] RT 8s
INFO:synpp:bike 7652 [849.63it/s] RT 9s
INFO:synpp:bike 8502 [849.67it/s] RT 10s
INFO:synpp:bike 9351 [849.58it/s] RT 11s
INFO:synpp:walk 1 [474.42it/s] RT 0s
INFO:synpp:walk 862 [859.81it/s] RT 1s
INFO:synpp:walk 1716 [856.63it/s] RT 2s
INFO:synpp:walk 2580 [859.04it/s] RT 3s
INFO:synpp:walk 3433 [857.47it/s] RT 4s
INFO:synpp:walk 4295 [858.34it/s] RT 5s
INFO:synpp:walk 5143 [856.49it/s] RT 6s
INFO:synpp:walk 5993 [855.42it/s] RT 7s
INFO:synpp:walk 6857 [856.39it/s] RT 8s
INFO:synpp:walk 7720 [857.03it/s] RT 9s
INFO:synpp:walk 8576 [856.87it/s] RT 10s
INFO:synpp:walk 9440 [857.43it/s] RT 11s
INFO:synpp:car_passenger 1 [464.49it/s] RT 0s
INFO:synpp:car_passenger 868 [866.13it/s] RT 1s
INFO:synpp:car_passenger 1732 [864.50it/s] RT 2s
INFO:synpp:car_passenger 2591 [862.65it/s] RT 3s
INFO:synpp:car_passenger 3452 [862.02it/s] RT 4s
INFO:synpp:car_passenger 4313 [861.71it/s] RT 5s
INFO:synpp:car_passenger 5159 [858.93it/s] RT 6s
INFO:synpp:car_passenger 6023 [859.55it/s] RT 7s
INFO:synpp:car_passenger 6892 [860.62it/s] RT 8s
INFO:synpp:car_passenger 7758 [861.12it/s] RT 9s
INFO:synpp:car_passenger 8629 [862.08it/s] RT 10s
INFO:synpp:car_passenger 9497 [862.56it/s] RT 11s
INFO:synpp:Loading cache for data.od.distances__6469babfa67ac3ae15ee813afc2e1aed ...
INFO:synpp:Assigning work zones 1/48195 (0.00%) [55.48it/s] RT 0s ETA 14:28
INFO:synpp:Assigning work zones 118/48195 (0.24%) [115.37it/s] RT 1s ETA 06:56
INFO:synpp:Assigning work zones 234/48195 (0.49%) [115.48it/s] RT 2s ETA 06:55
INFO:synpp:Assigning work zones 347/48195 (0.72%) [111.48it/s] RT 3s ETA 07:09
INFO:synpp:Assigning work zones 443/48195 (0.92%) [106.56it/s] RT 4s ETA 07:28
INFO:synpp:Assigning work zones 539/48195 (1.12%) [104.50it/s] RT 5s ETA 07:36
INFO:synpp:Assigning work zones 642/48195 (1.33%) [104.19it/s] RT 6s ETA 07:36
INFO:synpp:Assigning work zones 745/48195 (1.55%) [103.90it/s] RT 7s ETA 07:36
INFO:synpp:Assigning work zones 843/48195 (1.75%) [102.05it/s] RT 8s ETA 07:44
INFO:synpp:Assigning work zones 940/48195 (1.95%) [101.49it/s] RT 9s ETA 07:45
INFO:synpp:Assigning work zones 1035/48195 (2.15%) [100.81it/s] RT 10s ETA 07:47
INFO:synpp:Assigning work zones 1135/48195 (2.36%) [100.70it/s] RT 11s ETA 07:47
INFO:synpp:Assigning work zones 1233/48195 (2.56%) [100.48it/s] RT 12s ETA 07:47
INFO:synpp:Assigning work zones 1335/48195 (2.77%) [100.53it/s] RT 13s ETA 07:46
INFO:synpp:Assigning work zones 1429/48195 (2.97%) [100.04it/s] RT 14s ETA 07:47
INFO:synpp:Assigning work zones 1525/48195 (3.16%) [99.40it/s] RT 15s ETA 07:49
INFO:synpp:Assigning work zones 1622/48195 (3.37%) [99.24it/s] RT 16s ETA 07:49
INFO:synpp:Assigning work zones 1723/48195 (3.58%) [99.33it/s] RT 17s ETA 07:47
INFO:synpp:Assigning work zones 1820/48195 (3.78%) [99.18it/s] RT 18s ETA 07:47
INFO:synpp:Assigning work zones 1921/48195 (3.99%) [99.23it/s] RT 19s ETA 07:46
INFO:synpp:Assigning work zones 2021/48195 (4.19%) [98.94it/s] RT 20s ETA 07:46
INFO:synpp:Assigning work zones 2122/48195 (4.40%) [99.01it/s] RT 21s ETA 07:45
INFO:synpp:Assigning work zones 2225/48195 (4.62%) [99.16it/s] RT 22s ETA 07:43
INFO:synpp:Assigning work zones 2322/48195 (4.82%) [99.05it/s] RT 23s ETA 07:43
INFO:synpp:Assigning work zones 2417/48195 (5.02%) [98.87it/s] RT 24s ETA 07:43
INFO:synpp:Assigning work zones 2514/48195 (5.22%) [98.77it/s] RT 25s ETA 07:42
INFO:synpp:Assigning work zones 2613/48195 (5.42%) [98.55it/s] RT 26s ETA 07:42
INFO:synpp:Assigning work zones 2709/48195 (5.62%) [98.46it/s] RT 27s ETA 07:41
INFO:synpp:Assigning work zones 2818/48195 (5.85%) [98.82it/s] RT 28s ETA 07:39
INFO:synpp:Assigning work zones 2932/48195 (6.08%) [99.32it/s] RT 29s ETA 07:35
INFO:synpp:Assigning work zones 3047/48195 (6.32%) [99.82it/s] RT 30s ETA 07:32
INFO:synpp:Assigning work zones 3171/48195 (6.58%) [100.42it/s] RT 31s ETA 07:28
INFO:synpp:Assigning work zones 3295/48195 (6.84%) [100.98it/s] RT 32s ETA 07:24
INFO:synpp:Assigning work zones 3419/48195 (7.09%) [101.51it/s] RT 33s ETA 07:21
INFO:synpp:Assigning work zones 3543/48195 (7.35%) [102.00it/s] RT 34s ETA 07:17
INFO:synpp:Assigning work zones 3667/48195 (7.61%) [102.48it/s] RT 35s ETA 07:14
INFO:synpp:Assigning work zones 3791/48195 (7.87%) [102.93it/s] RT 36s ETA 07:11
INFO:synpp:Assigning work zones 3915/48195 (8.12%) [103.35it/s] RT 37s ETA 07:08
INFO:synpp:Assigning work zones 4039/48195 (8.38%) [103.76it/s] RT 38s ETA 07:05
INFO:synpp:Assigning work zones 4163/48195 (8.64%) [104.13it/s] RT 39s ETA 07:02
INFO:synpp:Assigning work zones 4287/48195 (8.90%) [104.50it/s] RT 41s ETA 07:00
INFO:synpp:Assigning work zones 4411/48195 (9.15%) [104.84it/s] RT 42s ETA 06:57
INFO:synpp:Assigning work zones 4535/48195 (9.41%) [105.17it/s] RT 43s ETA 06:55
INFO:synpp:Assigning work zones 4659/48195 (9.67%) [105.47it/s] RT 44s ETA 06:52
INFO:synpp:Assigning work zones 4783/48195 (9.92%) [105.77it/s] RT 45s ETA 06:50
INFO:synpp:Assigning work zones 4907/48195 (10.18%) [106.04it/s] RT 46s ETA 06:48
INFO:synpp:Assigning work zones 5031/48195 (10.44%) [106.32it/s] RT 47s ETA 06:46
INFO:synpp:Assigning work zones 5155/48195 (10.70%) [106.56it/s] RT 48s ETA 06:43
INFO:synpp:Assigning work zones 5279/48195 (10.95%) [106.79it/s] RT 49s ETA 06:41
INFO:synpp:Assigning work zones 5403/48195 (11.21%) [107.02it/s] RT 50s ETA 06:39
INFO:synpp:Assigning work zones 5527/48195 (11.47%) [107.25it/s] RT 51s ETA 06:37
INFO:synpp:Assigning work zones 5651/48195 (11.73%) [107.45it/s] RT 52s ETA 06:35
INFO:synpp:Assigning work zones 5775/48195 (11.98%) [107.64it/s] RT 53s ETA 06:34
INFO:synpp:Assigning work zones 5899/48195 (12.24%) [107.84it/s] RT 54s ETA 06:32
INFO:synpp:Assigning work zones 6023/48195 (12.50%) [108.04it/s] RT 55s ETA 06:30
INFO:synpp:Assigning work zones 6147/48195 (12.75%) [108.22it/s] RT 56s ETA 06:28
INFO:synpp:Assigning work zones 6271/48195 (13.01%) [108.38it/s] RT 57s ETA 06:26
INFO:synpp:Assigning work zones 6395/48195 (13.27%) [108.53it/s] RT 58s ETA 06:25
INFO:synpp:Assigning work zones 6519/48195 (13.53%) [108.68it/s] RT 59s ETA 06:23
INFO:synpp:Assigning work zones 6643/48195 (13.78%) [108.82it/s] RT 01:01 ETA 06:21
INFO:synpp:Assigning work zones 6767/48195 (14.04%) [108.96it/s] RT 01:02 ETA 06:20
INFO:synpp:Assigning work zones 6891/48195 (14.30%) [109.09it/s] RT 01:03 ETA 06:18
INFO:synpp:Assigning work zones 7015/48195 (14.56%) [109.22it/s] RT 01:04 ETA 06:17
INFO:synpp:Assigning work zones 7139/48195 (14.81%) [109.33it/s] RT 01:05 ETA 06:15
INFO:synpp:Assigning work zones 7263/48195 (15.07%) [109.44it/s] RT 01:06 ETA 06:13
INFO:synpp:Assigning work zones 7387/48195 (15.33%) [109.57it/s] RT 01:07 ETA 06:12
INFO:synpp:Assigning work zones 7511/48195 (15.58%) [109.69it/s] RT 01:08 ETA 06:10
INFO:synpp:Assigning work zones 7635/48195 (15.84%) [109.80it/s] RT 01:09 ETA 06:09
INFO:synpp:Assigning work zones 7759/48195 (16.10%) [109.90it/s] RT 01:10 ETA 06:07
INFO:synpp:Assigning work zones 7883/48195 (16.36%) [110.01it/s] RT 01:11 ETA 06:06
INFO:synpp:Assigning work zones 8007/48195 (16.61%) [110.10it/s] RT 01:12 ETA 06:05
INFO:synpp:Assigning work zones 8131/48195 (16.87%) [110.20it/s] RT 01:13 ETA 06:03
INFO:synpp:Assigning work zones 8255/48195 (17.13%) [110.29it/s] RT 01:14 ETA 06:02
INFO:synpp:Assigning work zones 8379/48195 (17.39%) [110.39it/s] RT 01:15 ETA 06:00
INFO:synpp:Assigning work zones 8503/48195 (17.64%) [110.47it/s] RT 01:16 ETA 05:59
INFO:synpp:Assigning work zones 8627/48195 (17.90%) [110.56it/s] RT 01:18 ETA 05:57
INFO:synpp:Assigning work zones 8751/48195 (18.16%) [110.65it/s] RT 01:19 ETA 05:56
INFO:synpp:Assigning work zones 8875/48195 (18.41%) [110.73it/s] RT 01:20 ETA 05:55
INFO:synpp:Assigning work zones 8999/48195 (18.67%) [110.81it/s] RT 01:21 ETA 05:53
INFO:synpp:Assigning work zones 9123/48195 (18.93%) [110.90it/s] RT 01:22 ETA 05:52
INFO:synpp:Assigning work zones 9247/48195 (19.19%) [110.98it/s] RT 01:23 ETA 05:50
INFO:synpp:Assigning work zones 9371/48195 (19.44%) [111.06it/s] RT 01:24 ETA 05:49
INFO:synpp:Assigning work zones 9495/48195 (19.70%) [111.13it/s] RT 01:25 ETA 05:48
INFO:synpp:Assigning work zones 9619/48195 (19.96%) [111.19it/s] RT 01:26 ETA 05:46
INFO:synpp:Assigning work zones 9743/48195 (20.22%) [111.24it/s] RT 01:27 ETA 05:45
INFO:synpp:Assigning work zones 9867/48195 (20.47%) [111.30it/s] RT 01:28 ETA 05:44
INFO:synpp:Assigning work zones 9985/48195 (20.72%) [111.37it/s] RT 01:29 ETA 05:43
INFO:synpp:Assigning work zones 10081/48195 (20.92%) [111.14it/s] RT 01:30 ETA 05:42
INFO:synpp:Assigning work zones 10185/48195 (21.13%) [111.05it/s] RT 01:31 ETA 05:42
INFO:synpp:Assigning work zones 10295/48195 (21.36%) [111.04it/s] RT 01:32 ETA 05:41
INFO:synpp:Assigning work zones 10391/48195 (21.56%) [110.86it/s] RT 01:33 ETA 05:40
INFO:synpp:Assigning work zones 10497/48195 (21.78%) [110.81it/s] RT 01:34 ETA 05:40
INFO:synpp:Assigning work zones 10602/48195 (22.00%) [110.74it/s] RT 01:35 ETA 05:39
INFO:synpp:Assigning work zones 10701/48195 (22.20%) [110.57it/s] RT 01:36 ETA 05:39
INFO:synpp:Assigning work zones 10809/48195 (22.43%) [110.54it/s] RT 01:37 ETA 05:38
INFO:synpp:Assigning work zones 10913/48195 (22.64%) [110.47it/s] RT 01:38 ETA 05:37
INFO:synpp:Assigning work zones 11011/48195 (22.85%) [110.31it/s] RT 01:39 ETA 05:37
INFO:synpp:Assigning work zones 11117/48195 (23.07%) [110.26it/s] RT 01:40 ETA 05:36
INFO:synpp:Assigning work zones 11221/48195 (23.28%) [110.20it/s] RT 01:41 ETA 05:35
INFO:synpp:Assigning work zones 11321/48195 (23.49%) [110.05it/s] RT 01:42 ETA 05:35
INFO:synpp:Assigning work zones 11427/48195 (23.71%) [110.01it/s] RT 01:43 ETA 05:34
INFO:synpp:Assigning work zones 11534/48195 (23.93%) [109.97it/s] RT 01:44 ETA 05:33
INFO:synpp:Assigning work zones 11631/48195 (24.13%) [109.83it/s] RT 01:45 ETA 05:32
INFO:synpp:Assigning work zones 11739/48195 (24.36%) [109.81it/s] RT 01:46 ETA 05:31
INFO:synpp:Assigning work zones 11849/48195 (24.59%) [109.81it/s] RT 01:47 ETA 05:30
INFO:synpp:Assigning work zones 11943/48195 (24.78%) [109.66it/s] RT 01:48 ETA 05:30
INFO:synpp:Assigning work zones 12050/48195 (25.00%) [109.63it/s] RT 01:49 ETA 05:29
INFO:synpp:Assigning work zones 12153/48195 (25.22%) [109.57it/s] RT 01:50 ETA 05:28
INFO:synpp:Assigning work zones 12251/48195 (25.42%) [109.42it/s] RT 01:51 ETA 05:28
INFO:synpp:Assigning work zones 12348/48195 (25.62%) [109.31it/s] RT 01:52 ETA 05:27
INFO:synpp:Assigning work zones 12456/48195 (25.85%) [109.29it/s] RT 01:53 ETA 05:27
INFO:synpp:Assigning work zones 12570/48195 (26.08%) [109.33it/s] RT 01:54 ETA 05:25
INFO:synpp:Assigning work zones 12685/48195 (26.32%) [109.37it/s] RT 01:55 ETA 05:24
INFO:synpp:Assigning work zones 12809/48195 (26.58%) [109.44it/s] RT 01:57 ETA 05:23
INFO:synpp:Assigning work zones 12933/48195 (26.83%) [109.50it/s] RT 01:58 ETA 05:22
INFO:synpp:Assigning work zones 13057/48195 (27.09%) [109.57it/s] RT 01:59 ETA 05:20
INFO:synpp:Assigning work zones 13181/48195 (27.35%) [109.64it/s] RT 02:00 ETA 05:19
INFO:synpp:Assigning work zones 13305/48195 (27.61%) [109.69it/s] RT 02:01 ETA 05:18
INFO:synpp:Assigning work zones 13429/48195 (27.86%) [109.74it/s] RT 02:02 ETA 05:16
INFO:synpp:Assigning work zones 13553/48195 (28.12%) [109.79it/s] RT 02:03 ETA 05:15
INFO:synpp:Assigning work zones 13677/48195 (28.38%) [109.85it/s] RT 02:04 ETA 05:14
INFO:synpp:Assigning work zones 13801/48195 (28.64%) [109.91it/s] RT 02:05 ETA 05:12
INFO:synpp:Assigning work zones 13925/48195 (28.89%) [109.97it/s] RT 02:06 ETA 05:11
INFO:synpp:Assigning work zones 14049/48195 (29.15%) [110.02it/s] RT 02:07 ETA 05:10
INFO:synpp:Assigning work zones 14173/48195 (29.41%) [110.07it/s] RT 02:08 ETA 05:09
INFO:synpp:Assigning work zones 14297/48195 (29.66%) [110.13it/s] RT 02:09 ETA 05:07
INFO:synpp:Assigning work zones 14421/48195 (29.92%) [110.18it/s] RT 02:10 ETA 05:06
INFO:synpp:Assigning work zones 14545/48195 (30.18%) [110.24it/s] RT 02:11 ETA 05:05
INFO:synpp:Assigning work zones 14669/48195 (30.44%) [110.29it/s] RT 02:13 ETA 05:03
INFO:synpp:Assigning work zones 14793/48195 (30.69%) [110.33it/s] RT 02:14 ETA 05:02
INFO:synpp:Assigning work zones 14917/48195 (30.95%) [110.38it/s] RT 02:15 ETA 05:01
INFO:synpp:Assigning work zones 15041/48195 (31.21%) [110.43it/s] RT 02:16 ETA 05:00
INFO:synpp:Assigning work zones 15165/48195 (31.47%) [110.48it/s] RT 02:17 ETA 04:58
INFO:synpp:Assigning work zones 15289/48195 (31.72%) [110.52it/s] RT 02:18 ETA 04:57
INFO:synpp:Assigning work zones 15413/48195 (31.98%) [110.57it/s] RT 02:19 ETA 04:56
INFO:synpp:Assigning work zones 15537/48195 (32.24%) [110.62it/s] RT 02:20 ETA 04:55
INFO:synpp:Assigning work zones 15661/48195 (32.50%) [110.67it/s] RT 02:21 ETA 04:53
INFO:synpp:Assigning work zones 15785/48195 (32.75%) [110.71it/s] RT 02:22 ETA 04:52
INFO:synpp:Assigning work zones 15909/48195 (33.01%) [110.75it/s] RT 02:23 ETA 04:51
INFO:synpp:Assigning work zones 16033/48195 (33.27%) [110.80it/s] RT 02:24 ETA 04:50
INFO:synpp:Assigning work zones 16157/48195 (33.52%) [110.85it/s] RT 02:25 ETA 04:49
INFO:synpp:Assigning work zones 16281/48195 (33.78%) [110.90it/s] RT 02:26 ETA 04:47
INFO:synpp:Assigning work zones 16405/48195 (34.04%) [110.94it/s] RT 02:27 ETA 04:46
INFO:synpp:Assigning work zones 16529/48195 (34.30%) [110.98it/s] RT 02:28 ETA 04:45
INFO:synpp:Assigning work zones 16653/48195 (34.55%) [111.02it/s] RT 02:29 ETA 04:44
INFO:synpp:Assigning work zones 16777/48195 (34.81%) [111.07it/s] RT 02:31 ETA 04:42
INFO:synpp:Assigning work zones 16901/48195 (35.07%) [111.11it/s] RT 02:32 ETA 04:41
INFO:synpp:Assigning work zones 17025/48195 (35.33%) [111.14it/s] RT 02:33 ETA 04:40
INFO:synpp:Assigning work zones 17149/48195 (35.58%) [111.18it/s] RT 02:34 ETA 04:39
INFO:synpp:Assigning work zones 17273/48195 (35.84%) [111.22it/s] RT 02:35 ETA 04:38
INFO:synpp:Assigning work zones 17397/48195 (36.10%) [111.25it/s] RT 02:36 ETA 04:36
INFO:synpp:Assigning work zones 17521/48195 (36.35%) [111.29it/s] RT 02:37 ETA 04:35
INFO:synpp:Assigning work zones 17645/48195 (36.61%) [111.33it/s] RT 02:38 ETA 04:34
INFO:synpp:Assigning work zones 17769/48195 (36.87%) [111.36it/s] RT 02:39 ETA 04:33
INFO:synpp:Assigning work zones 17893/48195 (37.13%) [111.39it/s] RT 02:40 ETA 04:32
INFO:synpp:Assigning work zones 18017/48195 (37.38%) [111.43it/s] RT 02:41 ETA 04:30
INFO:synpp:Assigning work zones 18141/48195 (37.64%) [111.46it/s] RT 02:42 ETA 04:29
INFO:synpp:Assigning work zones 18265/48195 (37.90%) [111.49it/s] RT 02:43 ETA 04:28
INFO:synpp:Assigning work zones 18389/48195 (38.16%) [111.52it/s] RT 02:44 ETA 04:27
INFO:synpp:Assigning work zones 18513/48195 (38.41%) [111.55it/s] RT 02:45 ETA 04:26
INFO:synpp:Assigning work zones 18637/48195 (38.67%) [111.59it/s] RT 02:47 ETA 04:24
INFO:synpp:Assigning work zones 18761/48195 (38.93%) [111.62it/s] RT 02:48 ETA 04:23
INFO:synpp:Assigning work zones 18885/48195 (39.18%) [111.65it/s] RT 02:49 ETA 04:22
INFO:synpp:Assigning work zones 19009/48195 (39.44%) [111.68it/s] RT 02:50 ETA 04:21
INFO:synpp:Assigning work zones 19133/48195 (39.70%) [111.72it/s] RT 02:51 ETA 04:20
INFO:synpp:Assigning work zones 19257/48195 (39.96%) [111.75it/s] RT 02:52 ETA 04:18
INFO:synpp:Assigning work zones 19381/48195 (40.21%) [111.78it/s] RT 02:53 ETA 04:17
INFO:synpp:Assigning work zones 19505/48195 (40.47%) [111.81it/s] RT 02:54 ETA 04:16
INFO:synpp:Assigning work zones 19625/48195 (40.72%) [111.85it/s] RT 02:55 ETA 04:15
INFO:synpp:Assigning work zones 19725/48195 (40.93%) [111.76it/s] RT 02:56 ETA 04:14
INFO:synpp:Assigning work zones 19834/48195 (41.15%) [111.74it/s] RT 02:57 ETA 04:13
INFO:synpp:Assigning work zones 19939/48195 (41.37%) [111.68it/s] RT 02:58 ETA 04:13
INFO:synpp:Assigning work zones 20050/48195 (41.60%) [111.67it/s] RT 02:59 ETA 04:12
INFO:synpp:Assigning work zones 20159/48195 (41.83%) [111.60it/s] RT 03:00 ETA 04:11
INFO:synpp:Assigning work zones 20267/48195 (42.05%) [111.58it/s] RT 03:01 ETA 04:10
INFO:synpp:Assigning work zones 20373/48195 (42.27%) [111.52it/s] RT 03:02 ETA 04:09
INFO:synpp:Assigning work zones 20483/48195 (42.50%) [111.51it/s] RT 03:03 ETA 04:08
INFO:synpp:Assigning work zones 20593/48195 (42.73%) [111.45it/s] RT 03:04 ETA 04:07
INFO:synpp:Assigning work zones 20701/48195 (42.95%) [111.43it/s] RT 03:05 ETA 04:06
INFO:synpp:Assigning work zones 20807/48195 (43.17%) [111.37it/s] RT 03:06 ETA 04:05
INFO:synpp:Assigning work zones 20915/48195 (43.40%) [111.35it/s] RT 03:07 ETA 04:04
INFO:synpp:Assigning work zones 21024/48195 (43.62%) [111.34it/s] RT 03:08 ETA 04:04
INFO:synpp:Assigning work zones 21121/48195 (43.82%) [111.26it/s] RT 03:09 ETA 04:03
INFO:synpp:Assigning work zones 21229/48195 (44.05%) [111.24it/s] RT 03:10 ETA 04:02
INFO:synpp:Assigning work zones 21337/48195 (44.27%) [111.19it/s] RT 03:11 ETA 04:01
INFO:synpp:Assigning work zones 21448/48195 (44.50%) [111.19it/s] RT 03:12 ETA 04:00
INFO:synpp:Assigning work zones 21551/48195 (44.72%) [111.14it/s] RT 03:13 ETA 03:59
INFO:synpp:Assigning work zones 21661/48195 (44.94%) [111.13it/s] RT 03:14 ETA 03:58
INFO:synpp:Assigning work zones 21770/48195 (45.17%) [111.12it/s] RT 03:15 ETA 03:57
INFO:synpp:Assigning work zones 21867/48195 (45.37%) [111.05it/s] RT 03:16 ETA 03:57
INFO:synpp:Assigning work zones 21971/48195 (45.59%) [111.01it/s] RT 03:17 ETA 03:56
INFO:synpp:Assigning work zones 22081/48195 (45.82%) [110.96it/s] RT 03:18 ETA 03:55
INFO:synpp:Assigning work zones 22205/48195 (46.07%) [111.00it/s] RT 03:20 ETA 03:54
INFO:synpp:Assigning work zones 22329/48195 (46.33%) [111.03it/s] RT 03:21 ETA 03:52
INFO:synpp:Assigning work zones 22453/48195 (46.59%) [111.06it/s] RT 03:22 ETA 03:51
INFO:synpp:Assigning work zones 22577/48195 (46.85%) [111.09it/s] RT 03:23 ETA 03:50
INFO:synpp:Assigning work zones 22701/48195 (47.10%) [111.12it/s] RT 03:24 ETA 03:49
INFO:synpp:Assigning work zones 22825/48195 (47.36%) [111.14it/s] RT 03:25 ETA 03:48
INFO:synpp:Assigning work zones 22949/48195 (47.62%) [111.17it/s] RT 03:26 ETA 03:47
INFO:synpp:Assigning work zones 23073/48195 (47.87%) [111.20it/s] RT 03:27 ETA 03:45
INFO:synpp:Assigning work zones 23197/48195 (48.13%) [111.23it/s] RT 03:28 ETA 03:44
INFO:synpp:Assigning work zones 23321/48195 (48.39%) [111.26it/s] RT 03:29 ETA 03:43
INFO:synpp:Assigning work zones 23445/48195 (48.65%) [111.29it/s] RT 03:30 ETA 03:42
INFO:synpp:Assigning work zones 23569/48195 (48.90%) [111.32it/s] RT 03:31 ETA 03:41
INFO:synpp:Assigning work zones 23693/48195 (49.16%) [111.35it/s] RT 03:32 ETA 03:40
INFO:synpp:Assigning work zones 23817/48195 (49.42%) [111.37it/s] RT 03:33 ETA 03:38
INFO:synpp:Assigning work zones 23941/48195 (49.68%) [111.40it/s] RT 03:34 ETA 03:37
INFO:synpp:Assigning work zones 24065/48195 (49.93%) [111.43it/s] RT 03:35 ETA 03:36
INFO:synpp:Assigning work zones 24189/48195 (50.19%) [111.46it/s] RT 03:37 ETA 03:35
INFO:synpp:Assigning work zones 24313/48195 (50.45%) [111.48it/s] RT 03:38 ETA 03:34
INFO:synpp:Assigning work zones 24437/48195 (50.70%) [111.51it/s] RT 03:39 ETA 03:33
INFO:synpp:Assigning work zones 24561/48195 (50.96%) [111.54it/s] RT 03:40 ETA 03:31
INFO:synpp:Assigning work zones 24685/48195 (51.22%) [111.56it/s] RT 03:41 ETA 03:30
INFO:synpp:Assigning work zones 24809/48195 (51.48%) [111.59it/s] RT 03:42 ETA 03:29
INFO:synpp:Assigning work zones 24933/48195 (51.73%) [111.62it/s] RT 03:43 ETA 03:28
INFO:synpp:Assigning work zones 25057/48195 (51.99%) [111.64it/s] RT 03:44 ETA 03:27
INFO:synpp:Assigning work zones 25181/48195 (52.25%) [111.67it/s] RT 03:45 ETA 03:26
INFO:synpp:Assigning work zones 25305/48195 (52.51%) [111.69it/s] RT 03:46 ETA 03:24
INFO:synpp:Assigning work zones 25429/48195 (52.76%) [111.72it/s] RT 03:47 ETA 03:23
INFO:synpp:Assigning work zones 25553/48195 (53.02%) [111.74it/s] RT 03:48 ETA 03:22
INFO:synpp:Assigning work zones 25677/48195 (53.28%) [111.76it/s] RT 03:49 ETA 03:21
INFO:synpp:Assigning work zones 25801/48195 (53.53%) [111.79it/s] RT 03:50 ETA 03:20
INFO:synpp:Assigning work zones 25925/48195 (53.79%) [111.81it/s] RT 03:51 ETA 03:19
INFO:synpp:Assigning work zones 26049/48195 (54.05%) [111.83it/s] RT 03:52 ETA 03:18
INFO:synpp:Assigning work zones 26173/48195 (54.31%) [111.86it/s] RT 03:53 ETA 03:16
INFO:synpp:Assigning work zones 26297/48195 (54.56%) [111.88it/s] RT 03:55 ETA 03:15
INFO:synpp:Assigning work zones 26421/48195 (54.82%) [111.90it/s] RT 03:56 ETA 03:14
INFO:synpp:Assigning work zones 26545/48195 (55.08%) [111.93it/s] RT 03:57 ETA 03:13
INFO:synpp:Assigning work zones 26669/48195 (55.34%) [111.94it/s] RT 03:58 ETA 03:12
INFO:synpp:Assigning work zones 26793/48195 (55.59%) [111.97it/s] RT 03:59 ETA 03:11
INFO:synpp:Assigning work zones 26917/48195 (55.85%) [111.99it/s] RT 04:00 ETA 03:10
INFO:synpp:Assigning work zones 27041/48195 (56.11%) [112.01it/s] RT 04:01 ETA 03:08
INFO:synpp:Assigning work zones 27165/48195 (56.36%) [112.03it/s] RT 04:02 ETA 03:07
INFO:synpp:Assigning work zones 27289/48195 (56.62%) [112.05it/s] RT 04:03 ETA 03:06
INFO:synpp:Assigning work zones 27413/48195 (56.88%) [112.07it/s] RT 04:04 ETA 03:05
INFO:synpp:Assigning work zones 27537/48195 (57.14%) [112.09it/s] RT 04:05 ETA 03:04
INFO:synpp:Assigning work zones 27661/48195 (57.39%) [112.11it/s] RT 04:06 ETA 03:03
INFO:synpp:Assigning work zones 27785/48195 (57.65%) [112.13it/s] RT 04:07 ETA 03:02
INFO:synpp:Assigning work zones 27909/48195 (57.91%) [112.16it/s] RT 04:08 ETA 03:00
INFO:synpp:Assigning work zones 28033/48195 (58.17%) [112.18it/s] RT 04:09 ETA 02:59
INFO:synpp:Assigning work zones 28157/48195 (58.42%) [112.19it/s] RT 04:10 ETA 02:58
INFO:synpp:Assigning work zones 28281/48195 (58.68%) [112.22it/s] RT 04:12 ETA 02:57
INFO:synpp:Assigning work zones 28405/48195 (58.94%) [112.24it/s] RT 04:13 ETA 02:56
INFO:synpp:Assigning work zones 28529/48195 (59.19%) [112.26it/s] RT 04:14 ETA 02:55
INFO:synpp:Assigning work zones 28653/48195 (59.45%) [112.28it/s] RT 04:15 ETA 02:54
INFO:synpp:Assigning work zones 28777/48195 (59.71%) [112.30it/s] RT 04:16 ETA 02:52
INFO:synpp:Assigning work zones 28901/48195 (59.97%) [112.32it/s] RT 04:17 ETA 02:51
INFO:synpp:Assigning work zones 29025/48195 (60.22%) [112.33it/s] RT 04:18 ETA 02:50
INFO:synpp:Assigning work zones 29149/48195 (60.48%) [112.35it/s] RT 04:19 ETA 02:49
INFO:synpp:Assigning work zones 29267/48195 (60.73%) [112.37it/s] RT 04:20 ETA 02:48
INFO:synpp:Assigning work zones 29363/48195 (60.93%) [112.30it/s] RT 04:21 ETA 02:47
INFO:synpp:Assigning work zones 29470/48195 (61.15%) [112.28it/s] RT 04:22 ETA 02:46
INFO:synpp:Assigning work zones 29579/48195 (61.37%) [112.26it/s] RT 04:23 ETA 02:45
INFO:synpp:Assigning work zones 29674/48195 (61.57%) [112.20it/s] RT 04:24 ETA 02:45
INFO:synpp:Assigning work zones 29780/48195 (61.79%) [112.17it/s] RT 04:25 ETA 02:44
INFO:synpp:Assigning work zones 29885/48195 (62.01%) [112.14it/s] RT 04:26 ETA 02:43
INFO:synpp:Assigning work zones 29983/48195 (62.21%) [112.08it/s] RT 04:27 ETA 02:42
INFO:synpp:Assigning work zones 30092/48195 (62.44%) [112.06it/s] RT 04:28 ETA 02:41
INFO:synpp:Assigning work zones 30198/48195 (62.66%) [112.04it/s] RT 04:29 ETA 02:40
INFO:synpp:Assigning work zones 30293/48195 (62.86%) [111.97it/s] RT 04:30 ETA 02:39
INFO:synpp:Assigning work zones 30400/48195 (63.08%) [111.95it/s] RT 04:31 ETA 02:38
INFO:synpp:Assigning work zones 30507/48195 (63.30%) [111.93it/s] RT 04:32 ETA 02:38
INFO:synpp:Assigning work zones 30603/48195 (63.50%) [111.87it/s] RT 04:33 ETA 02:37
INFO:synpp:Assigning work zones 30710/48195 (63.72%) [111.85it/s] RT 04:34 ETA 02:36
INFO:synpp:Assigning work zones 30816/48195 (63.94%) [111.83it/s] RT 04:35 ETA 02:35
INFO:synpp:Assigning work zones 30913/48195 (64.14%) [111.77it/s] RT 04:36 ETA 02:34
INFO:synpp:Assigning work zones 31021/48195 (64.37%) [111.75it/s] RT 04:37 ETA 02:33
INFO:synpp:Assigning work zones 31131/48195 (64.59%) [111.75it/s] RT 04:38 ETA 02:32
INFO:synpp:Assigning work zones 31227/48195 (64.79%) [111.69it/s] RT 04:39 ETA 02:31
INFO:synpp:Assigning work zones 31333/48195 (65.01%) [111.67it/s] RT 04:40 ETA 02:31
INFO:synpp:Assigning work zones 31440/48195 (65.23%) [111.65it/s] RT 04:41 ETA 02:30
INFO:synpp:Assigning work zones 31533/48195 (65.43%) [111.58it/s] RT 04:42 ETA 02:29
INFO:synpp:Assigning work zones 31634/48195 (65.64%) [111.54it/s] RT 04:43 ETA 02:28
INFO:synpp:Assigning work zones 31748/48195 (65.87%) [111.55it/s] RT 04:44 ETA 02:27
INFO:synpp:Assigning work zones 31862/48195 (66.11%) [111.56it/s] RT 04:45 ETA 02:26
INFO:synpp:Assigning work zones 31976/48195 (66.35%) [111.57it/s] RT 04:46 ETA 02:25
INFO:synpp:Assigning work zones 32091/48195 (66.59%) [111.58it/s] RT 04:47 ETA 02:24
INFO:synpp:Assigning work zones 32215/48195 (66.84%) [111.60it/s] RT 04:48 ETA 02:23
INFO:synpp:Assigning work zones 32339/48195 (67.10%) [111.61it/s] RT 04:49 ETA 02:22
INFO:synpp:Assigning work zones 32463/48195 (67.36%) [111.63it/s] RT 04:50 ETA 02:20
INFO:synpp:Assigning work zones 32587/48195 (67.61%) [111.65it/s] RT 04:51 ETA 02:19
INFO:synpp:Assigning work zones 32711/48195 (67.87%) [111.67it/s] RT 04:52 ETA 02:18
INFO:synpp:Assigning work zones 32835/48195 (68.13%) [111.68it/s] RT 04:54 ETA 02:17
INFO:synpp:Assigning work zones 32959/48195 (68.39%) [111.70it/s] RT 04:55 ETA 02:16
INFO:synpp:Assigning work zones 33083/48195 (68.64%) [111.72it/s] RT 04:56 ETA 02:15
INFO:synpp:Assigning work zones 33207/48195 (68.90%) [111.74it/s] RT 04:57 ETA 02:14
INFO:synpp:Assigning work zones 33331/48195 (69.16%) [111.76it/s] RT 04:58 ETA 02:13
INFO:synpp:Assigning work zones 33455/48195 (69.42%) [111.77it/s] RT 04:59 ETA 02:11
INFO:synpp:Assigning work zones 33579/48195 (69.67%) [111.79it/s] RT 05:00 ETA 02:10
INFO:synpp:Assigning work zones 33703/48195 (69.93%) [111.80it/s] RT 05:01 ETA 02:09
INFO:synpp:Assigning work zones 33827/48195 (70.19%) [111.82it/s] RT 05:02 ETA 02:08
INFO:synpp:Assigning work zones 33951/48195 (70.45%) [111.84it/s] RT 05:03 ETA 02:07
INFO:synpp:Assigning work zones 34075/48195 (70.70%) [111.85it/s] RT 05:04 ETA 02:06
INFO:synpp:Assigning work zones 34199/48195 (70.96%) [111.87it/s] RT 05:05 ETA 02:05
INFO:synpp:Assigning work zones 34323/48195 (71.22%) [111.88it/s] RT 05:06 ETA 02:03
INFO:synpp:Assigning work zones 34447/48195 (71.47%) [111.90it/s] RT 05:07 ETA 02:02
INFO:synpp:Assigning work zones 34571/48195 (71.73%) [111.92it/s] RT 05:08 ETA 02:01
INFO:synpp:Assigning work zones 34695/48195 (71.99%) [111.93it/s] RT 05:09 ETA 02:00
INFO:synpp:Assigning work zones 34819/48195 (72.25%) [111.95it/s] RT 05:11 ETA 01:59
INFO:synpp:Assigning work zones 34943/48195 (72.50%) [111.96it/s] RT 05:12 ETA 01:58
INFO:synpp:Assigning work zones 35067/48195 (72.76%) [111.98it/s] RT 05:13 ETA 01:57
INFO:synpp:Assigning work zones 35191/48195 (73.02%) [111.99it/s] RT 05:14 ETA 01:56
INFO:synpp:Assigning work zones 35315/48195 (73.28%) [112.00it/s] RT 05:15 ETA 01:55
INFO:synpp:Assigning work zones 35439/48195 (73.53%) [112.01it/s] RT 05:16 ETA 01:53
INFO:synpp:Assigning work zones 35563/48195 (73.79%) [112.02it/s] RT 05:17 ETA 01:52
INFO:synpp:Assigning work zones 35687/48195 (74.05%) [112.04it/s] RT 05:18 ETA 01:51
INFO:synpp:Assigning work zones 35811/48195 (74.30%) [112.05it/s] RT 05:19 ETA 01:50
INFO:synpp:Assigning work zones 35935/48195 (74.56%) [112.06it/s] RT 05:20 ETA 01:49
INFO:synpp:Assigning work zones 36059/48195 (74.82%) [112.08it/s] RT 05:21 ETA 01:48
INFO:synpp:Assigning work zones 36183/48195 (75.08%) [112.09it/s] RT 05:22 ETA 01:47
INFO:synpp:Assigning work zones 36307/48195 (75.33%) [112.11it/s] RT 05:23 ETA 01:46
INFO:synpp:Assigning work zones 36431/48195 (75.59%) [112.12it/s] RT 05:24 ETA 01:44
INFO:synpp:Assigning work zones 36555/48195 (75.85%) [112.14it/s] RT 05:25 ETA 01:43
INFO:synpp:Assigning work zones 36679/48195 (76.11%) [112.15it/s] RT 05:27 ETA 01:42
INFO:synpp:Assigning work zones 36803/48195 (76.36%) [112.16it/s] RT 05:28 ETA 01:41
INFO:synpp:Assigning work zones 36927/48195 (76.62%) [112.18it/s] RT 05:29 ETA 01:40
INFO:synpp:Assigning work zones 37051/48195 (76.88%) [112.19it/s] RT 05:30 ETA 01:39
INFO:synpp:Assigning work zones 37175/48195 (77.13%) [112.20it/s] RT 05:31 ETA 01:38
INFO:synpp:Assigning work zones 37299/48195 (77.39%) [112.22it/s] RT 05:32 ETA 01:37
INFO:synpp:Assigning work zones 37423/48195 (77.65%) [112.23it/s] RT 05:33 ETA 01:35
INFO:synpp:Assigning work zones 37547/48195 (77.91%) [112.25it/s] RT 05:34 ETA 01:34
INFO:synpp:Assigning work zones 37671/48195 (78.16%) [112.26it/s] RT 05:35 ETA 01:33
INFO:synpp:Assigning work zones 37795/48195 (78.42%) [112.27it/s] RT 05:36 ETA 01:32
INFO:synpp:Assigning work zones 37919/48195 (78.68%) [112.28it/s] RT 05:37 ETA 01:31
INFO:synpp:Assigning work zones 38043/48195 (78.94%) [112.30it/s] RT 05:38 ETA 01:30
INFO:synpp:Assigning work zones 38167/48195 (79.19%) [112.31it/s] RT 05:39 ETA 01:29
INFO:synpp:Assigning work zones 38291/48195 (79.45%) [112.32it/s] RT 05:40 ETA 01:28
INFO:synpp:Assigning work zones 38415/48195 (79.71%) [112.33it/s] RT 05:41 ETA 01:27
INFO:synpp:Assigning work zones 38539/48195 (79.96%) [112.35it/s] RT 05:43 ETA 01:25
INFO:synpp:Assigning work zones 38663/48195 (80.22%) [112.35it/s] RT 05:44 ETA 01:24
INFO:synpp:Assigning work zones 38787/48195 (80.48%) [112.36it/s] RT 05:45 ETA 01:23
INFO:synpp:Assigning work zones 38905/48195 (80.72%) [112.38it/s] RT 05:46 ETA 01:22
INFO:synpp:Assigning work zones 39007/48195 (80.94%) [112.33it/s] RT 05:47 ETA 01:21
INFO:synpp:Assigning work zones 39118/48195 (81.17%) [112.33it/s] RT 05:48 ETA 01:20
INFO:synpp:Assigning work zones 39221/48195 (81.38%) [112.29it/s] RT 05:49 ETA 01:19
INFO:synpp:Assigning work zones 39333/48195 (81.61%) [112.29it/s] RT 05:50 ETA 01:18
INFO:synpp:Assigning work zones 39441/48195 (81.84%) [112.25it/s] RT 05:51 ETA 01:17
INFO:synpp:Assigning work zones 39549/48195 (82.06%) [112.24it/s] RT 05:52 ETA 01:17
INFO:synpp:Assigning work zones 39655/48195 (82.28%) [112.20it/s] RT 05:53 ETA 01:16
INFO:synpp:Assigning work zones 39765/48195 (82.51%) [112.19it/s] RT 05:54 ETA 01:15
INFO:synpp:Assigning work zones 39875/48195 (82.74%) [112.16it/s] RT 05:55 ETA 01:14
INFO:synpp:Assigning work zones 39981/48195 (82.96%) [112.14it/s] RT 05:56 ETA 01:13
INFO:synpp:Assigning work zones 40089/48195 (83.18%) [112.11it/s] RT 05:57 ETA 01:12
INFO:synpp:Assigning work zones 40196/48195 (83.40%) [112.09it/s] RT 05:58 ETA 01:11
INFO:synpp:Assigning work zones 40306/48195 (83.63%) [112.09it/s] RT 05:59 ETA 01:10
INFO:synpp:Assigning work zones 40400/48195 (83.83%) [112.04it/s] RT 06:00 ETA 01:09
INFO:synpp:Assigning work zones 40511/48195 (84.06%) [112.03it/s] RT 06:01 ETA 01:08
INFO:synpp:Assigning work zones 40619/48195 (84.28%) [112.00it/s] RT 06:02 ETA 01:07
INFO:synpp:Assigning work zones 40733/48195 (84.52%) [112.01it/s] RT 06:03 ETA 01:06
INFO:synpp:Assigning work zones 40834/48195 (84.73%) [111.98it/s] RT 06:04 ETA 01:05
INFO:synpp:Assigning work zones 40946/48195 (84.96%) [111.98it/s] RT 06:05 ETA 01:04
INFO:synpp:Assigning work zones 41053/48195 (85.18%) [111.94it/s] RT 06:06 ETA 01:03
INFO:synpp:Assigning work zones 41165/48195 (85.41%) [111.94it/s] RT 06:07 ETA 01:02
INFO:synpp:Assigning work zones 41267/48195 (85.63%) [111.90it/s] RT 06:08 ETA 01:01
INFO:synpp:Assigning work zones 41386/48195 (85.87%) [111.92it/s] RT 06:09 ETA 01:00
INFO:synpp:Assigning work zones 41499/48195 (86.11%) [111.92it/s] RT 06:10 ETA 59s
INFO:synpp:Assigning work zones 41612/48195 (86.34%) [111.92it/s] RT 06:11 ETA 58s
INFO:synpp:Assigning work zones 41735/48195 (86.60%) [111.94it/s] RT 06:12 ETA 57s
INFO:synpp:Assigning work zones 41859/48195 (86.85%) [111.95it/s] RT 06:13 ETA 56s
INFO:synpp:Assigning work zones 41983/48195 (87.11%) [111.96it/s] RT 06:14 ETA 55s
INFO:synpp:Assigning work zones 42107/48195 (87.37%) [111.98it/s] RT 06:16 ETA 54s
INFO:synpp:Assigning work zones 42231/48195 (87.63%) [111.99it/s] RT 06:17 ETA 53s
INFO:synpp:Assigning work zones 42355/48195 (87.88%) [112.00it/s] RT 06:18 ETA 52s
INFO:synpp:Assigning work zones 42479/48195 (88.14%) [112.02it/s] RT 06:19 ETA 51s
INFO:synpp:Assigning work zones 42603/48195 (88.40%) [112.03it/s] RT 06:20 ETA 49s
INFO:synpp:Assigning work zones 42727/48195 (88.65%) [112.04it/s] RT 06:21 ETA 48s
INFO:synpp:Assigning work zones 42851/48195 (88.91%) [112.06it/s] RT 06:22 ETA 47s
INFO:synpp:Assigning work zones 42975/48195 (89.17%) [112.07it/s] RT 06:23 ETA 46s
INFO:synpp:Assigning work zones 43099/48195 (89.43%) [112.08it/s] RT 06:24 ETA 45s
INFO:synpp:Assigning work zones 43223/48195 (89.68%) [112.09it/s] RT 06:25 ETA 44s
INFO:synpp:Assigning work zones 43347/48195 (89.94%) [112.11it/s] RT 06:26 ETA 43s
INFO:synpp:Assigning work zones 43471/48195 (90.20%) [112.12it/s] RT 06:27 ETA 42s
INFO:synpp:Assigning work zones 43595/48195 (90.46%) [112.13it/s] RT 06:28 ETA 41s
INFO:synpp:Assigning work zones 43719/48195 (90.71%) [112.15it/s] RT 06:29 ETA 39s
INFO:synpp:Assigning work zones 43843/48195 (90.97%) [112.16it/s] RT 06:30 ETA 38s
INFO:synpp:Assigning work zones 43967/48195 (91.23%) [112.17it/s] RT 06:31 ETA 37s
INFO:synpp:Assigning work zones 44091/48195 (91.48%) [112.18it/s] RT 06:33 ETA 36s
INFO:synpp:Assigning work zones 44215/48195 (91.74%) [112.20it/s] RT 06:34 ETA 35s
INFO:synpp:Assigning work zones 44339/48195 (92.00%) [112.21it/s] RT 06:35 ETA 34s
INFO:synpp:Assigning work zones 44463/48195 (92.26%) [112.22it/s] RT 06:36 ETA 33s
INFO:synpp:Assigning work zones 44587/48195 (92.51%) [112.23it/s] RT 06:37 ETA 32s
INFO:synpp:Assigning work zones 44711/48195 (92.77%) [112.24it/s] RT 06:38 ETA 31s
INFO:synpp:Assigning work zones 44835/48195 (93.03%) [112.25it/s] RT 06:39 ETA 29s
INFO:synpp:Assigning work zones 44959/48195 (93.29%) [112.27it/s] RT 06:40 ETA 28s
INFO:synpp:Assigning work zones 45083/48195 (93.54%) [112.28it/s] RT 06:41 ETA 27s
INFO:synpp:Assigning work zones 45207/48195 (93.80%) [112.29it/s] RT 06:42 ETA 26s
INFO:synpp:Assigning work zones 45331/48195 (94.06%) [112.30it/s] RT 06:43 ETA 25s
INFO:synpp:Assigning work zones 45455/48195 (94.31%) [112.32it/s] RT 06:44 ETA 24s
INFO:synpp:Assigning work zones 45579/48195 (94.57%) [112.33it/s] RT 06:45 ETA 23s
INFO:synpp:Assigning work zones 45703/48195 (94.83%) [112.34it/s] RT 06:46 ETA 22s
INFO:synpp:Assigning work zones 45827/48195 (95.09%) [112.35it/s] RT 06:47 ETA 21s
INFO:synpp:Assigning work zones 45951/48195 (95.34%) [112.36it/s] RT 06:48 ETA 19s
INFO:synpp:Assigning work zones 46075/48195 (95.60%) [112.37it/s] RT 06:50 ETA 18s
INFO:synpp:Assigning work zones 46199/48195 (95.86%) [112.39it/s] RT 06:51 ETA 17s
INFO:synpp:Assigning work zones 46323/48195 (96.12%) [112.40it/s] RT 06:52 ETA 16s
INFO:synpp:Assigning work zones 46447/48195 (96.37%) [112.41it/s] RT 06:53 ETA 15s
INFO:synpp:Assigning work zones 46571/48195 (96.63%) [112.42it/s] RT 06:54 ETA 14s
INFO:synpp:Assigning work zones 46695/48195 (96.89%) [112.43it/s] RT 06:55 ETA 13s
INFO:synpp:Assigning work zones 46819/48195 (97.14%) [112.44it/s] RT 06:56 ETA 12s
INFO:synpp:Assigning work zones 46943/48195 (97.40%) [112.46it/s] RT 06:57 ETA 11s
INFO:synpp:Assigning work zones 47067/48195 (97.66%) [112.47it/s] RT 06:58 ETA 10s
INFO:synpp:Assigning work zones 47191/48195 (97.92%) [112.48it/s] RT 06:59 ETA 8s
INFO:synpp:Assigning work zones 47315/48195 (98.17%) [112.49it/s] RT 07:00 ETA 7s
INFO:synpp:Assigning work zones 47439/48195 (98.43%) [112.50it/s] RT 07:01 ETA 6s
INFO:synpp:Assigning work zones 47563/48195 (98.69%) [112.51it/s] RT 07:02 ETA 5s
INFO:synpp:Assigning work zones 47687/48195 (98.95%) [112.52it/s] RT 07:03 ETA 4s
INFO:synpp:Assigning work zones 47811/48195 (99.20%) [112.53it/s] RT 07:04 ETA 3s
INFO:synpp:Assigning work zones 47935/48195 (99.46%) [112.54it/s] RT 07:05 ETA 2s
INFO:synpp:Assigning work zones 48059/48195 (99.72%) [112.55it/s] RT 07:06 ETA 1s
INFO:synpp:Assigning work zones 48183/48195 (99.98%) [112.56it/s] RT 07:08 ETA 0s
INFO:synpp:Assigning work zones 48195/48195 (100.00%) [112.57it/s] RT 07:08 ETA 0s
INFO:synpp:Writing cache for synthesis.population.spatial.primary.work.zones__adc70cca02d3f6f4b0d713711368cc67
INFO:synpp:Finished running synthesis.population.spatial.primary.work.zones__adc70cca02d3f6f4b0d713711368cc67.
INFO:synpp:Pipeline progress: 15/28 (53.57%)
INFO:synpp:Executing stage synthesis.population.activities__adc70cca02d3f6f4b0d713711368cc67 ...
INFO:synpp:Loading cache for synthesis.population.trips__adc70cca02d3f6f4b0d713711368cc67 ...
INFO:synpp:Loading cache for synthesis.population.enriched__adc70cca02d3f6f4b0d713711368cc67 ...
INFO:synpp:Writing cache for synthesis.population.activities__adc70cca02d3f6f4b0d713711368cc67
INFO:synpp:Finished running synthesis.population.activities__adc70cca02d3f6f4b0d713711368cc67.
INFO:synpp:Pipeline progress: 16/28 (57.14%)
INFO:synpp:Executing stage matsim.scenario.network.convert_gtfs__70db7af60399f017bc84a6b85b33a99b ...
INFO:synpp:Loading cache for synthesis.population.spatial.home.locations__adc70cca02d3f6f4b0d713711368cc67 ...
INFO:synpp:Loading cache for matsim.runtime.pt2matsim__d7a3f0877e8a6f399376f6c0bd490a0a ...
INFO:synpp:Loading cache for matsim.runtime.java__c4d37124447ac502efe91a2d7f80c3a8 ...
WARNING: sun.reflect.Reflection.getCallerClass is not supported. This will impact performance.
2025-04-14T10:41:34,975  INFO GtfsFeedImpl:137 Loading GTFS files from /cluster/scratch/asallard/eqasim/test_pt_routing/cache/data.gtfs.cleaned__1a09b2e95e2fb91a6a253213ca538501.cache/output/
2025-04-14T10:41:34,976  INFO GtfsFeedImpl:192 Loading stops.txt
2025-04-14T10:41:35,149  INFO GtfsFeedImpl:229 ...     stops.txt loaded
2025-04-14T10:41:35,149  INFO GtfsFeedImpl:242 Loading calendar.txt
2025-04-14T10:41:35,516  INFO GtfsFeedImpl:272 ...     calendar.txt loaded
2025-04-14T10:41:35,517  INFO GtfsFeedImpl:286 Looking for calendar_dates.txt
2025-04-14T10:41:36,625  INFO GtfsFeedImpl:318 ...     calendar_dates.txt loaded
2025-04-14T10:41:36,625  INFO GtfsFeedImpl:337 Looking for shapes.txt
2025-04-14T10:41:36,626  INFO GtfsFeedImpl:364 ...     no shapes file found.
2025-04-14T10:41:36,626  INFO GtfsFeedImpl:380 Loading routes.txt
2025-04-14T10:41:36,647  INFO GtfsFeedImpl:411 ...     routes.txt loaded
2025-04-14T10:41:36,647  INFO GtfsFeedImpl:427 Loading trips.txt
2025-04-14T10:41:38,372  INFO GtfsFeedImpl:471 ...     trips.txt loaded
2025-04-14T10:41:38,372  INFO GtfsFeedImpl:484 Loading stop_times.txt
2025-04-14T10:41:52,238  INFO GtfsFeedImpl:556 ...     stop_times.txt loaded
2025-04-14T10:41:52,238  INFO GtfsFeedImpl:567 Looking for frequencies.txt
2025-04-14T10:41:52,238  INFO GtfsFeedImpl:604 ...     no frequencies file found
2025-04-14T10:41:52,238  INFO GtfsFeedImpl:613 Looking for transfers.txt
2025-04-14T10:41:52,302  INFO GtfsFeedImpl:654 ...     transfers.txt loaded
2025-04-14T10:41:52,302  INFO GtfsFeedImpl:166 All files loaded
2025-04-14T10:41:52,306  INFO Config:572 setting context to [file:/cluster/scratch/asallard/eqasim/test_pt_routing/cache/matsim.scenario.network.convert_gtfs__70db7af60399f017bc84a6b85b33a99b.cache/]
2025-04-14T10:41:52,343  INFO Version:21 HV000001: Hibernate Validator null
2025-04-14T10:41:52,435  INFO Config:572 setting context to [file:/cluster/scratch/asallard/eqasim/test_pt_routing/cache/matsim.scenario.network.convert_gtfs__70db7af60399f017bc84a6b85b33a99b.cache/]
2025-04-14T10:41:52,438  INFO GtfsConverter:96 #####################################
2025-04-14T10:41:52,439  INFO GtfsConverter:97 Converting to MATSim transit schedule
2025-04-14T10:41:53,258  INFO DirectMethodHandleAccessor:103 dataFileCache open start
2025-04-14T10:41:53,634  INFO GtfsConverter:370     Using service IDs of the day with the most trips (dayWithMostTrips).
2025-04-14T10:41:53,819  INFO GtfsConverter:104     Extracting schedule from date 2024-02-23
2025-04-14T10:41:53,921  INFO GtfsConverter:182     Creating TransitLines from routes and TransitRoutes from trips...
2025-04-14T10:41:55,262  WARN GtfsConverter:207 87446 trips contain stops with equal departure times.
2025-04-14T10:41:55,264  INFO ScheduleCleaner:310 Combining TransitRoutes with equal stop sequence and arrival/departure offsets...
2025-04-14T10:41:55,997  INFO ScheduleCleaner:337 ... Combined 309107 transit routes
2025-04-14T10:41:55,997  INFO ScheduleCleaner:78 ... Removing not used stop facilities
2025-04-14T10:41:56,075  INFO ScheduleCleaner:106    4946 stop facilities removed
2025-04-14T10:41:56,075  INFO ScheduleCleaner:115 ... Removing not used minimal transfer times
2025-04-14T10:41:56,115  INFO ScheduleCleaner:131     7362 not used minimal transfer times facilities removed
2025-04-14T10:41:56,121  INFO Counter:69 [VehiclesImpl] added vehicle # 1
2025-04-14T10:41:56,121  INFO Counter:69 [VehiclesImpl] added vehicle # 2
2025-04-14T10:41:56,121  INFO Counter:69 [VehiclesImpl] added vehicle # 4
2025-04-14T10:41:56,121  INFO Counter:69 [VehiclesImpl] added vehicle # 8
2025-04-14T10:41:56,121  INFO Counter:69 [VehiclesImpl] added vehicle # 16
2025-04-14T10:41:56,121  INFO Counter:69 [VehiclesImpl] added vehicle # 32
2025-04-14T10:41:56,121  INFO Counter:69 [VehiclesImpl] added vehicle # 64
2025-04-14T10:41:56,122  INFO Counter:69 [VehiclesImpl] added vehicle # 128
2025-04-14T10:41:56,122  INFO Counter:69 [VehiclesImpl] added vehicle # 256
2025-04-14T10:41:56,123  INFO Counter:69 [VehiclesImpl] added vehicle # 512
2025-04-14T10:41:56,125  INFO Counter:69 [VehiclesImpl] added vehicle # 1024
2025-04-14T10:41:56,127  INFO Counter:69 [VehiclesImpl] added vehicle # 2048
2025-04-14T10:41:56,129  INFO Counter:69 [VehiclesImpl] added vehicle # 4096
2025-04-14T10:41:56,135  INFO Counter:69 [VehiclesImpl] added vehicle # 8192
2025-04-14T10:41:56,146  INFO Counter:69 [VehiclesImpl] added vehicle # 16384
2025-04-14T10:41:56,164  INFO Counter:69 [VehiclesImpl] added vehicle # 32768
2025-04-14T10:41:56,191  INFO Counter:69 [VehiclesImpl] added vehicle # 65536
2025-04-14T10:41:56,232  INFO Counter:69 [VehiclesImpl] added vehicle # 131072
2025-04-14T10:41:56,323  INFO Counter:69 [VehiclesImpl] added vehicle # 262144
2025-04-14T10:41:56,371  INFO GtfsConverter:131     Created 31813 routes on 4183 lines.
2025-04-14T10:41:56,371  INFO GtfsConverter:132     Day 2024-02-23
2025-04-14T10:41:56,371  INFO GtfsConverter:133 ... GTFS converted to an unmapped MATSIM Transit Schedule
2025-04-14T10:41:56,371  INFO GtfsConverter:134 #########################################################
2025-04-14T10:41:56,371  INFO ScheduleTools:77 Writing transit schedule to file /cluster/scratch/asallard/eqasim/test_pt_routing/cache/matsim.scenario.network.convert_gtfs__70db7af60399f017bc84a6b85b33a99b.cache/transit_schedule.xml.gz
2025-04-14T10:41:56,372  INFO TransitScheduleWriter:87 about to write transit schedule to: /cluster/scratch/asallard/eqasim/test_pt_routing/cache/matsim.scenario.network.convert_gtfs__70db7af60399f017bc84a6b85b33a99b.cache/transit_schedule.xml.gz
2025-04-14T10:41:58,461  INFO ScheduleTools:79 done.
2025-04-14T10:41:58,461  INFO ScheduleTools:519 Writing vehicles to file /cluster/scratch/asallard/eqasim/test_pt_routing/cache/matsim.scenario.network.convert_gtfs__70db7af60399f017bc84a6b85b33a99b.cache/transit_vehicles.xml.gz
2025-04-14T10:41:58,463  INFO MatsimVehicleWriter:54 about to write vehicles to: /cluster/scratch/asallard/eqasim/test_pt_routing/cache/matsim.scenario.network.convert_gtfs__70db7af60399f017bc84a6b85b33a99b.cache/transit_vehicles.xml.gz
2025-04-14T10:41:58,463  INFO VehicleWriterV2:63 about to write vehicles to: /cluster/scratch/asallard/eqasim/test_pt_routing/cache/matsim.scenario.network.convert_gtfs__70db7af60399f017bc84a6b85b33a99b.cache/transit_vehicles.xml.gz
INFO:synpp:Writing cache for matsim.scenario.network.convert_gtfs__70db7af60399f017bc84a6b85b33a99b
INFO:synpp:Finished running matsim.scenario.network.convert_gtfs__70db7af60399f017bc84a6b85b33a99b.
INFO:synpp:Pipeline progress: 17/28 (60.71%)
INFO:synpp:Executing stage synthesis.vehicles.vehicles__e2f4777595b616c91c7f3392191cb588 ...
INFO:synpp:Loading cache for synthesis.vehicles.cars.default__adc70cca02d3f6f4b0d713711368cc67 ...
INFO:synpp:Loading cache for synthesis.vehicles.passengers.default__adc70cca02d3f6f4b0d713711368cc67 ...
INFO:synpp:Loading cache for synthesis.vehicles.trucks.default__5c4abc83233d93a9c6a9516ff16643e5 ...
INFO:synpp:Writing cache for synthesis.vehicles.vehicles__e2f4777595b616c91c7f3392191cb588
INFO:synpp:Finished running synthesis.vehicles.vehicles__e2f4777595b616c91c7f3392191cb588.
INFO:synpp:Pipeline progress: 18/28 (64.29%)
INFO:synpp:Executing stage synthesis.population.spatial.primary.work.locations__adc70cca02d3f6f4b0d713711368cc67 ...
INFO:synpp:Loading cache for synthesis.population.spatial.primary.work.zones__adc70cca02d3f6f4b0d713711368cc67 ...
INFO:synpp:Loading cache for data.statent.statent__6469babfa67ac3ae15ee813afc2e1aed ...
INFO:synpp:Loading cache for data.spatial.zones__6469babfa67ac3ae15ee813afc2e1aed ...
INFO:synpp:Assigning national locations ... 1/2324 (0.04%) [15.80it/s] RT 0s ETA 02:27
INFO:synpp:Assigning national locations ... 402/2324 (17.30%) [377.96it/s] RT 1s ETA 5s
INFO:synpp:Assigning national locations ... 803/2324 (34.55%) [389.02it/s] RT 2s ETA 3s
INFO:synpp:Assigning national locations ... 1203/2324 (51.76%) [392.47it/s] RT 3s ETA 2s
INFO:synpp:Assigning national locations ... 1607/2324 (69.15%) [395.22it/s] RT 4s ETA 1s
INFO:synpp:Assigning national locations ... 2013/2324 (86.62%) [397.32it/s] RT 5s ETA 0s
INFO:synpp:Assigning national locations ... 2324/2324 (100.00%) [394.08it/s] RT 5s ETA 0s
INFO:synpp:Loading cache for data.spatial.zone_shapes__6469babfa67ac3ae15ee813afc2e1aed ...
INFO:synpp:Converting work coordinates 1/17 (5.88%) [234.78it/s] RT 0s ETA 0s
INFO:synpp:Converting work coordinates 17/17 (100.00%) [135.39it/s] RT 0s ETA 0s
INFO:synpp:Writing cache for synthesis.population.spatial.primary.work.locations__adc70cca02d3f6f4b0d713711368cc67
INFO:synpp:Finished running synthesis.population.spatial.primary.work.locations__adc70cca02d3f6f4b0d713711368cc67.
INFO:synpp:Pipeline progress: 19/28 (67.86%)
INFO:synpp:Executing stage matsim.scenario.network.convert_pt_schedule__0b6ce3724d880730e7f0a61509cf6235 ...
INFO:synpp:Loading cache for matsim.scenario.network.convert_gtfs__70db7af60399f017bc84a6b85b33a99b ...
INFO:synpp:Writing cache for matsim.scenario.network.convert_pt_schedule__0b6ce3724d880730e7f0a61509cf6235
INFO:synpp:Finished running matsim.scenario.network.convert_pt_schedule__0b6ce3724d880730e7f0a61509cf6235.
INFO:synpp:Pipeline progress: 20/28 (71.43%)
INFO:synpp:Executing stage matsim.scenario.vehicles__e2f4777595b616c91c7f3392191cb588 ...
INFO:synpp:Loading cache for synthesis.vehicles.vehicles__e2f4777595b616c91c7f3392191cb588 ...
INFO:synpp:Writing vehicles types ... 1/3 (33.33%) [627.80it/s] RT 0s ETA 0s
INFO:synpp:Writing vehicles types ... 3/3 (100.00%) [1666.83it/s] RT 0s ETA 0s
INFO:synpp:Writing vehicles ... 1/881085 (0.00%) [5.77s/it] RT 5s ETA 1412:47:53
INFO:synpp:Writing vehicles ... 60841/881085 (6.91%) [8983.49it/s] RT 6s ETA 01:31
INFO:synpp:Writing vehicles ... 121687/881085 (13.81%) [15656.01it/s] RT 7s ETA 48s
INFO:synpp:Writing vehicles ... 182237/881085 (20.68%) [20773.53it/s] RT 8s ETA 33s
INFO:synpp:Writing vehicles ... 243113/881085 (27.59%) [24877.07it/s] RT 9s ETA 25s
INFO:synpp:Writing vehicles ... 304774/881085 (34.59%) [28291.65it/s] RT 10s ETA 20s
INFO:synpp:Writing vehicles ... 366259/881085 (41.57%) [31111.16it/s] RT 11s ETA 16s
INFO:synpp:Writing vehicles ... 427565/881085 (48.53%) [33475.18it/s] RT 12s ETA 13s
INFO:synpp:Writing vehicles ... 489032/881085 (55.50%) [35507.57it/s] RT 13s ETA 11s
INFO:synpp:Writing vehicles ... 550591/881085 (62.49%) [37271.03it/s] RT 14s ETA 8s
INFO:synpp:Writing vehicles ... 612072/881085 (69.47%) [38805.94it/s] RT 15s ETA 6s
INFO:synpp:Writing vehicles ... 673325/881085 (76.42%) [40144.24it/s] RT 16s ETA 5s
INFO:synpp:Writing vehicles ... 734791/881085 (83.40%) [41343.92it/s] RT 17s ETA 3s
INFO:synpp:Writing vehicles ... 796087/881085 (90.35%) [42406.72it/s] RT 18s ETA 2s
INFO:synpp:Writing vehicles ... 856471/881085 (97.21%) [43315.92it/s] RT 19s ETA 0s
INFO:synpp:Writing vehicles ... 881085/881085 (100.00%) [43672.83it/s] RT 20s ETA 0s
INFO:synpp:Writing cache for matsim.scenario.vehicles__e2f4777595b616c91c7f3392191cb588
INFO:synpp:Finished running matsim.scenario.vehicles__e2f4777595b616c91c7f3392191cb588.
INFO:synpp:Pipeline progress: 21/28 (75.00%)
INFO:synpp:Executing stage synthesis.population.spatial.primary.locations__adc70cca02d3f6f4b0d713711368cc67 ...
INFO:synpp:Loading cache for synthesis.population.spatial.primary.work.locations__adc70cca02d3f6f4b0d713711368cc67 ...
INFO:synpp:Loading cache for synthesis.population.spatial.primary.education.locations__adc70cca02d3f6f4b0d713711368cc67 ...
INFO:synpp:Writing cache for synthesis.population.spatial.primary.locations__adc70cca02d3f6f4b0d713711368cc67
INFO:synpp:Finished running synthesis.population.spatial.primary.locations__adc70cca02d3f6f4b0d713711368cc67.
INFO:synpp:Pipeline progress: 22/28 (78.57%)
INFO:synpp:Executing stage matsim.scenario.network.mapped__0b6ce3724d880730e7f0a61509cf6235 ...
INFO:synpp:Loading cache for matsim.scenario.network.convert_osm__87b83a815e738fa80a4967b2aa1160fb ...
INFO:synpp:Loading cache for matsim.scenario.network.convert_pt_schedule__0b6ce3724d880730e7f0a61509cf6235 ...
INFO:synpp:Loading cache for matsim.runtime.pt2matsim__d7a3f0877e8a6f399376f6c0bd490a0a ...
INFO:synpp:Loading cache for matsim.runtime.java__c4d37124447ac502efe91a2d7f80c3a8 ...
WARNING: sun.reflect.Reflection.getCallerClass is not supported. This will impact performance.
2025-04-14T10:42:29,161  INFO Config:572 setting context to [file:/cluster/scratch/asallard/eqasim/test_pt_routing/cache/matsim.scenario.network.mapped__0b6ce3724d880730e7f0a61509cf6235.cache/]
2025-04-14T10:42:29,198  INFO Version:21 HV000001: Hibernate Validator null
2025-04-14T10:42:29,273  WARN Config:305 Module "linkStats" is removed manually from config
2025-04-14T10:42:29,273  WARN Config:305 Module "subtourModeChoice" is removed manually from config
2025-04-14T10:42:29,274  WARN Config:305 Module "TimeAllocationMutator" is removed manually from config
2025-04-14T10:42:29,274  WARN Config:305 Module "counts" is removed manually from config
2025-04-14T10:42:29,274  WARN Config:305 Module "vehicles" is removed manually from config
2025-04-14T10:42:29,274  WARN Config:305 Module "global" is removed manually from config
2025-04-14T10:42:29,274  WARN Config:305 Module "network" is removed manually from config
2025-04-14T10:42:29,274  WARN Config:305 Module "planCalcScore" is removed manually from config
2025-04-14T10:42:29,274  WARN Config:305 Module "scenario" is removed manually from config
2025-04-14T10:42:29,274  WARN Config:305 Module "travelTimeCalculator" is removed manually from config
2025-04-14T10:42:29,274  WARN Config:305 Module "ptCounts" is removed manually from config
2025-04-14T10:42:29,274  WARN Config:305 Module "JDEQSim" is removed manually from config
2025-04-14T10:42:29,274  WARN Config:305 Module "changeMode" is removed manually from config
2025-04-14T10:42:29,275  WARN Config:305 Module "hermes" is removed manually from config
2025-04-14T10:42:29,275  WARN Config:305 Module "vspExperimental" is removed manually from config
2025-04-14T10:42:29,275  WARN Config:305 Module "planscalcroute" is removed manually from config
2025-04-14T10:42:29,275  WARN Config:305 Module "transitRouter" is removed manually from config
2025-04-14T10:42:29,275  WARN Config:305 Module "parallelEventHandling" is removed manually from config
2025-04-14T10:42:29,275  WARN Config:305 Module "households" is removed manually from config
2025-04-14T10:42:29,275  WARN Config:305 Module "changeLegMode" is removed manually from config
2025-04-14T10:42:29,275  WARN Config:305 Module "qsim" is removed manually from config
2025-04-14T10:42:29,275  WARN Config:305 Module "plans" is removed manually from config
2025-04-14T10:42:29,275  WARN Config:305 Module "transit" is removed manually from config
2025-04-14T10:42:29,275  WARN Config:305 Module "controler" is removed manually from config
2025-04-14T10:42:29,275  WARN Config:305 Module "facilities" is removed manually from config
2025-04-14T10:42:29,275  WARN Config:305 Module "strategy" is removed manually from config
WARNING: sun.reflect.Reflection.getCallerClass is not supported. This will impact performance.
2025-04-14T10:42:29,763  INFO IOUtils:187 Resolved map_network.xml to map_network.xml
2025-04-14T10:42:29,766  INFO Config:572 setting context to [file:/cluster/scratch/asallard/eqasim/test_pt_routing/cache/matsim.scenario.network.mapped__0b6ce3724d880730e7f0a61509cf6235.cache/]
2025-04-14T10:42:29,800  INFO Version:21 HV000001: Hibernate Validator null
2025-04-14T10:42:29,876  INFO MatsimXmlParser:160 starting to parse xml from url file:/cluster/scratch/asallard/eqasim/test_pt_routing/cache/matsim.scenario.network.mapped__0b6ce3724d880730e7f0a61509cf6235.cache/map_network.xml ...
2025-04-14T10:42:29,921  INFO ConfigReader:102 using config_v2-reader
2025-04-14T10:42:29,921  INFO MatsimXmlParser:276 Trying to load http://www.matsim.org/files/dtd/config_v2.dtd. In some cases (e.g. network interface up but no connection), this may take a bit.
2025-04-14T10:42:29,947  INFO MatsimXmlParser:291 java.net.ConnectException: Connection refused. May not be fatal, will try to load it locally.
2025-04-14T10:42:29,948  INFO MatsimXmlParser:313 Using local DTD from classpath:dtd/config_v2.dtd
2025-04-14T10:42:29,971  INFO Config:572 setting context to [file:/cluster/scratch/asallard/eqasim/test_pt_routing/cache/matsim.scenario.network.mapped__0b6ce3724d880730e7f0a61509cf6235.cache/map_network.xml]
2025-04-14T10:42:29,972  INFO Config:572 setting context to [file:/cluster/scratch/asallard/eqasim/test_pt_routing/cache/matsim.scenario.network.mapped__0b6ce3724d880730e7f0a61509cf6235.cache/]
2025-04-14T10:42:29,988  INFO MatsimXmlParser:147 starting to parse xml from file /cluster/scratch/asallard/eqasim/test_pt_routing/cache/matsim.scenario.network.convert_gtfs__70db7af60399f017bc84a6b85b33a99b.cache/transit_schedule.xml.gz ...
2025-04-14T10:42:29,988  INFO IOUtils:187 Resolved /cluster/scratch/asallard/eqasim/test_pt_routing/cache/matsim.scenario.network.convert_gtfs__70db7af60399f017bc84a6b85b33a99b.cache/transit_schedule.xml.gz to /cluster/scratch/asallard/eqasim/test_pt_routing/cache/matsim.scenario.network.convert_gtfs__70db7af60399f017bc84a6b85b33a99b.cache/transit_schedule.xml.gz
2025-04-14T10:42:30,061  INFO MatsimXmlParser:276 Trying to load http://www.matsim.org/files/dtd/transitSchedule_v2.dtd. In some cases (e.g. network interface up but no connection), this may take a bit.
2025-04-14T10:42:30,064  INFO MatsimXmlParser:291 java.net.ConnectException: Connection refused. May not be fatal, will try to load it locally.
2025-04-14T10:42:30,065  INFO MatsimXmlParser:313 Using local DTD from classpath:dtd/transitSchedule_v2.dtd
2025-04-14T10:42:32,963  INFO MatsimXmlParser:147 starting to parse xml from file /cluster/scratch/asallard/eqasim/test_pt_routing/cache/matsim.scenario.network.convert_osm__87b83a815e738fa80a4967b2aa1160fb.cache/converted_network.xml.gz ...
2025-04-14T10:42:32,965  INFO IOUtils:187 Resolved /cluster/scratch/asallard/eqasim/test_pt_routing/cache/matsim.scenario.network.convert_osm__87b83a815e738fa80a4967b2aa1160fb.cache/converted_network.xml.gz to /cluster/scratch/asallard/eqasim/test_pt_routing/cache/matsim.scenario.network.convert_osm__87b83a815e738fa80a4967b2aa1160fb.cache/converted_network.xml.gz
2025-04-14T10:42:32,968  INFO MatsimNetworkReader:120 using network_v2-reader.
2025-04-14T10:42:32,968  INFO MatsimXmlParser:276 Trying to load http://www.matsim.org/files/dtd/network_v2.dtd. In some cases (e.g. network interface up but no connection), this may take a bit.
2025-04-14T10:42:32,971  INFO MatsimXmlParser:291 java.net.ConnectException: Connection refused. May not be fatal, will try to load it locally.
2025-04-14T10:42:32,971  INFO MatsimXmlParser:313 Using local DTD from classpath:dtd/network_v2.dtd
2025-04-14T10:42:32,975  INFO NetworkImpl:163  node # 1
2025-04-14T10:42:32,976  INFO NetworkImpl:163  node # 4
2025-04-14T10:42:32,976  INFO NetworkImpl:163  node # 16
2025-04-14T10:42:32,977  INFO NetworkImpl:163  node # 64
2025-04-14T10:42:33,013  INFO NetworkImpl:163  node # 256
2025-04-14T10:42:33,020  INFO NetworkImpl:163  node # 1024
2025-04-14T10:42:33,031  INFO NetworkImpl:163  node # 4096
2025-04-14T10:42:33,087  INFO NetworkImpl:163  node # 16384
2025-04-14T10:42:33,203  INFO NetworkImpl:163  node # 65536
2025-04-14T10:42:33,708  INFO NetworkImpl:163  node # 262144
2025-04-14T10:42:34,288  INFO NetworkImpl:159  link # 1
2025-04-14T10:42:34,289  INFO NetworkImpl:159  link # 4
2025-04-14T10:42:34,290  INFO NetworkImpl:159  link # 16
2025-04-14T10:42:34,295  INFO NetworkImpl:159  link # 64
2025-04-14T10:42:34,305  INFO NetworkImpl:159  link # 256
2025-04-14T10:42:34,324  INFO NetworkImpl:159  link # 1024
2025-04-14T10:42:34,339  WARN LinkImpl:125 length=0.0 of link id 1001521 may cause problems
2025-04-14T10:42:34,340  WARN LinkImpl:127  Future occurences of this logging statement are suppressed.
2025-04-14T10:42:34,381  INFO NetworkImpl:159  link # 4096
2025-04-14T10:42:34,540  INFO NetworkImpl:159  link # 16384
2025-04-14T10:42:35,168  INFO NetworkImpl:159  link # 65536
2025-04-14T10:42:37,633  INFO NetworkImpl:159  link # 262144
2025-04-14T10:42:47,517  INFO NetworkImpl:159  link # 1048576
2025-04-14T10:42:47,803  WARN PTMapper:76 The input network file set in PublicTransitMappingConfigGroup is ignored
2025-04-14T10:42:47,803  WARN PTMapper:79 The input schedule file set in PublicTransitMappingConfigGroup is ignored
2025-04-14T10:42:47,804  INFO LinkCandidateCreatorStandard:81 ===========================
2025-04-14T10:42:47,804  INFO LinkCandidateCreatorStandard:82 Creating link candidates...
2025-04-14T10:42:47,804  INFO LinkCandidateCreatorStandard:83    search radius: 1350.0
2025-04-14T10:42:47,804  INFO LinkCandidateCreatorStandard:84    Note: loop links for stop facilities are created if no link candidate can be found.
2025-04-14T10:42:47,806  INFO Progress:39 Getting closest links ... 0/31813 (0.00%)
2025-04-14T10:42:47,847  INFO NetworkImpl:422 building QuadTree for nodes: xrange(2481889.27774353,2835162.9279059097); yrange(1075160.6396403767,1295783.6368707977)
2025-04-14T10:42:48,081  INFO NetworkImpl:431 Building QuadTree took 0.273 seconds.
2025-04-14T10:42:48,374  WARN LinkCandidateCreatorStandard:108 No transportModeAssignment found for schedule mode tram
2025-04-14T10:42:48,867  INFO Progress:39 Getting closest links ... 251/31813 (0.79%)
2025-04-14T10:42:49,872  INFO Progress:39 Getting closest links ... 384/31813 (1.21%)
2025-04-14T10:42:50,873  INFO Progress:39 Getting closest links ... 517/31813 (1.63%)
2025-04-14T10:42:51,876  INFO Progress:39 Getting closest links ... 610/31813 (1.92%)
2025-04-14T10:42:52,885  INFO Progress:39 Getting closest links ... 760/31813 (2.39%)
2025-04-14T10:42:53,898  INFO Progress:39 Getting closest links ... 925/31813 (2.91%)
2025-04-14T10:42:54,904  INFO Progress:39 Getting closest links ... 1004/31813 (3.16%)
2025-04-14T10:42:55,922  INFO Progress:39 Getting closest links ... 1081/31813 (3.40%)
2025-04-14T10:42:56,929  INFO Progress:39 Getting closest links ... 1190/31813 (3.74%)
2025-04-14T10:42:57,933  INFO Progress:39 Getting closest links ... 1272/31813 (4.00%)
2025-04-14T10:42:58,942  INFO Progress:39 Getting closest links ... 1496/31813 (4.70%)
2025-04-14T10:42:59,944  INFO Progress:39 Getting closest links ... 1580/31813 (4.97%)
2025-04-14T10:43:00,952  INFO Progress:39 Getting closest links ... 1677/31813 (5.27%)
2025-04-14T10:43:01,958  INFO Progress:39 Getting closest links ... 1749/31813 (5.50%)
2025-04-14T10:43:02,962  INFO Progress:39 Getting closest links ... 2016/31813 (6.34%)
2025-04-14T10:43:03,965  INFO Progress:39 Getting closest links ... 2754/31813 (8.66%)
2025-04-14T10:43:04,965  INFO Progress:39 Getting closest links ... 3404/31813 (10.70%)
2025-04-14T10:43:05,973  INFO Progress:39 Getting closest links ... 4153/31813 (13.05%)
2025-04-14T10:43:06,976  INFO Progress:39 Getting closest links ... 4602/31813 (14.47%)
2025-04-14T10:43:07,986  INFO Progress:39 Getting closest links ... 5069/31813 (15.93%)
2025-04-14T10:43:09,004  INFO Progress:39 Getting closest links ... 5514/31813 (17.33%)
2025-04-14T10:43:10,018  INFO Progress:39 Getting closest links ... 5818/31813 (18.29%)
2025-04-14T10:43:10,757  WARN LinkCandidateCreatorStandard:108 No transportModeAssignment found for schedule mode subway
2025-04-14T10:43:11,019  INFO Progress:39 Getting closest links ... 8141/31813 (25.59%)
2025-04-14T10:43:12,041  INFO Progress:39 Getting closest links ... 9132/31813 (28.71%)
2025-04-14T10:43:12,636  WARN LinkCandidateCreatorStandard:108 No transportModeAssignment found for schedule mode other
2025-04-14T10:43:13,047  INFO Progress:39 Getting closest links ... 10825/31813 (34.03%)
2025-04-14T10:43:14,049  INFO Progress:39 Getting closest links ... 12806/31813 (40.25%)
2025-04-14T10:43:15,049  INFO Progress:39 Getting closest links ... 14395/31813 (45.25%)
2025-04-14T10:43:16,050  INFO Progress:39 Getting closest links ... 16484/31813 (51.82%)
2025-04-14T10:43:17,051  INFO Progress:39 Getting closest links ... 18819/31813 (59.16%)
2025-04-14T10:43:18,051  INFO Progress:39 Getting closest links ... 21949/31813 (68.99%)
2025-04-14T10:43:19,051  INFO Progress:39 Getting closest links ... 24113/31813 (75.80%)
2025-04-14T10:43:19,335  WARN LinkCandidateCreatorStandard:108 No transportModeAssignment found for schedule mode cable car
2025-04-14T10:43:19,335  WARN LinkCandidateCreatorStandard:108 No transportModeAssignment found for schedule mode funicular
2025-04-14T10:43:19,426  WARN LinkCandidateCreatorStandard:108 No transportModeAssignment found for schedule mode ferry
2025-04-14T10:43:20,053  INFO Progress:39 Getting closest links ... 27788/31813 (87.35%)
2025-04-14T10:43:21,053  INFO Progress:39 Getting closest links ... 31545/31813 (99.16%)
2025-04-14T10:43:21,128  INFO Progress:39 Getting closest links ... 31813/31813 (100.00%)
2025-04-14T10:43:21,128  INFO Progress:39 Creating link candidates ... 0/499500 (0.00%)
2025-04-14T10:43:22,128  INFO Progress:39 Creating link candidates ... 144267/499500 (28.88%)
2025-04-14T10:43:23,128  INFO Progress:39 Creating link candidates ... 303172/499500 (60.70%)
2025-04-14T10:43:24,128  INFO Progress:39 Creating link candidates ... 457625/499500 (91.62%)
2025-04-14T10:43:24,380  INFO Progress:39 Creating link candidates ... 499500/499500 (100.00%)
2025-04-14T10:43:24,381  INFO Progress:39 Setting candidate priorities ... 0/499500 (0.00%)
2025-04-14T10:43:24,613  INFO LinkCandidateCreatorStandard:232 Average number of link candidates: 5
2025-04-14T10:43:24,664  INFO PTMapper:150 ======================================
2025-04-14T10:43:24,665  INFO PTMapper:151 Mapping transit schedule to network...
2025-04-14T10:43:24,666  INFO PTMapper:167 ==================================
2025-04-14T10:43:24,666  INFO PTMapper:168 Calculating pseudoTransitRoutes... (31813 transit routes in 4183 transit lines)
2025-04-14T10:43:24,666  INFO Progress:39 Calculating pseudoTransitRoutes ... 0/31813 (0.00%)
2025-04-14T10:43:24,789  INFO ScheduleRoutersStandard:78 ==============================================
2025-04-14T10:43:24,789  INFO ScheduleRoutersStandard:78 ==============================================
2025-04-14T10:43:24,789  INFO ScheduleRoutersStandard:78 ==============================================
2025-04-14T10:43:24,789  INFO ScheduleRoutersStandard:79 Creating network routers for transit routes...
2025-04-14T10:43:24,789  INFO ScheduleRoutersStandard:79 Creating network routers for transit routes...
2025-04-14T10:43:24,789  INFO ScheduleRoutersStandard:79 Creating network routers for transit routes...
2025-04-14T10:43:24,789  INFO ScheduleRoutersStandard:80 Initiating network and router for transit routes...
2025-04-14T10:43:24,789  INFO ScheduleRoutersStandard:80 Initiating network and router for transit routes...
2025-04-14T10:43:24,789  INFO ScheduleRoutersStandard:80 Initiating network and router for transit routes...
2025-04-14T10:43:24,789  INFO ScheduleRoutersStandard:78 ==============================================
2025-04-14T10:43:24,790  INFO ScheduleRoutersStandard:79 Creating network routers for transit routes...
2025-04-14T10:43:24,790  INFO ScheduleRoutersStandard:80 Initiating network and router for transit routes...
2025-04-14T10:43:24,792  INFO ScheduleRoutersStandard:87 New router for schedule mode rail
2025-04-14T10:43:24,792  INFO ScheduleRoutersStandard:87 New router for schedule mode rail
2025-04-14T10:43:24,792  INFO ScheduleRoutersStandard:87 New router for schedule mode rail
2025-04-14T10:43:24,792  INFO ScheduleRoutersStandard:87 New router for schedule mode rail
2025-04-14T10:43:24,797  INFO NetworkImpl:163  node # 1
2025-04-14T10:43:24,797  INFO NetworkImpl:163  node # 1
2025-04-14T10:43:24,797  INFO NetworkImpl:163  node # 1
2025-04-14T10:43:24,797  INFO NetworkImpl:163  node # 1
2025-04-14T10:43:24,797  INFO NetworkImpl:159  link # 1
2025-04-14T10:43:24,797  INFO NetworkImpl:159  link # 1
2025-04-14T10:43:24,798  INFO NetworkImpl:159  link # 1
2025-04-14T10:43:24,798  INFO NetworkImpl:159  link # 1
2025-04-14T10:43:24,798  INFO NetworkImpl:163  node # 4
2025-04-14T10:43:24,798  INFO NetworkImpl:159  link # 4
2025-04-14T10:43:24,798  INFO NetworkImpl:163  node # 4
2025-04-14T10:43:24,799  INFO NetworkImpl:159  link # 4
2025-04-14T10:43:24,799  INFO NetworkImpl:163  node # 4
2025-04-14T10:43:24,799  INFO NetworkImpl:159  link # 4
2025-04-14T10:43:24,799  INFO NetworkImpl:163  node # 4
2025-04-14T10:43:24,799  INFO NetworkImpl:159  link # 4
2025-04-14T10:43:24,801  INFO NetworkImpl:159  link # 16
2025-04-14T10:43:24,801  INFO NetworkImpl:163  node # 16
2025-04-14T10:43:24,801  INFO NetworkImpl:159  link # 16
2025-04-14T10:43:24,801  INFO NetworkImpl:159  link # 16
2025-04-14T10:43:24,801  INFO NetworkImpl:163  node # 16
2025-04-14T10:43:24,801  INFO NetworkImpl:159  link # 16
2025-04-14T10:43:24,801  INFO NetworkImpl:163  node # 16
2025-04-14T10:43:24,802  INFO NetworkImpl:163  node # 16
2025-04-14T10:43:24,803  INFO NetworkImpl:159  link # 64
2025-04-14T10:43:24,803  INFO NetworkImpl:159  link # 64
2025-04-14T10:43:24,804  INFO NetworkImpl:159  link # 64
2025-04-14T10:43:24,805  INFO NetworkImpl:159  link # 64
2025-04-14T10:43:24,806  INFO NetworkImpl:163  node # 64
2025-04-14T10:43:24,806  INFO NetworkImpl:163  node # 64
2025-04-14T10:43:24,807  INFO NetworkImpl:163  node # 64
2025-04-14T10:43:24,808  INFO NetworkImpl:163  node # 64
2025-04-14T10:43:24,816  INFO NetworkImpl:159  link # 256
2025-04-14T10:43:24,817  INFO NetworkImpl:159  link # 256
2025-04-14T10:43:24,818  INFO NetworkImpl:159  link # 256
2025-04-14T10:43:24,819  INFO NetworkImpl:163  node # 256
2025-04-14T10:43:24,819  INFO NetworkImpl:163  node # 256
2025-04-14T10:43:24,821  INFO NetworkImpl:159  link # 256
2025-04-14T10:43:24,821  INFO NetworkImpl:163  node # 256
2025-04-14T10:43:24,822  INFO NetworkImpl:163  node # 256
2025-04-14T10:43:24,827  INFO NetworkImpl:159  link # 1024
2025-04-14T10:43:24,827  INFO NetworkImpl:159  link # 1024
2025-04-14T10:43:24,828  INFO NetworkImpl:159  link # 1024
2025-04-14T10:43:24,829  INFO NetworkImpl:159  link # 1024
2025-04-14T10:43:24,831  INFO NetworkImpl:163  node # 1024
2025-04-14T10:43:24,831  INFO NetworkImpl:163  node # 1024
2025-04-14T10:43:24,832  INFO NetworkImpl:163  node # 1024
2025-04-14T10:43:24,833  INFO NetworkImpl:163  node # 1024
2025-04-14T10:43:24,866  INFO NetworkImpl:159  link # 4096
2025-04-14T10:43:24,866  INFO NetworkImpl:159  link # 4096
2025-04-14T10:43:24,866  INFO NetworkImpl:159  link # 4096
2025-04-14T10:43:24,870  INFO NetworkImpl:159  link # 4096
2025-04-14T10:43:24,875  INFO NetworkImpl:163  node # 4096
2025-04-14T10:43:24,876  INFO NetworkImpl:163  node # 4096
2025-04-14T10:43:24,877  INFO NetworkImpl:163  node # 4096
2025-04-14T10:43:24,877  INFO NetworkImpl:163  node # 4096
2025-04-14T10:43:24,900  INFO NetworkImpl:159  link # 16384
2025-04-14T10:43:24,900  INFO NetworkImpl:159  link # 16384
2025-04-14T10:43:24,900  INFO NetworkImpl:159  link # 16384
2025-04-14T10:43:24,902  INFO NetworkImpl:159  link # 16384
2025-04-14T10:43:24,925  INFO NetworkImpl:163  node # 16384
2025-04-14T10:43:24,925  INFO NetworkImpl:163  node # 16384
2025-04-14T10:43:24,925  INFO NetworkImpl:163  node # 16384
2025-04-14T10:43:24,927  INFO NetworkImpl:163  node # 16384
2025-04-14T10:43:25,029  INFO NetworkImpl:159  link # 65536
2025-04-14T10:43:25,029  INFO NetworkImpl:159  link # 65536
2025-04-14T10:43:25,029  INFO NetworkImpl:159  link # 65536
2025-04-14T10:43:25,029  INFO NetworkImpl:159  link # 65536
2025-04-14T10:43:25,565 ERROR PreProcessDijkstra:99 All 1 incident nodes of node 1047886895 are dead ends!
2025-04-14T10:43:25,567 ERROR PreProcessDijkstra:99 All 1 incident nodes of node 1047886895 are dead ends!
2025-04-14T10:43:25,571 ERROR PreProcessDijkstra:99 All 1 incident nodes of node 1047886895 are dead ends!
2025-04-14T10:43:25,573 ERROR PreProcessDijkstra:99 All 1 incident nodes of node 1047886895 are dead ends!
2025-04-14T10:43:25,619  WARN PreProcessEuclidean:59 There are links with stored length smaller than their Euclidean distance in this network. Thus, A* cannot guarantee to calculate the least-cost paths between two nodes.
2025-04-14T10:43:25,623  WARN PreProcessEuclidean:59 There are links with stored length smaller than their Euclidean distance in this network. Thus, A* cannot guarantee to calculate the least-cost paths between two nodes.
2025-04-14T10:43:25,635  WARN PreProcessEuclidean:59 There are links with stored length smaller than their Euclidean distance in this network. Thus, A* cannot guarantee to calculate the least-cost paths between two nodes.
2025-04-14T10:43:25,639  WARN PreProcessEuclidean:59 There are links with stored length smaller than their Euclidean distance in this network. Thus, A* cannot guarantee to calculate the least-cost paths between two nodes.
2025-04-14T10:43:25,725  INFO LandmarkerPieSlices:96 Filling sectors...
2025-04-14T10:43:25,725  INFO LandmarkerPieSlices:96 Filling sectors...
2025-04-14T10:43:25,731  INFO LandmarkerPieSlices:96 Filling sectors...
2025-04-14T10:43:25,733  INFO LandmarkerPieSlices:96 Filling sectors...
2025-04-14T10:43:25,888  INFO LandmarkerPieSlices:107 Refining landmarks...
2025-04-14T10:43:25,912  INFO LandmarkerPieSlices:109 done
2025-04-14T10:43:25,955  INFO LandmarkerPieSlices:107 Refining landmarks...
2025-04-14T10:43:25,957  INFO LandmarkerPieSlices:107 Refining landmarks...
2025-04-14T10:43:25,958  INFO LandmarkerPieSlices:107 Refining landmarks...
2025-04-14T10:43:25,964  INFO LandmarkerPieSlices:109 done
2025-04-14T10:43:25,966  INFO LandmarkerPieSlices:109 done
2025-04-14T10:43:25,966  INFO LandmarkerPieSlices:109 done
2025-04-14T10:43:26,367  INFO ScheduleRoutersStandard:87 New router for schedule mode tram
2025-04-14T10:43:26,437  INFO ScheduleRoutersStandard:87 New router for schedule mode tram
2025-04-14T10:43:26,445  INFO ScheduleRoutersStandard:87 New router for schedule mode tram
2025-04-14T10:43:26,478  INFO ScheduleRoutersStandard:87 New router for schedule mode tram
2025-04-14T10:43:26,599  INFO LandmarkerPieSlices:96 Filling sectors...
2025-04-14T10:43:26,600  INFO LandmarkerPieSlices:100 Reducing number of landmarks from 16 to 0...
2025-04-14T10:43:26,600  INFO LandmarkerPieSlices:107 Refining landmarks...
2025-04-14T10:43:26,600  INFO LandmarkerPieSlices:109 done
2025-04-14T10:43:26,607  INFO ScheduleRoutersStandard:87 New router for schedule mode subway
2025-04-14T10:43:26,669  INFO LandmarkerPieSlices:96 Filling sectors...
2025-04-14T10:43:26,669  INFO LandmarkerPieSlices:96 Filling sectors...
2025-04-14T10:43:26,670  INFO LandmarkerPieSlices:100 Reducing number of landmarks from 16 to 0...
2025-04-14T10:43:26,670  INFO LandmarkerPieSlices:100 Reducing number of landmarks from 16 to 0...
2025-04-14T10:43:26,671  INFO LandmarkerPieSlices:107 Refining landmarks...
2025-04-14T10:43:26,671  INFO LandmarkerPieSlices:107 Refining landmarks...
2025-04-14T10:43:26,671  INFO LandmarkerPieSlices:109 done
2025-04-14T10:43:26,671  INFO LandmarkerPieSlices:109 done
2025-04-14T10:43:26,678  INFO ScheduleRoutersStandard:87 New router for schedule mode subway
2025-04-14T10:43:26,678  INFO ScheduleRoutersStandard:87 New router for schedule mode subway
2025-04-14T10:43:26,695  INFO LandmarkerPieSlices:96 Filling sectors...
2025-04-14T10:43:26,697  INFO LandmarkerPieSlices:100 Reducing number of landmarks from 16 to 0...
2025-04-14T10:43:26,697  INFO LandmarkerPieSlices:107 Refining landmarks...
2025-04-14T10:43:26,697  INFO LandmarkerPieSlices:109 done
2025-04-14T10:43:26,703  INFO ScheduleRoutersStandard:87 New router for schedule mode subway
2025-04-14T10:43:26,814  INFO LandmarkerPieSlices:96 Filling sectors...
2025-04-14T10:43:26,815  INFO LandmarkerPieSlices:100 Reducing number of landmarks from 16 to 0...
2025-04-14T10:43:26,815  INFO LandmarkerPieSlices:107 Refining landmarks...
2025-04-14T10:43:26,815  INFO LandmarkerPieSlices:109 done
2025-04-14T10:43:26,819  INFO ScheduleRoutersStandard:87 New router for schedule mode bus
2025-04-14T10:43:26,820  INFO NetworkImpl:163  node # 1
2025-04-14T10:43:26,820  INFO NetworkImpl:159  link # 1
2025-04-14T10:43:26,821  INFO NetworkImpl:163  node # 4
2025-04-14T10:43:26,821  INFO NetworkImpl:159  link # 4
2025-04-14T10:43:26,821  INFO NetworkImpl:163  node # 16
2025-04-14T10:43:26,821  INFO NetworkImpl:159  link # 16
2025-04-14T10:43:26,821  INFO NetworkImpl:163  node # 64
2025-04-14T10:43:26,821  INFO NetworkImpl:159  link # 64
2025-04-14T10:43:26,821  INFO NetworkImpl:159  link # 256
2025-04-14T10:43:26,821  INFO NetworkImpl:163  node # 256
2025-04-14T10:43:26,822  INFO NetworkImpl:159  link # 1024
2025-04-14T10:43:26,822  INFO NetworkImpl:163  node # 1024
2025-04-14T10:43:26,825  INFO NetworkImpl:159  link # 4096
2025-04-14T10:43:26,826  INFO NetworkImpl:163  node # 4096
2025-04-14T10:43:26,835  INFO NetworkImpl:159  link # 16384
2025-04-14T10:43:26,840  INFO NetworkImpl:163  node # 16384
2025-04-14T10:43:26,876  INFO NetworkImpl:159  link # 65536
2025-04-14T10:43:26,898  INFO NetworkImpl:163  node # 65536
2025-04-14T10:43:26,900  INFO LandmarkerPieSlices:96 Filling sectors...
2025-04-14T10:43:26,900  INFO LandmarkerPieSlices:96 Filling sectors...
2025-04-14T10:43:26,901  INFO LandmarkerPieSlices:100 Reducing number of landmarks from 16 to 0...
2025-04-14T10:43:26,901  INFO LandmarkerPieSlices:100 Reducing number of landmarks from 16 to 0...
2025-04-14T10:43:26,901  INFO LandmarkerPieSlices:107 Refining landmarks...
2025-04-14T10:43:26,901  INFO LandmarkerPieSlices:107 Refining landmarks...
2025-04-14T10:43:26,901  INFO LandmarkerPieSlices:109 done
2025-04-14T10:43:26,901  INFO LandmarkerPieSlices:109 done
2025-04-14T10:43:26,905  INFO ScheduleRoutersStandard:87 New router for schedule mode bus
2025-04-14T10:43:26,905  INFO ScheduleRoutersStandard:87 New router for schedule mode bus
2025-04-14T10:43:26,906  INFO NetworkImpl:163  node # 1
2025-04-14T10:43:26,907  INFO NetworkImpl:159  link # 1
2025-04-14T10:43:26,907  INFO NetworkImpl:163  node # 4
2025-04-14T10:43:26,907  INFO NetworkImpl:163  node # 1
2025-04-14T10:43:26,907  INFO NetworkImpl:159  link # 4
2025-04-14T10:43:26,907  INFO NetworkImpl:159  link # 1
2025-04-14T10:43:26,907  INFO NetworkImpl:163  node # 16
2025-04-14T10:43:26,907  INFO NetworkImpl:163  node # 4
2025-04-14T10:43:26,907  INFO NetworkImpl:159  link # 16
2025-04-14T10:43:26,907  INFO NetworkImpl:159  link # 4
2025-04-14T10:43:26,907  INFO NetworkImpl:163  node # 16
2025-04-14T10:43:26,907  INFO NetworkImpl:163  node # 64
2025-04-14T10:43:26,907  INFO NetworkImpl:159  link # 16
2025-04-14T10:43:26,907  INFO NetworkImpl:159  link # 64
2025-04-14T10:43:26,907  INFO NetworkImpl:163  node # 64
2025-04-14T10:43:26,907  INFO NetworkImpl:159  link # 64
2025-04-14T10:43:26,907  INFO NetworkImpl:159  link # 256
2025-04-14T10:43:26,907  INFO NetworkImpl:163  node # 256
2025-04-14T10:43:26,907  INFO NetworkImpl:159  link # 256
2025-04-14T10:43:26,908  INFO NetworkImpl:163  node # 256
2025-04-14T10:43:26,908  INFO NetworkImpl:159  link # 1024
2025-04-14T10:43:26,908  INFO NetworkImpl:163  node # 1024
2025-04-14T10:43:26,908  INFO NetworkImpl:159  link # 1024
2025-04-14T10:43:26,909  INFO NetworkImpl:163  node # 1024
2025-04-14T10:43:26,911  INFO NetworkImpl:159  link # 4096
2025-04-14T10:43:26,912  INFO NetworkImpl:159  link # 4096
2025-04-14T10:43:26,912  INFO NetworkImpl:163  node # 4096
2025-04-14T10:43:26,913  INFO NetworkImpl:163  node # 4096
2025-04-14T10:43:26,921  INFO NetworkImpl:159  link # 16384
2025-04-14T10:43:26,924  INFO NetworkImpl:159  link # 16384
2025-04-14T10:43:26,925  INFO LandmarkerPieSlices:96 Filling sectors...
2025-04-14T10:43:26,925  INFO NetworkImpl:163  node # 16384
2025-04-14T10:43:26,926  INFO LandmarkerPieSlices:100 Reducing number of landmarks from 16 to 0...
2025-04-14T10:43:26,926  INFO LandmarkerPieSlices:107 Refining landmarks...
2025-04-14T10:43:26,926  INFO LandmarkerPieSlices:109 done
2025-04-14T10:43:26,930  INFO NetworkImpl:163  node # 16384
2025-04-14T10:43:26,930  INFO ScheduleRoutersStandard:87 New router for schedule mode bus
2025-04-14T10:43:26,931  INFO NetworkImpl:163  node # 1
2025-04-14T10:43:26,931  INFO NetworkImpl:159  link # 1
2025-04-14T10:43:26,931  INFO NetworkImpl:163  node # 4
2025-04-14T10:43:26,931  INFO NetworkImpl:159  link # 4
2025-04-14T10:43:26,931  INFO NetworkImpl:163  node # 16
2025-04-14T10:43:26,931  INFO NetworkImpl:159  link # 16
2025-04-14T10:43:26,931  INFO NetworkImpl:163  node # 64
2025-04-14T10:43:26,932  INFO NetworkImpl:159  link # 64
2025-04-14T10:43:26,932  INFO NetworkImpl:159  link # 256
2025-04-14T10:43:26,932  INFO NetworkImpl:163  node # 256
2025-04-14T10:43:26,933  INFO NetworkImpl:159  link # 1024
2025-04-14T10:43:26,933  INFO NetworkImpl:163  node # 1024
2025-04-14T10:43:26,935  INFO NetworkImpl:159  link # 4096
2025-04-14T10:43:26,937  INFO NetworkImpl:163  node # 4096
2025-04-14T10:43:26,946  INFO NetworkImpl:159  link # 16384
2025-04-14T10:43:26,952  INFO NetworkImpl:163  node # 16384
2025-04-14T10:43:26,962  INFO NetworkImpl:159  link # 65536
2025-04-14T10:43:26,978  INFO NetworkImpl:159  link # 65536
2025-04-14T10:43:26,984  INFO NetworkImpl:163  node # 65536
2025-04-14T10:43:26,994  INFO NetworkImpl:159  link # 65536
2025-04-14T10:43:27,009  INFO NetworkImpl:163  node # 65536
2025-04-14T10:43:27,019  INFO NetworkImpl:163  node # 65536
2025-04-14T10:43:27,052  INFO NetworkImpl:159  link # 262144
2025-04-14T10:43:27,138  INFO NetworkImpl:159  link # 262144
2025-04-14T10:43:27,177  INFO NetworkImpl:159  link # 262144
2025-04-14T10:43:27,448  INFO NetworkImpl:159  link # 262144
2025-04-14T10:43:27,457  INFO NetworkImpl:163  node # 262144
2025-04-14T10:43:27,541  INFO NetworkImpl:163  node # 262144
2025-04-14T10:43:27,578  INFO NetworkImpl:163  node # 262144
2025-04-14T10:43:27,829  INFO NetworkImpl:163  node # 262144
2025-04-14T10:43:30,539  WARN PreProcessEuclidean:59 There are links with stored length smaller than their Euclidean distance in this network. Thus, A* cannot guarantee to calculate the least-cost paths between two nodes.
2025-04-14T10:43:30,588  WARN PreProcessEuclidean:59 There are links with stored length smaller than their Euclidean distance in this network. Thus, A* cannot guarantee to calculate the least-cost paths between two nodes.
2025-04-14T10:43:30,635  INFO LandmarkerPieSlices:96 Filling sectors...
2025-04-14T10:43:30,667  INFO LandmarkerPieSlices:96 Filling sectors...
2025-04-14T10:43:30,700  WARN PreProcessEuclidean:59 There are links with stored length smaller than their Euclidean distance in this network. Thus, A* cannot guarantee to calculate the least-cost paths between two nodes.
2025-04-14T10:43:30,769  INFO LandmarkerPieSlices:96 Filling sectors...
2025-04-14T10:43:30,860  WARN PreProcessEuclidean:59 There are links with stored length smaller than their Euclidean distance in this network. Thus, A* cannot guarantee to calculate the least-cost paths between two nodes.
2025-04-14T10:43:30,927  INFO LandmarkerPieSlices:96 Filling sectors...
2025-04-14T10:43:31,154  INFO LandmarkerPieSlices:107 Refining landmarks...
2025-04-14T10:43:31,167  INFO LandmarkerPieSlices:107 Refining landmarks...
2025-04-14T10:43:31,214  INFO LandmarkerPieSlices:107 Refining landmarks...
2025-04-14T10:43:31,252  INFO LandmarkerPieSlices:109 done
2025-04-14T10:43:31,254  INFO LandmarkerPieSlices:109 done
2025-04-14T10:43:31,293  INFO LandmarkerPieSlices:109 done
2025-04-14T10:43:31,363  INFO LandmarkerPieSlices:107 Refining landmarks...
2025-04-14T10:43:31,438  INFO LandmarkerPieSlices:109 done
2025-04-14T10:43:35,211  INFO ScheduleRoutersStandard:87 New router for schedule mode other
2025-04-14T10:43:35,244  INFO ScheduleRoutersStandard:87 New router for schedule mode other
2025-04-14T10:43:35,436  INFO LandmarkerPieSlices:96 Filling sectors...
2025-04-14T10:43:35,438  INFO LandmarkerPieSlices:100 Reducing number of landmarks from 16 to 0...
2025-04-14T10:43:35,438  INFO LandmarkerPieSlices:107 Refining landmarks...
2025-04-14T10:43:35,438  INFO LandmarkerPieSlices:109 done
2025-04-14T10:43:35,446  INFO ScheduleRoutersStandard:87 New router for schedule mode cable car
2025-04-14T10:43:35,476  INFO LandmarkerPieSlices:96 Filling sectors...
2025-04-14T10:43:35,477  INFO LandmarkerPieSlices:100 Reducing number of landmarks from 16 to 0...
2025-04-14T10:43:35,477  INFO LandmarkerPieSlices:107 Refining landmarks...
2025-04-14T10:43:35,477  INFO LandmarkerPieSlices:109 done
2025-04-14T10:43:35,485  INFO ScheduleRoutersStandard:87 New router for schedule mode cable car
2025-04-14T10:43:35,576  INFO ScheduleRoutersStandard:87 New router for schedule mode other
2025-04-14T10:43:35,681  INFO LandmarkerPieSlices:96 Filling sectors...
2025-04-14T10:43:35,682  INFO LandmarkerPieSlices:100 Reducing number of landmarks from 16 to 0...
2025-04-14T10:43:35,682  INFO LandmarkerPieSlices:107 Refining landmarks...
2025-04-14T10:43:35,682  INFO LandmarkerPieSlices:109 done
2025-04-14T10:43:35,686  INFO ScheduleRoutersStandard:87 New router for schedule mode funicular
2025-04-14T10:43:35,719  INFO LandmarkerPieSlices:96 Filling sectors...
2025-04-14T10:43:35,720  INFO LandmarkerPieSlices:100 Reducing number of landmarks from 16 to 0...
2025-04-14T10:43:35,720  INFO LandmarkerPieSlices:107 Refining landmarks...
2025-04-14T10:43:35,720  INFO LandmarkerPieSlices:109 done
2025-04-14T10:43:35,724  INFO ScheduleRoutersStandard:87 New router for schedule mode funicular
2025-04-14T10:43:35,728  INFO ScheduleRoutersStandard:87 New router for schedule mode other
2025-04-14T10:43:35,812  INFO LandmarkerPieSlices:96 Filling sectors...
2025-04-14T10:43:35,813  INFO LandmarkerPieSlices:100 Reducing number of landmarks from 16 to 0...
2025-04-14T10:43:35,813  INFO LandmarkerPieSlices:107 Refining landmarks...
2025-04-14T10:43:35,813  INFO LandmarkerPieSlices:109 done
2025-04-14T10:43:35,820  INFO ScheduleRoutersStandard:87 New router for schedule mode cable car
2025-04-14T10:43:35,920  INFO LandmarkerPieSlices:96 Filling sectors...
2025-04-14T10:43:35,922  INFO LandmarkerPieSlices:100 Reducing number of landmarks from 16 to 0...
2025-04-14T10:43:35,922  INFO LandmarkerPieSlices:107 Refining landmarks...
2025-04-14T10:43:35,922  INFO LandmarkerPieSlices:109 done
2025-04-14T10:43:35,926  INFO ScheduleRoutersStandard:87 New router for schedule mode ferry
2025-04-14T10:43:35,957  INFO LandmarkerPieSlices:96 Filling sectors...
2025-04-14T10:43:35,957  INFO LandmarkerPieSlices:96 Filling sectors...
2025-04-14T10:43:35,958  INFO LandmarkerPieSlices:100 Reducing number of landmarks from 16 to 0...
2025-04-14T10:43:35,958  INFO LandmarkerPieSlices:100 Reducing number of landmarks from 16 to 0...
2025-04-14T10:43:35,958  INFO LandmarkerPieSlices:107 Refining landmarks...
2025-04-14T10:43:35,959  INFO LandmarkerPieSlices:107 Refining landmarks...
2025-04-14T10:43:35,959  INFO LandmarkerPieSlices:109 done
2025-04-14T10:43:35,959  INFO LandmarkerPieSlices:109 done
2025-04-14T10:43:35,963  INFO ScheduleRoutersStandard:87 New router for schedule mode ferry
2025-04-14T10:43:35,966  INFO ScheduleRoutersStandard:87 New router for schedule mode cable car
2025-04-14T10:43:36,056  INFO LandmarkerPieSlices:96 Filling sectors...
2025-04-14T10:43:36,058  INFO LandmarkerPieSlices:100 Reducing number of landmarks from 16 to 0...
2025-04-14T10:43:36,058  INFO LandmarkerPieSlices:107 Refining landmarks...
2025-04-14T10:43:36,058  INFO LandmarkerPieSlices:109 done
2025-04-14T10:43:36,062  INFO ScheduleRoutersStandard:87 New router for schedule mode funicular
2025-04-14T10:43:36,160  INFO LandmarkerPieSlices:96 Filling sectors...
2025-04-14T10:43:36,161  INFO LandmarkerPieSlices:100 Reducing number of landmarks from 16 to 0...
2025-04-14T10:43:36,161  INFO LandmarkerPieSlices:107 Refining landmarks...
2025-04-14T10:43:36,161  INFO LandmarkerPieSlices:109 done
2025-04-14T10:43:36,193  INFO LandmarkerPieSlices:96 Filling sectors...
2025-04-14T10:43:36,193  INFO LandmarkerPieSlices:96 Filling sectors...
2025-04-14T10:43:36,194  INFO LandmarkerPieSlices:100 Reducing number of landmarks from 16 to 0...
2025-04-14T10:43:36,194  INFO LandmarkerPieSlices:107 Refining landmarks...
2025-04-14T10:43:36,194  INFO LandmarkerPieSlices:109 done
2025-04-14T10:43:36,194  INFO LandmarkerPieSlices:100 Reducing number of landmarks from 16 to 0...
2025-04-14T10:43:36,194  INFO LandmarkerPieSlices:107 Refining landmarks...
2025-04-14T10:43:36,194  INFO LandmarkerPieSlices:109 done
2025-04-14T10:43:36,198  INFO ScheduleRoutersStandard:87 New router for schedule mode funicular
2025-04-14T10:43:36,230  INFO Progress:39 Calculating pseudoTransitRoutes ... 1/31813 (0.00%)
2025-04-14T10:43:36,331  INFO LandmarkerPieSlices:96 Filling sectors...
2025-04-14T10:43:36,332  INFO LandmarkerPieSlices:100 Reducing number of landmarks from 16 to 0...
2025-04-14T10:43:36,332  INFO LandmarkerPieSlices:107 Refining landmarks...
2025-04-14T10:43:36,332  INFO LandmarkerPieSlices:109 done
2025-04-14T10:43:36,336  INFO ScheduleRoutersStandard:87 New router for schedule mode ferry
2025-04-14T10:43:36,449  INFO LandmarkerPieSlices:96 Filling sectors...
2025-04-14T10:43:36,450  INFO LandmarkerPieSlices:100 Reducing number of landmarks from 16 to 0...
2025-04-14T10:43:36,450  INFO LandmarkerPieSlices:107 Refining landmarks...
2025-04-14T10:43:36,450  INFO LandmarkerPieSlices:109 done
2025-04-14T10:43:36,454  INFO ScheduleRoutersStandard:87 New router for schedule mode ferry
2025-04-14T10:43:36,541  INFO LandmarkerPieSlices:96 Filling sectors...
2025-04-14T10:43:36,542  INFO LandmarkerPieSlices:100 Reducing number of landmarks from 16 to 0...
2025-04-14T10:43:36,542  INFO LandmarkerPieSlices:107 Refining landmarks...
2025-04-14T10:43:36,542  INFO LandmarkerPieSlices:109 done
2025-04-14T10:43:36,656  INFO LandmarkerPieSlices:96 Filling sectors...
2025-04-14T10:43:36,657  INFO LandmarkerPieSlices:100 Reducing number of landmarks from 16 to 0...
2025-04-14T10:43:36,657  INFO LandmarkerPieSlices:107 Refining landmarks...
2025-04-14T10:43:36,657  INFO LandmarkerPieSlices:109 done
2025-04-14T10:44:17,726  INFO Progress:39 Calculating pseudoTransitRoutes ... 94/31813 (0.30%)
2025-04-14T10:44:20,437  INFO Progress:39 Calculating pseudoTransitRoutes ... 95/31813 (0.30%)
2025-04-14T10:44:23,133  INFO Progress:39 Calculating pseudoTransitRoutes ... 97/31813 (0.30%)
2025-04-14T10:44:25,595  INFO Progress:39 Calculating pseudoTransitRoutes ... 98/31813 (0.31%)
2025-04-14T10:44:43,489  INFO Progress:39 Calculating pseudoTransitRoutes ... 100/31813 (0.31%)
2025-04-14T10:45:04,526  INFO Progress:39 Calculating pseudoTransitRoutes ... 101/31813 (0.32%)
2025-04-14T10:45:15,113  INFO Progress:39 Calculating pseudoTransitRoutes ... 102/31813 (0.32%)
2025-04-14T10:45:27,633  INFO Progress:39 Calculating pseudoTransitRoutes ... 104/31813 (0.33%)
2025-04-14T10:45:42,712  INFO Progress:39 Calculating pseudoTransitRoutes ... 105/31813 (0.33%)
2025-04-14T10:45:50,678  INFO Progress:39 Calculating pseudoTransitRoutes ... 106/31813 (0.33%)
2025-04-14T10:46:04,731  INFO Progress:39 Calculating pseudoTransitRoutes ... 108/31813 (0.34%)
2025-04-14T10:46:13,719  INFO Progress:39 Calculating pseudoTransitRoutes ... 109/31813 (0.34%)
2025-04-14T10:46:26,680  INFO Progress:39 Calculating pseudoTransitRoutes ... 110/31813 (0.35%)
2025-04-14T10:46:36,763  INFO Progress:39 Calculating pseudoTransitRoutes ... 111/31813 (0.35%)
2025-04-14T10:46:50,595  INFO Progress:39 Calculating pseudoTransitRoutes ... 112/31813 (0.35%)
2025-04-14T10:46:54,133  INFO Progress:39 Calculating pseudoTransitRoutes ... 113/31813 (0.36%)
2025-04-14T10:47:14,534  INFO Progress:39 Calculating pseudoTransitRoutes ... 114/31813 (0.36%)
2025-04-14T10:47:18,598  INFO Progress:39 Calculating pseudoTransitRoutes ... 115/31813 (0.36%)
2025-04-14T10:47:20,908  INFO Progress:39 Calculating pseudoTransitRoutes ... 116/31813 (0.36%)
2025-04-14T10:47:24,013  INFO Progress:39 Calculating pseudoTransitRoutes ... 117/31813 (0.37%)
2025-04-14T10:47:43,591  INFO Progress:39 Calculating pseudoTransitRoutes ... 118/31813 (0.37%)
2025-04-14T10:47:47,087  INFO Progress:39 Calculating pseudoTransitRoutes ... 119/31813 (0.37%)
2025-04-14T10:48:05,061  INFO Progress:39 Calculating pseudoTransitRoutes ... 122/31813 (0.38%)
2025-04-14T10:48:19,645  INFO Progress:39 Calculating pseudoTransitRoutes ... 123/31813 (0.39%)
2025-04-14T10:48:28,115  INFO Progress:39 Calculating pseudoTransitRoutes ... 125/31813 (0.39%)
2025-04-14T10:48:33,079  INFO Progress:39 Calculating pseudoTransitRoutes ... 126/31813 (0.40%)
2025-04-14T10:48:52,200  INFO Progress:39 Calculating pseudoTransitRoutes ... 127/31813 (0.40%)
2025-04-14T10:48:53,204  INFO Progress:39 Calculating pseudoTransitRoutes ... 415/31813 (1.30%)
2025-04-14T10:49:12,273  INFO Progress:39 Calculating pseudoTransitRoutes ... 469/31813 (1.47%)
2025-04-14T10:49:22,487  INFO Progress:39 Calculating pseudoTransitRoutes ... 470/31813 (1.48%)
2025-04-14T10:49:38,133  INFO Progress:39 Calculating pseudoTransitRoutes ... 472/31813 (1.48%)
2025-04-14T10:49:56,423  INFO Progress:39 Calculating pseudoTransitRoutes ... 473/31813 (1.49%)
2025-04-14T10:50:11,993  INFO Progress:39 Calculating pseudoTransitRoutes ... 474/31813 (1.49%)
2025-04-14T10:50:14,089  INFO Progress:39 Calculating pseudoTransitRoutes ... 477/31813 (1.50%)
2025-04-14T10:50:19,465  INFO Progress:39 Calculating pseudoTransitRoutes ... 478/31813 (1.50%)
2025-04-14T10:50:55,489  INFO Progress:39 Calculating pseudoTransitRoutes ... 479/31813 (1.51%)
2025-04-14T10:51:00,905  INFO Progress:39 Calculating pseudoTransitRoutes ... 480/31813 (1.51%)
2025-04-14T10:51:03,615  INFO Progress:39 Calculating pseudoTransitRoutes ... 482/31813 (1.52%)
2025-04-14T10:51:05,208  INFO Progress:39 Calculating pseudoTransitRoutes ... 483/31813 (1.52%)
2025-04-14T10:51:26,666  INFO Progress:39 Calculating pseudoTransitRoutes ... 484/31813 (1.52%)
2025-04-14T10:51:49,711  INFO Progress:39 Calculating pseudoTransitRoutes ... 485/31813 (1.52%)
2025-04-14T10:51:51,126  INFO Progress:39 Calculating pseudoTransitRoutes ... 486/31813 (1.53%)
2025-04-14T10:52:14,868  INFO Progress:39 Calculating pseudoTransitRoutes ... 493/31813 (1.55%)
2025-04-14T10:52:33,878  INFO Progress:39 Calculating pseudoTransitRoutes ... 494/31813 (1.55%)
2025-04-14T10:52:41,126  INFO Progress:39 Calculating pseudoTransitRoutes ... 495/31813 (1.56%)
2025-04-14T10:52:56,934  INFO Progress:39 Calculating pseudoTransitRoutes ... 648/31813 (2.04%)
2025-04-14T10:53:15,117  INFO Progress:39 Calculating pseudoTransitRoutes ... 649/31813 (2.04%)
2025-04-14T10:53:24,627  INFO Progress:39 Calculating pseudoTransitRoutes ... 650/31813 (2.04%)
2025-04-14T10:53:29,911  INFO Progress:39 Calculating pseudoTransitRoutes ... 651/31813 (2.05%)
2025-04-14T10:53:41,102  INFO Progress:39 Calculating pseudoTransitRoutes ... 654/31813 (2.06%)
2025-04-14T10:54:04,160  INFO Progress:39 Calculating pseudoTransitRoutes ... 656/31813 (2.06%)
2025-04-14T10:54:27,207  INFO Progress:39 Calculating pseudoTransitRoutes ... 658/31813 (2.07%)
2025-04-14T10:54:32,978  INFO Progress:39 Calculating pseudoTransitRoutes ... 659/31813 (2.07%)
2025-04-14T10:54:50,262  INFO Progress:39 Calculating pseudoTransitRoutes ... 660/31813 (2.07%)
2025-04-14T10:55:23,708  INFO Progress:39 Calculating pseudoTransitRoutes ... 661/31813 (2.08%)
2025-04-14T10:55:29,111  INFO Progress:39 Calculating pseudoTransitRoutes ... 662/31813 (2.08%)
2025-04-14T10:55:34,421  INFO Progress:39 Calculating pseudoTransitRoutes ... 663/31813 (2.08%)
2025-04-14T10:55:41,019  INFO Progress:39 Calculating pseudoTransitRoutes ... 668/31813 (2.10%)
2025-04-14T10:56:05,070  INFO Progress:39 Calculating pseudoTransitRoutes ... 669/31813 (2.10%)
2025-04-14T10:56:18,595  INFO Progress:39 Calculating pseudoTransitRoutes ... 670/31813 (2.11%)
2025-04-14T10:56:37,751  INFO Progress:39 Calculating pseudoTransitRoutes ... 671/31813 (2.11%)
2025-04-14T10:56:46,440  INFO Progress:39 Calculating pseudoTransitRoutes ... 964/31813 (3.03%)
2025-04-14T10:56:50,635  INFO Progress:39 Calculating pseudoTransitRoutes ... 965/31813 (3.03%)
2025-04-14T10:57:02,680  INFO Progress:39 Calculating pseudoTransitRoutes ... 1073/31813 (3.37%)
2025-04-14T10:57:09,725  INFO Progress:39 Calculating pseudoTransitRoutes ... 1077/31813 (3.39%)
2025-04-14T10:57:16,769  INFO Progress:39 Calculating pseudoTransitRoutes ... 1078/31813 (3.39%)
2025-04-14T10:57:22,389  INFO Progress:39 Calculating pseudoTransitRoutes ... 1079/31813 (3.39%)
2025-04-14T10:57:23,812  INFO Progress:39 Calculating pseudoTransitRoutes ... 1216/31813 (3.82%)
2025-04-14T10:57:25,699  INFO Progress:39 Calculating pseudoTransitRoutes ... 1217/31813 (3.83%)
2025-04-14T10:57:35,484  INFO Progress:39 Calculating pseudoTransitRoutes ... 1218/31813 (3.83%)
2025-04-14T10:57:38,113  INFO Progress:39 Calculating pseudoTransitRoutes ... 1219/31813 (3.83%)
2025-04-14T10:57:47,159  INFO Progress:39 Calculating pseudoTransitRoutes ... 1220/31813 (3.83%)
2025-04-14T10:57:48,469  INFO Progress:39 Calculating pseudoTransitRoutes ... 1221/31813 (3.84%)
2025-04-14T10:57:49,495  INFO Progress:39 Calculating pseudoTransitRoutes ... 1569/31813 (4.93%)
2025-04-14T10:57:58,832  INFO Progress:39 Calculating pseudoTransitRoutes ... 1665/31813 (5.23%)
2025-04-14T10:58:05,876  INFO Progress:39 Calculating pseudoTransitRoutes ... 1666/31813 (5.24%)
2025-04-14T10:58:06,908  INFO Progress:39 Calculating pseudoTransitRoutes ... 1795/31813 (5.64%)
2025-04-14T10:58:09,799  INFO Progress:39 Calculating pseudoTransitRoutes ... 1813/31813 (5.70%)
2025-04-14T10:58:12,206  INFO Progress:39 Calculating pseudoTransitRoutes ... 1934/31813 (6.08%)
2025-04-14T10:58:17,504  INFO Progress:39 Calculating pseudoTransitRoutes ... 1937/31813 (6.09%)
2025-04-14T10:58:22,805  INFO Progress:39 Calculating pseudoTransitRoutes ... 1939/31813 (6.09%)
2025-04-14T10:58:38,495  INFO Progress:39 Calculating pseudoTransitRoutes ... 1974/31813 (6.21%)
2025-04-14T10:58:59,677  INFO Progress:39 Calculating pseudoTransitRoutes ... 1984/31813 (6.24%)
2025-04-14T10:59:45,083  INFO Progress:39 Calculating pseudoTransitRoutes ... 1985/31813 (6.24%)
2025-04-14T11:00:01,821  INFO Progress:39 Calculating pseudoTransitRoutes ... 1986/31813 (6.24%)
2025-04-14T11:00:50,806  INFO Progress:39 Calculating pseudoTransitRoutes ... 1988/31813 (6.25%)
2025-04-14T11:00:54,138  INFO Progress:39 Calculating pseudoTransitRoutes ... 1989/31813 (6.25%)
2025-04-14T11:01:03,943  INFO Progress:39 Calculating pseudoTransitRoutes ... 1991/31813 (6.26%)
2025-04-14T11:01:34,363  INFO Progress:39 Calculating pseudoTransitRoutes ... 1992/31813 (6.26%)
2025-04-14T11:02:03,152  INFO Progress:39 Calculating pseudoTransitRoutes ... 1994/31813 (6.27%)
2025-04-14T11:02:06,021  INFO Progress:39 Calculating pseudoTransitRoutes ... 1995/31813 (6.27%)
2025-04-14T11:02:55,122  INFO Progress:39 Calculating pseudoTransitRoutes ... 1996/31813 (6.27%)
2025-04-14T11:03:03,083  INFO Progress:39 Calculating pseudoTransitRoutes ... 1997/31813 (6.28%)
2025-04-14T11:03:25,244  INFO Progress:39 Calculating pseudoTransitRoutes ... 1998/31813 (6.28%)
2025-04-14T11:03:43,920  INFO Progress:39 Calculating pseudoTransitRoutes ... 1999/31813 (6.28%)
2025-04-14T11:03:57,193  INFO Progress:39 Calculating pseudoTransitRoutes ... 2000/31813 (6.29%)
2025-04-14T11:04:24,738  INFO Progress:39 Calculating pseudoTransitRoutes ... 2001/31813 (6.29%)
2025-04-14T11:04:46,281  INFO Progress:39 Calculating pseudoTransitRoutes ... 2004/31813 (6.30%)
2025-04-14T11:04:47,299  INFO Progress:39 Calculating pseudoTransitRoutes ... 2007/31813 (6.31%)
2025-04-14T11:05:17,557  INFO Progress:39 Calculating pseudoTransitRoutes ... 2008/31813 (6.31%)
2025-04-14T11:05:35,488  INFO Progress:39 Calculating pseudoTransitRoutes ... 2031/31813 (6.38%)
2025-04-14T11:05:41,076  INFO Progress:39 Calculating pseudoTransitRoutes ... 2033/31813 (6.39%)
2025-04-14T11:05:57,975  INFO Progress:39 Calculating pseudoTransitRoutes ... 2054/31813 (6.46%)
2025-04-14T11:06:16,431  INFO Progress:39 Calculating pseudoTransitRoutes ... 2056/31813 (6.46%)
2025-04-14T11:06:28,035  INFO Progress:39 Calculating pseudoTransitRoutes ... 2057/31813 (6.47%)
2025-04-14T11:06:32,640  INFO Progress:39 Calculating pseudoTransitRoutes ... 2058/31813 (6.47%)
2025-04-14T11:06:34,102  INFO Progress:39 Calculating pseudoTransitRoutes ... 2059/31813 (6.47%)
2025-04-14T11:07:20,710  INFO Progress:39 Calculating pseudoTransitRoutes ... 2060/31813 (6.48%)
2025-04-14T11:07:47,265  INFO Progress:39 Calculating pseudoTransitRoutes ... 2061/31813 (6.48%)
2025-04-14T11:07:49,365  INFO Progress:39 Calculating pseudoTransitRoutes ... 2062/31813 (6.48%)
2025-04-14T11:08:14,647  INFO Progress:39 Calculating pseudoTransitRoutes ... 2063/31813 (6.48%)
2025-04-14T11:09:00,058  INFO Progress:39 Calculating pseudoTransitRoutes ... 2065/31813 (6.49%)
2025-04-14T11:09:05,075  INFO Progress:39 Calculating pseudoTransitRoutes ... 2066/31813 (6.49%)
2025-04-14T11:09:15,723  INFO Progress:39 Calculating pseudoTransitRoutes ... 2306/31813 (7.25%)
2025-04-14T11:10:05,696  INFO Progress:39 Calculating pseudoTransitRoutes ... 2307/31813 (7.25%)
2025-04-14T11:10:22,194  INFO Progress:39 Calculating pseudoTransitRoutes ... 2308/31813 (7.25%)
2025-04-14T11:10:38,537  INFO Progress:39 Calculating pseudoTransitRoutes ... 2309/31813 (7.26%)
2025-04-14T11:10:54,851  INFO Progress:39 Calculating pseudoTransitRoutes ... 2310/31813 (7.26%)
2025-04-14T11:10:58,295  INFO Progress:39 Calculating pseudoTransitRoutes ... 2311/31813 (7.26%)
2025-04-14T11:11:22,946  INFO Progress:39 Calculating pseudoTransitRoutes ... 2312/31813 (7.27%)
2025-04-14T11:11:31,195  INFO Progress:39 Calculating pseudoTransitRoutes ... 2313/31813 (7.27%)
2025-04-14T11:11:50,651  INFO Progress:39 Calculating pseudoTransitRoutes ... 2314/31813 (7.27%)
2025-04-14T11:12:03,716  INFO Progress:39 Calculating pseudoTransitRoutes ... 2318/31813 (7.29%)
2025-04-14T11:12:32,560  INFO Progress:39 Calculating pseudoTransitRoutes ... 2319/31813 (7.29%)
2025-04-14T11:12:36,236  INFO Progress:39 Calculating pseudoTransitRoutes ... 2320/31813 (7.29%)
2025-04-14T11:12:50,870  INFO Progress:39 Calculating pseudoTransitRoutes ... 2321/31813 (7.30%)
2025-04-14T11:13:42,180  INFO Progress:39 Calculating pseudoTransitRoutes ... 2322/31813 (7.30%)
2025-04-14T11:13:45,244  INFO Progress:39 Calculating pseudoTransitRoutes ... 2323/31813 (7.30%)
2025-04-14T11:13:50,872  INFO Progress:39 Calculating pseudoTransitRoutes ... 2324/31813 (7.31%)
2025-04-14T11:14:32,093  INFO Progress:39 Calculating pseudoTransitRoutes ... 2325/31813 (7.31%)
2025-04-14T11:14:51,760  INFO Progress:39 Calculating pseudoTransitRoutes ... 2326/31813 (7.31%)
2025-04-14T11:15:09,158  INFO Progress:39 Calculating pseudoTransitRoutes ... 2327/31813 (7.31%)
2025-04-14T11:15:45,134  INFO Progress:39 Calculating pseudoTransitRoutes ... 2328/31813 (7.32%)
2025-04-14T11:15:47,064  INFO Progress:39 Calculating pseudoTransitRoutes ... 2329/31813 (7.32%)
2025-04-14T11:16:24,030  INFO Progress:39 Calculating pseudoTransitRoutes ... 2330/31813 (7.32%)
2025-04-14T11:16:35,427  INFO Progress:39 Calculating pseudoTransitRoutes ... 2332/31813 (7.33%)
2025-04-14T11:16:50,647  INFO Progress:39 Calculating pseudoTransitRoutes ... 2333/31813 (7.33%)
2025-04-14T11:16:58,896  INFO Progress:39 Calculating pseudoTransitRoutes ... 2334/31813 (7.34%)
2025-04-14T11:17:10,473  INFO Progress:39 Calculating pseudoTransitRoutes ... 2335/31813 (7.34%)
2025-04-14T11:17:23,873  INFO Progress:39 Calculating pseudoTransitRoutes ... 2336/31813 (7.34%)
2025-04-14T11:17:26,171  INFO Progress:39 Calculating pseudoTransitRoutes ... 2338/31813 (7.35%)
2025-04-14T11:17:46,602  INFO Progress:39 Calculating pseudoTransitRoutes ... 2339/31813 (7.35%)
2025-04-14T11:18:34,178  INFO Progress:39 Calculating pseudoTransitRoutes ... 2340/31813 (7.36%)
2025-04-14T11:18:46,551  INFO Progress:39 Calculating pseudoTransitRoutes ... 2341/31813 (7.36%)
2025-04-14T11:18:49,600  INFO Progress:39 Calculating pseudoTransitRoutes ... 2343/31813 (7.36%)
2025-04-14T11:18:50,642  INFO Progress:39 Calculating pseudoTransitRoutes ... 2500/31813 (7.86%)
2025-04-14T11:19:15,408  INFO Progress:39 Calculating pseudoTransitRoutes ... 2532/31813 (7.96%)
2025-04-14T11:19:16,414  INFO Progress:39 Calculating pseudoTransitRoutes ... 2660/31813 (8.36%)
2025-04-14T11:19:28,435  INFO Progress:39 Calculating pseudoTransitRoutes ... 2710/31813 (8.52%)
2025-04-14T11:19:39,116  INFO Progress:39 Calculating pseudoTransitRoutes ... 2716/31813 (8.54%)
2025-04-14T11:19:40,183  INFO Progress:39 Calculating pseudoTransitRoutes ... 2717/31813 (8.54%)
2025-04-14T11:19:43,037  INFO Progress:39 Calculating pseudoTransitRoutes ... 2724/31813 (8.56%)
2025-04-14T11:19:47,275  INFO Progress:39 Calculating pseudoTransitRoutes ... 2725/31813 (8.57%)
2025-04-14T11:19:48,279  INFO Progress:39 Calculating pseudoTransitRoutes ... 2921/31813 (9.18%)
2025-04-14T11:20:11,205  INFO Progress:39 Calculating pseudoTransitRoutes ... 3001/31813 (9.43%)
2025-04-14T11:20:32,493  INFO Progress:39 Calculating pseudoTransitRoutes ... 3003/31813 (9.44%)
2025-04-14T11:21:07,364  INFO Progress:39 Calculating pseudoTransitRoutes ... 3004/31813 (9.44%)
2025-04-14T11:21:12,064  INFO Progress:39 Calculating pseudoTransitRoutes ... 3103/31813 (9.75%)
2025-04-14T11:21:27,625  INFO Progress:39 Calculating pseudoTransitRoutes ... 3104/31813 (9.76%)
2025-04-14T11:21:28,627  INFO Progress:39 Calculating pseudoTransitRoutes ... 3250/31813 (10.22%)
2025-04-14T11:21:36,019  INFO Progress:39 Calculating pseudoTransitRoutes ... 3270/31813 (10.28%)
2025-04-14T11:21:48,073  INFO Progress:39 Calculating pseudoTransitRoutes ... 3271/31813 (10.28%)
2025-04-14T11:22:27,322  INFO Progress:39 Calculating pseudoTransitRoutes ... 3272/31813 (10.29%)
2025-04-14T11:22:38,065  INFO Progress:39 Calculating pseudoTransitRoutes ... 3275/31813 (10.29%)
2025-04-14T11:22:47,662  INFO Progress:39 Calculating pseudoTransitRoutes ... 3276/31813 (10.30%)
2025-04-14T11:23:26,125  INFO Progress:39 Calculating pseudoTransitRoutes ... 3277/31813 (10.30%)
2025-04-14T11:23:32,915  INFO Progress:39 Calculating pseudoTransitRoutes ... 3279/31813 (10.31%)
2025-04-14T11:23:39,197  INFO Progress:39 Calculating pseudoTransitRoutes ... 3281/31813 (10.31%)
2025-04-14T11:24:37,783  INFO Progress:39 Calculating pseudoTransitRoutes ... 3283/31813 (10.32%)
2025-04-14T11:24:48,041  INFO Progress:39 Calculating pseudoTransitRoutes ... 3284/31813 (10.32%)
2025-04-14T11:25:36,053  INFO Progress:39 Calculating pseudoTransitRoutes ... 3285/31813 (10.33%)
2025-04-14T11:25:49,939  INFO Progress:39 Calculating pseudoTransitRoutes ... 3286/31813 (10.33%)
2025-04-14T11:25:58,885  INFO Progress:39 Calculating pseudoTransitRoutes ... 3288/31813 (10.34%)
2025-04-14T11:26:51,879  INFO Progress:39 Calculating pseudoTransitRoutes ... 3290/31813 (10.34%)
2025-04-14T11:26:57,166  INFO Progress:39 Calculating pseudoTransitRoutes ... 3292/31813 (10.35%)
2025-04-14T11:27:17,293  INFO Progress:39 Calculating pseudoTransitRoutes ... 3293/31813 (10.35%)
2025-04-14T11:27:20,015  INFO Progress:39 Calculating pseudoTransitRoutes ... 3294/31813 (10.35%)
2025-04-14T11:27:42,883  INFO Progress:39 Calculating pseudoTransitRoutes ... 3295/31813 (10.36%)
2025-04-14T11:27:51,086  INFO Progress:39 Calculating pseudoTransitRoutes ... 3296/31813 (10.36%)
2025-04-14T11:28:06,718  INFO Progress:39 Calculating pseudoTransitRoutes ... 3297/31813 (10.36%)
2025-04-14T11:28:13,174  INFO Progress:39 Calculating pseudoTransitRoutes ... 3298/31813 (10.37%)
2025-04-14T11:28:41,171  INFO Progress:39 Calculating pseudoTransitRoutes ... 3299/31813 (10.37%)
2025-04-14T11:28:46,096  INFO Progress:39 Calculating pseudoTransitRoutes ... 3343/31813 (10.51%)
2025-04-14T11:28:51,933  INFO Progress:39 Calculating pseudoTransitRoutes ... 3345/31813 (10.51%)
2025-04-14T11:28:57,285  INFO Progress:39 Calculating pseudoTransitRoutes ... 3346/31813 (10.52%)
2025-04-14T11:28:57,596  WARN PseudoRoutingImpl:104 There are stop pairs where minTravelCost is 0.0! This might happen if two stops are on the same coordinate or if departure and arrival time of two subsequent stops are identical. Further messages are suppressed.
2025-04-14T11:29:21,232  INFO Progress:39 Calculating pseudoTransitRoutes ... 3512/31813 (11.04%)
2025-04-14T11:29:30,538  INFO Progress:39 Calculating pseudoTransitRoutes ... 3514/31813 (11.05%)
2025-04-14T11:30:03,479  INFO Progress:39 Calculating pseudoTransitRoutes ... 3516/31813 (11.05%)
2025-04-14T11:30:23,582  INFO Progress:39 Calculating pseudoTransitRoutes ... 3927/31813 (12.34%)
2025-04-14T11:31:25,862  INFO Progress:39 Calculating pseudoTransitRoutes ... 3929/31813 (12.35%)
2025-04-14T11:32:06,452  INFO Progress:39 Calculating pseudoTransitRoutes ... 3931/31813 (12.36%)
2025-04-14T11:32:07,612  INFO Progress:39 Calculating pseudoTransitRoutes ... 3942/31813 (12.39%)
2025-04-14T11:32:08,614  INFO Progress:39 Calculating pseudoTransitRoutes ... 4245/31813 (13.34%)
2025-04-14T11:32:09,617  INFO Progress:39 Calculating pseudoTransitRoutes ... 4542/31813 (14.28%)
2025-04-14T11:32:10,620  INFO Progress:39 Calculating pseudoTransitRoutes ... 4785/31813 (15.04%)
2025-04-14T11:32:11,621  INFO Progress:39 Calculating pseudoTransitRoutes ... 4919/31813 (15.46%)
2025-04-14T11:32:12,636  INFO Progress:39 Calculating pseudoTransitRoutes ... 5083/31813 (15.98%)
2025-04-14T11:32:13,639  INFO Progress:39 Calculating pseudoTransitRoutes ... 5163/31813 (16.23%)
2025-04-14T11:32:14,640  INFO Progress:39 Calculating pseudoTransitRoutes ... 5392/31813 (16.95%)
2025-04-14T11:32:15,641  INFO Progress:39 Calculating pseudoTransitRoutes ... 5707/31813 (17.94%)
2025-04-14T11:32:16,645  INFO Progress:39 Calculating pseudoTransitRoutes ... 6046/31813 (19.00%)
2025-04-14T11:32:17,646  INFO Progress:39 Calculating pseudoTransitRoutes ... 6226/31813 (19.57%)
2025-04-14T11:32:18,647  INFO Progress:39 Calculating pseudoTransitRoutes ... 6586/31813 (20.70%)
2025-04-14T11:32:19,648  INFO Progress:39 Calculating pseudoTransitRoutes ... 7011/31813 (22.04%)
2025-04-14T11:32:20,653  INFO Progress:39 Calculating pseudoTransitRoutes ... 7667/31813 (24.10%)
2025-04-14T11:32:21,657  INFO Progress:39 Calculating pseudoTransitRoutes ... 8039/31813 (25.27%)
2025-04-14T11:32:22,743  INFO Progress:39 Calculating pseudoTransitRoutes ... 8768/31813 (27.56%)
2025-04-14T11:32:23,747  INFO Progress:39 Calculating pseudoTransitRoutes ... 9151/31813 (28.76%)
2025-04-14T11:32:24,759  INFO Progress:39 Calculating pseudoTransitRoutes ... 9606/31813 (30.20%)
2025-04-14T11:32:25,759  INFO Progress:39 Calculating pseudoTransitRoutes ... 9883/31813 (31.07%)
2025-04-14T11:32:39,017  INFO Progress:39 Calculating pseudoTransitRoutes ... 10102/31813 (31.75%)
2025-04-14T11:33:07,664  INFO Progress:39 Calculating pseudoTransitRoutes ... 10106/31813 (31.77%)
2025-04-14T11:33:38,569  INFO Progress:39 Calculating pseudoTransitRoutes ... 10109/31813 (31.78%)
2025-04-14T11:34:50,444  INFO Progress:39 Calculating pseudoTransitRoutes ... 10115/31813 (31.80%)
2025-04-14T11:36:02,166  INFO Progress:39 Calculating pseudoTransitRoutes ... 10116/31813 (31.80%)
2025-04-14T11:36:38,142  INFO Progress:39 Calculating pseudoTransitRoutes ... 10118/31813 (31.80%)
2025-04-14T11:36:55,454  INFO Progress:39 Calculating pseudoTransitRoutes ... 10119/31813 (31.81%)
2025-04-14T11:37:13,911  INFO Progress:39 Calculating pseudoTransitRoutes ... 10120/31813 (31.81%)
2025-04-14T11:37:30,742  INFO Progress:39 Calculating pseudoTransitRoutes ... 10125/31813 (31.83%)
2025-04-14T11:37:48,897  INFO Progress:39 Calculating pseudoTransitRoutes ... 10126/31813 (31.83%)
2025-04-14T11:38:12,123  INFO Progress:39 Calculating pseudoTransitRoutes ... 10130/31813 (31.84%)
2025-04-14T11:38:25,720  INFO Progress:39 Calculating pseudoTransitRoutes ... 10132/31813 (31.85%)
2025-04-14T11:38:35,400  INFO Progress:39 Calculating pseudoTransitRoutes ... 10136/31813 (31.86%)
2025-04-14T11:38:58,636  INFO Progress:39 Calculating pseudoTransitRoutes ... 10137/31813 (31.86%)
2025-04-14T11:39:21,888  INFO Progress:39 Calculating pseudoTransitRoutes ... 10138/31813 (31.87%)
2025-04-14T11:39:37,484  INFO Progress:39 Calculating pseudoTransitRoutes ... 10140/31813 (31.87%)
2025-04-14T11:39:45,161  INFO Progress:39 Calculating pseudoTransitRoutes ... 10149/31813 (31.90%)
2025-04-14T11:40:08,389  INFO Progress:39 Calculating pseudoTransitRoutes ... 10152/31813 (31.91%)
2025-04-14T11:40:31,641  INFO Progress:39 Calculating pseudoTransitRoutes ... 10156/31813 (31.92%)
2025-04-14T11:40:37,254  INFO Progress:39 Calculating pseudoTransitRoutes ... 10158/31813 (31.93%)
2025-04-14T11:40:54,882  INFO Progress:39 Calculating pseudoTransitRoutes ... 10162/31813 (31.94%)
2025-04-14T11:41:19,823  INFO Progress:39 Calculating pseudoTransitRoutes ... 10212/31813 (32.10%)
2025-04-14T11:41:43,266  INFO Progress:39 Calculating pseudoTransitRoutes ... 10213/31813 (32.10%)
2025-04-14T11:41:49,059  INFO Progress:39 Calculating pseudoTransitRoutes ... 10214/31813 (32.11%)
2025-04-14T11:42:32,163  INFO Progress:39 Calculating pseudoTransitRoutes ... 10215/31813 (32.11%)
2025-04-14T11:43:00,735  INFO Progress:39 Calculating pseudoTransitRoutes ... 10216/31813 (32.11%)
2025-04-14T11:43:44,424  INFO Progress:39 Calculating pseudoTransitRoutes ... 10218/31813 (32.12%)
2025-04-14T11:44:12,450  INFO Progress:39 Calculating pseudoTransitRoutes ... 10219/31813 (32.12%)
2025-04-14T11:44:25,477  INFO Progress:39 Calculating pseudoTransitRoutes ... 10240/31813 (32.19%)
2025-04-14T11:44:35,940  INFO Progress:39 Calculating pseudoTransitRoutes ... 10241/31813 (32.19%)
2025-04-14T11:44:48,939  INFO Progress:39 Calculating pseudoTransitRoutes ... 10242/31813 (32.19%)
2025-04-14T11:44:56,707  INFO Progress:39 Calculating pseudoTransitRoutes ... 10243/31813 (32.20%)
2025-04-14T11:45:01,938  INFO Progress:39 Calculating pseudoTransitRoutes ... 10293/31813 (32.35%)
2025-04-14T11:45:15,042  INFO Progress:39 Calculating pseudoTransitRoutes ... 10294/31813 (32.36%)
2025-04-14T11:45:20,469  INFO Progress:39 Calculating pseudoTransitRoutes ... 10295/31813 (32.36%)
2025-04-14T11:45:26,227  INFO Progress:39 Calculating pseudoTransitRoutes ... 10298/31813 (32.37%)
2025-04-14T11:45:37,448  INFO Progress:39 Calculating pseudoTransitRoutes ... 10299/31813 (32.37%)
2025-04-14T11:45:45,017  INFO Progress:39 Calculating pseudoTransitRoutes ... 10300/31813 (32.38%)
2025-04-14T11:45:48,564  INFO Progress:39 Calculating pseudoTransitRoutes ... 10311/31813 (32.41%)
2025-04-14T11:45:58,704  INFO Progress:39 Calculating pseudoTransitRoutes ... 10312/31813 (32.41%)
2025-04-14T11:46:02,477  INFO Progress:39 Calculating pseudoTransitRoutes ... 10313/31813 (32.42%)
2025-04-14T11:46:09,661  INFO Progress:39 Calculating pseudoTransitRoutes ... 10314/31813 (32.42%)
2025-04-14T11:46:13,731  INFO Progress:39 Calculating pseudoTransitRoutes ... 10319/31813 (32.44%)
2025-04-14T11:46:27,810  INFO Progress:39 Calculating pseudoTransitRoutes ... 10320/31813 (32.44%)
2025-04-14T11:46:29,154  INFO Progress:39 Calculating pseudoTransitRoutes ... 10510/31813 (33.04%)
2025-04-14T11:46:30,268  INFO Progress:39 Calculating pseudoTransitRoutes ... 10514/31813 (33.05%)
2025-04-14T11:46:31,382  INFO Progress:39 Calculating pseudoTransitRoutes ... 10518/31813 (33.06%)
2025-04-14T11:46:32,501  INFO Progress:39 Calculating pseudoTransitRoutes ... 10523/31813 (33.08%)
2025-04-14T11:46:33,618  INFO Progress:39 Calculating pseudoTransitRoutes ... 10527/31813 (33.09%)
2025-04-14T11:46:34,729  INFO Progress:39 Calculating pseudoTransitRoutes ... 10536/31813 (33.12%)
2025-04-14T11:46:35,847  INFO Progress:39 Calculating pseudoTransitRoutes ... 10542/31813 (33.14%)
2025-04-14T11:46:36,965  INFO Progress:39 Calculating pseudoTransitRoutes ... 10547/31813 (33.15%)
2025-04-14T11:46:52,275  INFO Progress:39 Calculating pseudoTransitRoutes ... 10551/31813 (33.17%)
2025-04-14T11:46:59,095  INFO Progress:39 Calculating pseudoTransitRoutes ... 10553/31813 (33.17%)
2025-04-14T11:47:06,977  INFO Progress:39 Calculating pseudoTransitRoutes ... 10558/31813 (33.19%)
2025-04-14T11:47:21,825  INFO Progress:39 Calculating pseudoTransitRoutes ... 10560/31813 (33.19%)
2025-04-14T11:47:23,847  INFO Progress:39 Calculating pseudoTransitRoutes ... 10566/31813 (33.21%)
2025-04-14T11:47:36,803  INFO Progress:39 Calculating pseudoTransitRoutes ... 10577/31813 (33.25%)
2025-04-14T11:47:48,879  INFO Progress:39 Calculating pseudoTransitRoutes ... 10580/31813 (33.26%)
2025-04-14T11:47:51,751  INFO Progress:39 Calculating pseudoTransitRoutes ... 10586/31813 (33.28%)
2025-04-14T11:48:01,168  INFO Progress:39 Calculating pseudoTransitRoutes ... 10598/31813 (33.31%)
2025-04-14T11:48:10,514  INFO Progress:39 Calculating pseudoTransitRoutes ... 10599/31813 (33.32%)
2025-04-14T11:48:13,690  INFO Progress:39 Calculating pseudoTransitRoutes ... 10600/31813 (33.32%)
2025-04-14T11:48:16,819  INFO Progress:39 Calculating pseudoTransitRoutes ... 10601/31813 (33.32%)
2025-04-14T11:48:26,275  INFO Progress:39 Calculating pseudoTransitRoutes ... 10602/31813 (33.33%)
2025-04-14T11:48:35,730  INFO Progress:39 Calculating pseudoTransitRoutes ... 10603/31813 (33.33%)
2025-04-14T11:48:38,721  INFO Progress:39 Calculating pseudoTransitRoutes ... 10604/31813 (33.33%)
2025-04-14T11:48:42,039  INFO Progress:39 Calculating pseudoTransitRoutes ... 10609/31813 (33.35%)
2025-04-14T11:48:48,268  INFO Progress:39 Calculating pseudoTransitRoutes ... 10610/31813 (33.35%)
2025-04-14T11:48:50,852  INFO Progress:39 Calculating pseudoTransitRoutes ... 10611/31813 (33.35%)
2025-04-14T11:48:54,416  INFO Progress:39 Calculating pseudoTransitRoutes ... 10612/31813 (33.36%)
2025-04-14T11:48:58,075  INFO Progress:39 Calculating pseudoTransitRoutes ... 10613/31813 (33.36%)
2025-04-14T11:49:00,566  INFO Progress:39 Calculating pseudoTransitRoutes ... 10614/31813 (33.36%)
2025-04-14T11:49:09,748  INFO Progress:39 Calculating pseudoTransitRoutes ... 10615/31813 (33.37%)
2025-04-14T11:49:17,453  INFO Progress:39 Calculating pseudoTransitRoutes ... 10617/31813 (33.37%)
2025-04-14T11:49:19,044  INFO Progress:39 Calculating pseudoTransitRoutes ... 10618/31813 (33.38%)
2025-04-14T11:49:28,426  INFO Progress:39 Calculating pseudoTransitRoutes ... 10619/31813 (33.38%)
2025-04-14T11:49:29,684  INFO Progress:39 Calculating pseudoTransitRoutes ... 10620/31813 (33.38%)
2025-04-14T11:49:34,738  INFO Progress:39 Calculating pseudoTransitRoutes ... 10621/31813 (33.39%)
2025-04-14T11:49:37,110  INFO Progress:39 Calculating pseudoTransitRoutes ... 10622/31813 (33.39%)
2025-04-14T11:49:44,187  INFO Progress:39 Calculating pseudoTransitRoutes ... 10623/31813 (33.39%)
2025-04-14T11:49:49,420  INFO Progress:39 Calculating pseudoTransitRoutes ... 10624/31813 (33.40%)
2025-04-14T11:49:50,482  INFO Progress:39 Calculating pseudoTransitRoutes ... 10625/31813 (33.40%)
2025-04-14T11:49:56,834  INFO Progress:39 Calculating pseudoTransitRoutes ... 10626/31813 (33.40%)
2025-04-14T11:49:59,855  INFO Progress:39 Calculating pseudoTransitRoutes ... 10627/31813 (33.40%)
2025-04-14T11:50:09,035  INFO Progress:39 Calculating pseudoTransitRoutes ... 10747/31813 (33.78%)
2025-04-14T11:50:12,206  INFO Progress:39 Calculating pseudoTransitRoutes ... 10748/31813 (33.78%)
2025-04-14T11:50:13,215  INFO Progress:39 Calculating pseudoTransitRoutes ... 10783/31813 (33.89%)
2025-04-14T11:50:16,374  INFO Progress:39 Calculating pseudoTransitRoutes ... 11084/31813 (34.84%)
2025-04-14T11:50:28,599  INFO Progress:39 Calculating pseudoTransitRoutes ... 11085/31813 (34.84%)
2025-04-14T11:50:30,761  INFO Progress:39 Calculating pseudoTransitRoutes ... 11086/31813 (34.85%)
2025-04-14T11:50:36,028  INFO Progress:39 Calculating pseudoTransitRoutes ... 11136/31813 (35.00%)
2025-04-14T11:50:48,424  INFO Progress:39 Calculating pseudoTransitRoutes ... 11137/31813 (35.01%)
2025-04-14T11:50:49,435  INFO Progress:39 Calculating pseudoTransitRoutes ... 11223/31813 (35.28%)
2025-04-14T11:50:55,656  INFO Progress:39 Calculating pseudoTransitRoutes ... 11254/31813 (35.38%)
2025-04-14T11:51:01,222  INFO Progress:39 Calculating pseudoTransitRoutes ... 11258/31813 (35.39%)
2025-04-14T11:51:02,223  INFO Progress:39 Calculating pseudoTransitRoutes ... 11375/31813 (35.76%)
2025-04-14T11:51:22,509  INFO Progress:39 Calculating pseudoTransitRoutes ... 11388/31813 (35.80%)
2025-04-14T11:51:26,593  INFO Progress:39 Calculating pseudoTransitRoutes ... 11488/31813 (36.11%)
2025-04-14T11:51:30,524  INFO Progress:39 Calculating pseudoTransitRoutes ... 11489/31813 (36.11%)
2025-04-14T11:51:37,922  INFO Progress:39 Calculating pseudoTransitRoutes ... 11491/31813 (36.12%)
2025-04-14T11:51:45,375  INFO Progress:39 Calculating pseudoTransitRoutes ... 11492/31813 (36.12%)
2025-04-14T11:51:57,851  INFO Progress:39 Calculating pseudoTransitRoutes ... 11495/31813 (36.13%)
2025-04-14T11:52:10,151  INFO Progress:39 Calculating pseudoTransitRoutes ... 11498/31813 (36.14%)
2025-04-14T11:52:21,466  INFO Progress:39 Calculating pseudoTransitRoutes ... 11499/31813 (36.15%)
2025-04-14T11:52:29,602  INFO Progress:39 Calculating pseudoTransitRoutes ... 11501/31813 (36.15%)
2025-04-14T11:52:30,656  INFO Progress:39 Calculating pseudoTransitRoutes ... 11512/31813 (36.19%)
2025-04-14T11:52:31,670  INFO Progress:39 Calculating pseudoTransitRoutes ... 11523/31813 (36.22%)
2025-04-14T11:52:32,717  INFO Progress:39 Calculating pseudoTransitRoutes ... 11534/31813 (36.26%)
2025-04-14T11:52:33,787  INFO Progress:39 Calculating pseudoTransitRoutes ... 11546/31813 (36.29%)
2025-04-14T11:52:34,846  INFO Progress:39 Calculating pseudoTransitRoutes ... 11558/31813 (36.33%)
2025-04-14T11:52:39,955  INFO Progress:39 Calculating pseudoTransitRoutes ... 11661/31813 (36.65%)
2025-04-14T11:52:42,576  INFO Progress:39 Calculating pseudoTransitRoutes ... 11663/31813 (36.66%)
2025-04-14T11:52:54,684  INFO Progress:39 Calculating pseudoTransitRoutes ... 11666/31813 (36.67%)
2025-04-14T11:53:01,919  INFO Progress:39 Calculating pseudoTransitRoutes ... 11668/31813 (36.68%)
2025-04-14T11:53:03,884  INFO Progress:39 Calculating pseudoTransitRoutes ... 11670/31813 (36.68%)
2025-04-14T11:53:09,116  INFO Progress:39 Calculating pseudoTransitRoutes ... 11671/31813 (36.69%)
2025-04-14T11:53:21,036  INFO Progress:39 Calculating pseudoTransitRoutes ... 11672/31813 (36.69%)
2025-04-14T11:53:32,848  INFO Progress:39 Calculating pseudoTransitRoutes ... 11673/31813 (36.69%)
2025-04-14T11:53:44,276  INFO Progress:39 Calculating pseudoTransitRoutes ... 11674/31813 (36.70%)
2025-04-14T11:53:55,505  INFO Progress:39 Calculating pseudoTransitRoutes ... 11680/31813 (36.71%)
2025-04-14T11:54:06,699  INFO Progress:39 Calculating pseudoTransitRoutes ... 11681/31813 (36.72%)
2025-04-14T11:54:13,489  INFO Progress:39 Calculating pseudoTransitRoutes ... 11686/31813 (36.73%)
2025-04-14T11:54:16,042  INFO Progress:39 Calculating pseudoTransitRoutes ... 11687/31813 (36.74%)
2025-04-14T11:54:23,681  INFO Progress:39 Calculating pseudoTransitRoutes ... 11692/31813 (36.75%)
2025-04-14T11:54:24,687  INFO Progress:39 Calculating pseudoTransitRoutes ... 11693/31813 (36.76%)
2025-04-14T11:54:31,446  INFO Progress:39 Calculating pseudoTransitRoutes ... 11694/31813 (36.76%)
2025-04-14T11:54:38,232  INFO Progress:39 Calculating pseudoTransitRoutes ... 11698/31813 (36.77%)
2025-04-14T11:54:49,427  INFO Progress:39 Calculating pseudoTransitRoutes ... 11700/31813 (36.78%)
2025-04-14T11:55:00,626  INFO Progress:39 Calculating pseudoTransitRoutes ... 11701/31813 (36.78%)
2025-04-14T11:55:07,412  INFO Progress:39 Calculating pseudoTransitRoutes ... 11706/31813 (36.80%)
2025-04-14T11:55:18,616  INFO Progress:39 Calculating pseudoTransitRoutes ... 11709/31813 (36.81%)
2025-04-14T11:55:25,389  INFO Progress:39 Calculating pseudoTransitRoutes ... 11714/31813 (36.82%)
2025-04-14T11:55:35,688  INFO Progress:39 Calculating pseudoTransitRoutes ... 11747/31813 (36.93%)
2025-04-14T11:55:45,076  INFO Progress:39 Calculating pseudoTransitRoutes ... 11751/31813 (36.94%)
2025-04-14T11:55:55,609  INFO Progress:39 Calculating pseudoTransitRoutes ... 11758/31813 (36.96%)
2025-04-14T11:56:05,554  INFO Progress:39 Calculating pseudoTransitRoutes ... 11762/31813 (36.97%)
2025-04-14T11:56:15,502  INFO Progress:39 Calculating pseudoTransitRoutes ... 11763/31813 (36.98%)
2025-04-14T11:56:20,962  INFO Progress:39 Calculating pseudoTransitRoutes ... 11765/31813 (36.98%)
2025-04-14T11:56:25,448  INFO Progress:39 Calculating pseudoTransitRoutes ... 11766/31813 (36.98%)
2025-04-14T11:56:35,400  INFO Progress:39 Calculating pseudoTransitRoutes ... 11767/31813 (36.99%)
2025-04-14T11:56:45,351  INFO Progress:39 Calculating pseudoTransitRoutes ... 11773/31813 (37.01%)
2025-04-14T11:56:55,306  INFO Progress:39 Calculating pseudoTransitRoutes ... 11915/31813 (37.45%)
2025-04-14T11:56:59,258  INFO Progress:39 Calculating pseudoTransitRoutes ... 11916/31813 (37.46%)
2025-04-14T11:57:09,700  INFO Progress:39 Calculating pseudoTransitRoutes ... 11918/31813 (37.46%)
2025-04-14T11:57:22,669  INFO Progress:39 Calculating pseudoTransitRoutes ... 11922/31813 (37.48%)
2025-04-14T11:57:33,103  INFO Progress:39 Calculating pseudoTransitRoutes ... 11925/31813 (37.48%)
2025-04-14T11:57:43,553  INFO Progress:39 Calculating pseudoTransitRoutes ... 11929/31813 (37.50%)
2025-04-14T11:57:57,124  INFO Progress:39 Calculating pseudoTransitRoutes ... 11930/31813 (37.50%)
2025-04-14T11:58:03,086  INFO Progress:39 Calculating pseudoTransitRoutes ... 11931/31813 (37.50%)
2025-04-14T11:58:11,059  INFO Progress:39 Calculating pseudoTransitRoutes ... 11932/31813 (37.51%)
2025-04-14T11:58:20,352  INFO Progress:39 Calculating pseudoTransitRoutes ... 11934/31813 (37.51%)
2025-04-14T11:58:24,984  INFO Progress:39 Calculating pseudoTransitRoutes ... 11939/31813 (37.53%)
2025-04-14T11:58:26,927  INFO Progress:39 Calculating pseudoTransitRoutes ... 11942/31813 (37.54%)
2025-04-14T11:58:39,046  INFO Progress:39 Calculating pseudoTransitRoutes ... 12177/31813 (38.28%)
2025-04-14T11:58:41,558  INFO Progress:39 Calculating pseudoTransitRoutes ... 12178/31813 (38.28%)
2025-04-14T11:58:53,017  INFO Progress:39 Calculating pseudoTransitRoutes ... 12227/31813 (38.43%)
2025-04-14T11:59:04,272  INFO Progress:39 Calculating pseudoTransitRoutes ... 12228/31813 (38.44%)
2025-04-14T11:59:15,505  INFO Progress:39 Calculating pseudoTransitRoutes ... 12232/31813 (38.45%)
2025-04-14T11:59:29,609  INFO Progress:39 Calculating pseudoTransitRoutes ... 12233/31813 (38.45%)
2025-04-14T11:59:40,930  INFO Progress:39 Calculating pseudoTransitRoutes ... 12236/31813 (38.46%)
2025-04-14T12:00:02,198  INFO Progress:39 Calculating pseudoTransitRoutes ... 12255/31813 (38.52%)
2025-04-14T12:00:23,661  INFO Progress:39 Calculating pseudoTransitRoutes ... 12256/31813 (38.53%)
2025-04-14T12:00:27,160  INFO Progress:39 Calculating pseudoTransitRoutes ... 12259/31813 (38.53%)
2025-04-14T12:00:45,150  INFO Progress:39 Calculating pseudoTransitRoutes ... 12261/31813 (38.54%)
2025-04-14T12:00:54,535  INFO Progress:39 Calculating pseudoTransitRoutes ... 12265/31813 (38.55%)
2025-04-14T12:01:06,347  INFO Progress:39 Calculating pseudoTransitRoutes ... 12275/31813 (38.58%)
2025-04-14T12:01:29,830  INFO Progress:39 Calculating pseudoTransitRoutes ... 12295/31813 (38.65%)
2025-04-14T12:02:29,974  INFO Progress:39 Calculating pseudoTransitRoutes ... 12297/31813 (38.65%)
2025-04-14T12:02:34,259  INFO Progress:39 Calculating pseudoTransitRoutes ... 12299/31813 (38.66%)
2025-04-14T12:03:07,835  INFO Progress:39 Calculating pseudoTransitRoutes ... 12300/31813 (38.66%)
2025-04-14T12:03:30,574  INFO Progress:39 Calculating pseudoTransitRoutes ... 12318/31813 (38.72%)
2025-04-14T12:03:54,753  INFO Progress:39 Calculating pseudoTransitRoutes ... 12324/31813 (38.74%)
2025-04-14T12:04:18,465  INFO Progress:39 Calculating pseudoTransitRoutes ... 12329/31813 (38.75%)
2025-04-14T12:04:23,306  INFO Progress:39 Calculating pseudoTransitRoutes ... 12330/31813 (38.76%)
2025-04-14T12:04:42,829  INFO Progress:39 Calculating pseudoTransitRoutes ... 12331/31813 (38.76%)
2025-04-14T12:04:43,915  INFO Progress:39 Calculating pseudoTransitRoutes ... 12351/31813 (38.82%)
2025-04-14T12:04:44,917  INFO Progress:39 Calculating pseudoTransitRoutes ... 12803/31813 (40.24%)
2025-04-14T12:04:45,918  INFO Progress:39 Calculating pseudoTransitRoutes ... 13102/31813 (41.18%)
2025-04-14T12:04:46,920  INFO Progress:39 Calculating pseudoTransitRoutes ... 13364/31813 (42.01%)
2025-04-14T12:04:47,925  INFO Progress:39 Calculating pseudoTransitRoutes ... 13715/31813 (43.11%)
2025-04-14T12:04:48,929  INFO Progress:39 Calculating pseudoTransitRoutes ... 14027/31813 (44.09%)
2025-04-14T12:04:49,932  INFO Progress:39 Calculating pseudoTransitRoutes ... 14208/31813 (44.66%)
2025-04-14T12:04:50,936  INFO Progress:39 Calculating pseudoTransitRoutes ... 14489/31813 (45.54%)
2025-04-14T12:04:51,943  INFO Progress:39 Calculating pseudoTransitRoutes ... 14666/31813 (46.10%)
2025-04-14T12:04:52,958  INFO Progress:39 Calculating pseudoTransitRoutes ... 14825/31813 (46.60%)
2025-04-14T12:04:53,959  INFO Progress:39 Calculating pseudoTransitRoutes ... 15070/31813 (47.37%)
2025-04-14T12:04:54,960  INFO Progress:39 Calculating pseudoTransitRoutes ... 15973/31813 (50.21%)
2025-04-14T12:04:55,960  INFO Progress:39 Calculating pseudoTransitRoutes ... 16328/31813 (51.32%)
2025-04-14T12:04:56,970  INFO Progress:39 Calculating pseudoTransitRoutes ... 16641/31813 (52.31%)
2025-04-14T12:04:57,983  INFO Progress:39 Calculating pseudoTransitRoutes ... 16741/31813 (52.62%)
2025-04-14T12:04:58,986  INFO Progress:39 Calculating pseudoTransitRoutes ... 17405/31813 (54.71%)
2025-04-14T12:04:59,986  INFO Progress:39 Calculating pseudoTransitRoutes ... 17783/31813 (55.90%)
2025-04-14T12:05:00,988  INFO Progress:39 Calculating pseudoTransitRoutes ... 18305/31813 (57.54%)
2025-04-14T12:05:19,479  INFO Progress:39 Calculating pseudoTransitRoutes ... 18517/31813 (58.21%)
2025-04-14T12:05:38,068  INFO Progress:39 Calculating pseudoTransitRoutes ... 18519/31813 (58.21%)
2025-04-14T12:05:43,088  INFO Progress:39 Calculating pseudoTransitRoutes ... 18520/31813 (58.22%)
2025-04-14T12:05:49,610  INFO Progress:39 Calculating pseudoTransitRoutes ... 18524/31813 (58.23%)
2025-04-14T12:06:41,147  INFO Progress:39 Calculating pseudoTransitRoutes ... 18525/31813 (58.23%)
2025-04-14T12:07:00,024  INFO Progress:39 Calculating pseudoTransitRoutes ... 18527/31813 (58.24%)
2025-04-14T12:07:01,029  INFO Progress:39 Calculating pseudoTransitRoutes ... 18591/31813 (58.44%)
2025-04-14T12:07:36,387  INFO Progress:39 Calculating pseudoTransitRoutes ... 18599/31813 (58.46%)
2025-04-14T12:07:43,498  INFO Progress:39 Calculating pseudoTransitRoutes ... 18603/31813 (58.48%)
2025-04-14T12:08:27,116  INFO Progress:39 Calculating pseudoTransitRoutes ... 18604/31813 (58.48%)
2025-04-14T12:08:32,973  INFO Progress:39 Calculating pseudoTransitRoutes ... 18606/31813 (58.49%)
2025-04-14T12:08:55,609  INFO Progress:39 Calculating pseudoTransitRoutes ... 18607/31813 (58.49%)
2025-04-14T12:09:11,348  INFO Progress:39 Calculating pseudoTransitRoutes ... 18609/31813 (58.49%)
2025-04-14T12:09:17,952  INFO Progress:39 Calculating pseudoTransitRoutes ... 19226/31813 (60.43%)
2025-04-14T12:09:36,402  INFO Progress:39 Calculating pseudoTransitRoutes ... 19410/31813 (61.01%)
2025-04-14T12:10:00,451  INFO Progress:39 Calculating pseudoTransitRoutes ... 19412/31813 (61.02%)
2025-04-14T12:10:24,723  INFO Progress:39 Calculating pseudoTransitRoutes ... 19413/31813 (61.02%)
2025-04-14T12:10:43,461  INFO Progress:39 Calculating pseudoTransitRoutes ... 19415/31813 (61.03%)
2025-04-14T12:10:49,143  INFO Progress:39 Calculating pseudoTransitRoutes ... 19416/31813 (61.03%)
2025-04-14T12:11:13,308  INFO Progress:39 Calculating pseudoTransitRoutes ... 19417/31813 (61.03%)
2025-04-14T12:11:37,504  INFO Progress:39 Calculating pseudoTransitRoutes ... 19420/31813 (61.04%)
2025-04-14T12:12:01,666  INFO Progress:39 Calculating pseudoTransitRoutes ... 19423/31813 (61.05%)
2025-04-14T12:12:07,817  INFO Progress:39 Calculating pseudoTransitRoutes ... 19425/31813 (61.06%)
2025-04-14T12:12:26,010  INFO Progress:39 Calculating pseudoTransitRoutes ... 19427/31813 (61.07%)
2025-04-14T12:12:50,093  INFO Progress:39 Calculating pseudoTransitRoutes ... 19430/31813 (61.08%)
2025-04-14T12:13:14,542  INFO Progress:39 Calculating pseudoTransitRoutes ... 19432/31813 (61.08%)
2025-04-14T12:13:32,723  INFO Progress:39 Calculating pseudoTransitRoutes ... 19433/31813 (61.09%)
2025-04-14T12:13:39,064  INFO Progress:39 Calculating pseudoTransitRoutes ... 19435/31813 (61.09%)
2025-04-14T12:13:40,070  INFO Progress:39 Calculating pseudoTransitRoutes ... 19549/31813 (61.45%)
2025-04-14T12:13:41,075  INFO Progress:39 Calculating pseudoTransitRoutes ... 19701/31813 (61.93%)
2025-04-14T12:13:42,078  INFO Progress:39 Calculating pseudoTransitRoutes ... 19905/31813 (62.57%)
2025-04-14T12:13:43,080  INFO Progress:39 Calculating pseudoTransitRoutes ... 20255/31813 (63.67%)
2025-04-14T12:13:44,087  INFO Progress:39 Calculating pseudoTransitRoutes ... 20548/31813 (64.59%)
2025-04-14T12:13:45,177  INFO Progress:39 Calculating pseudoTransitRoutes ... 20713/31813 (65.11%)
2025-04-14T12:13:46,179  INFO Progress:39 Calculating pseudoTransitRoutes ... 21120/31813 (66.39%)
2025-04-14T12:13:47,182  INFO Progress:39 Calculating pseudoTransitRoutes ... 21306/31813 (66.97%)
2025-04-14T12:13:48,182  INFO Progress:39 Calculating pseudoTransitRoutes ... 21589/31813 (67.86%)
2025-04-14T12:13:49,186  INFO Progress:39 Calculating pseudoTransitRoutes ... 21811/31813 (68.56%)
2025-04-14T12:13:50,192  INFO Progress:39 Calculating pseudoTransitRoutes ... 22221/31813 (69.85%)
2025-04-14T12:13:51,193  INFO Progress:39 Calculating pseudoTransitRoutes ... 22399/31813 (70.41%)
2025-04-14T12:13:52,195  INFO Progress:39 Calculating pseudoTransitRoutes ... 23048/31813 (72.45%)
2025-04-14T12:13:53,197  INFO Progress:39 Calculating pseudoTransitRoutes ... 23088/31813 (72.57%)
2025-04-14T12:13:54,220  INFO Progress:39 Calculating pseudoTransitRoutes ... 23129/31813 (72.70%)
2025-04-14T12:13:55,220  INFO Progress:39 Calculating pseudoTransitRoutes ... 23216/31813 (72.98%)
2025-04-14T12:13:56,224  INFO Progress:39 Calculating pseudoTransitRoutes ... 23527/31813 (73.95%)
2025-04-14T12:13:57,225  INFO Progress:39 Calculating pseudoTransitRoutes ... 23664/31813 (74.38%)
2025-04-14T12:13:58,226  INFO Progress:39 Calculating pseudoTransitRoutes ... 24382/31813 (76.64%)
2025-04-14T12:13:59,228  INFO Progress:39 Calculating pseudoTransitRoutes ... 24662/31813 (77.52%)
2025-04-14T12:14:00,228  INFO Progress:39 Calculating pseudoTransitRoutes ... 25030/31813 (78.68%)
2025-04-14T12:14:01,234  INFO Progress:39 Calculating pseudoTransitRoutes ... 25455/31813 (80.01%)
2025-04-14T12:14:58,000  INFO Progress:39 Calculating pseudoTransitRoutes ... 25471/31813 (80.06%)
2025-04-14T12:16:22,392  INFO Progress:39 Calculating pseudoTransitRoutes ... 25472/31813 (80.07%)
2025-04-14T12:17:43,405  INFO Progress:39 Calculating pseudoTransitRoutes ... 25473/31813 (80.07%)
2025-04-14T12:19:04,174  INFO Progress:39 Calculating pseudoTransitRoutes ... 25474/31813 (80.07%)
2025-04-14T12:20:25,091  INFO Progress:39 Calculating pseudoTransitRoutes ... 25480/31813 (80.09%)
2025-04-14T12:21:46,836  INFO Progress:39 Calculating pseudoTransitRoutes ... 25483/31813 (80.10%)
2025-04-14T12:23:10,141  INFO Progress:39 Calculating pseudoTransitRoutes ... 25484/31813 (80.11%)
2025-04-14T12:24:34,010  INFO Progress:39 Calculating pseudoTransitRoutes ... 25485/31813 (80.11%)
2025-04-14T12:25:57,648  INFO Progress:39 Calculating pseudoTransitRoutes ... 25486/31813 (80.11%)
2025-04-14T12:27:59,728  INFO Progress:39 Calculating pseudoTransitRoutes ... 25945/31813 (81.55%)
2025-04-14T12:28:00,730  INFO Progress:39 Calculating pseudoTransitRoutes ... 26607/31813 (83.64%)
2025-04-14T12:28:01,738  INFO Progress:39 Calculating pseudoTransitRoutes ... 26842/31813 (84.37%)
2025-04-14T12:28:02,739  INFO Progress:39 Calculating pseudoTransitRoutes ... 26901/31813 (84.56%)
2025-04-14T12:28:03,750  INFO Progress:39 Calculating pseudoTransitRoutes ... 27057/31813 (85.05%)
2025-04-14T12:28:04,751  INFO Progress:39 Calculating pseudoTransitRoutes ... 27358/31813 (86.00%)
2025-04-14T12:28:05,751  INFO Progress:39 Calculating pseudoTransitRoutes ... 27610/31813 (86.79%)
2025-04-14T12:28:06,772  INFO Progress:39 Calculating pseudoTransitRoutes ... 27855/31813 (87.56%)
2025-04-14T12:28:07,775  INFO Progress:39 Calculating pseudoTransitRoutes ... 27935/31813 (87.81%)
2025-04-14T12:28:08,776  INFO Progress:39 Calculating pseudoTransitRoutes ... 28350/31813 (89.11%)
2025-04-14T12:28:09,778  INFO Progress:39 Calculating pseudoTransitRoutes ... 28745/31813 (90.36%)
2025-04-14T12:28:10,783  INFO Progress:39 Calculating pseudoTransitRoutes ... 29348/31813 (92.25%)
2025-04-14T12:28:11,787  INFO Progress:39 Calculating pseudoTransitRoutes ... 29564/31813 (92.93%)
2025-04-14T12:28:12,788  INFO Progress:39 Calculating pseudoTransitRoutes ... 29792/31813 (93.65%)
2025-04-14T12:28:13,802  INFO Progress:39 Calculating pseudoTransitRoutes ... 30470/31813 (95.78%)
2025-04-14T12:28:14,807  INFO Progress:39 Calculating pseudoTransitRoutes ... 30755/31813 (96.67%)
2025-04-14T12:28:15,808  INFO Progress:39 Calculating pseudoTransitRoutes ... 31184/31813 (98.02%)
2025-04-14T12:28:16,808  INFO Progress:39 Calculating pseudoTransitRoutes ... 31633/31813 (99.43%)
2025-04-14T12:28:17,178  INFO Progress:39 Calculating pseudoTransitRoutes ... 31813/31813 (100.00%)
2025-04-14T12:28:17,178  INFO PTMapper:203 =====================================
2025-04-14T12:28:17,178  INFO PTMapper:204 Adding artificial links to network...
2025-04-14T12:28:17,236  INFO PTMapper:215 ==========================================================================================
2025-04-14T12:28:17,236  INFO PTMapper:216 Replacing parent StopFacilities in schedule, creating link sequences for transit routes...
2025-04-14T12:28:17,289  INFO PseudoScheduleImpl:150 PseudoScheduleImpl::createFacilitiesAndLinkSequences 1/31813 (0.00%)
2025-04-14T12:28:18,289  INFO PseudoScheduleImpl:150 PseudoScheduleImpl::createFacilitiesAndLinkSequences 436/31813 (1.37%)
2025-04-14T12:28:19,291  INFO PseudoScheduleImpl:150 PseudoScheduleImpl::createFacilitiesAndLinkSequences 726/31813 (2.28%)
2025-04-14T12:28:20,459  INFO PseudoScheduleImpl:150 PseudoScheduleImpl::createFacilitiesAndLinkSequences 937/31813 (2.95%)
2025-04-14T12:28:21,459  INFO PseudoScheduleImpl:150 PseudoScheduleImpl::createFacilitiesAndLinkSequences 1167/31813 (3.67%)
2025-04-14T12:28:22,459  INFO PseudoScheduleImpl:150 PseudoScheduleImpl::createFacilitiesAndLinkSequences 1351/31813 (4.25%)
2025-04-14T12:28:23,462  INFO PseudoScheduleImpl:150 PseudoScheduleImpl::createFacilitiesAndLinkSequences 1514/31813 (4.76%)
2025-04-14T12:28:24,466  INFO PseudoScheduleImpl:150 PseudoScheduleImpl::createFacilitiesAndLinkSequences 1657/31813 (5.21%)
2025-04-14T12:28:25,466  INFO PseudoScheduleImpl:150 PseudoScheduleImpl::createFacilitiesAndLinkSequences 1787/31813 (5.62%)
2025-04-14T12:28:26,469  INFO PseudoScheduleImpl:150 PseudoScheduleImpl::createFacilitiesAndLinkSequences 1907/31813 (5.99%)
2025-04-14T12:28:27,472  INFO PseudoScheduleImpl:150 PseudoScheduleImpl::createFacilitiesAndLinkSequences 2019/31813 (6.35%)
2025-04-14T12:28:28,474  INFO PseudoScheduleImpl:150 PseudoScheduleImpl::createFacilitiesAndLinkSequences 2123/31813 (6.67%)
2025-04-14T12:28:29,484  INFO PseudoScheduleImpl:150 PseudoScheduleImpl::createFacilitiesAndLinkSequences 2223/31813 (6.99%)
2025-04-14T12:28:30,487  INFO PseudoScheduleImpl:150 PseudoScheduleImpl::createFacilitiesAndLinkSequences 2318/31813 (7.29%)
2025-04-14T12:28:31,495  INFO PseudoScheduleImpl:150 PseudoScheduleImpl::createFacilitiesAndLinkSequences 2410/31813 (7.58%)
2025-04-14T12:28:32,499  INFO PseudoScheduleImpl:150 PseudoScheduleImpl::createFacilitiesAndLinkSequences 2497/31813 (7.85%)
2025-04-14T12:28:33,508  INFO PseudoScheduleImpl:150 PseudoScheduleImpl::createFacilitiesAndLinkSequences 2582/31813 (8.12%)
2025-04-14T12:28:34,509  INFO PseudoScheduleImpl:150 PseudoScheduleImpl::createFacilitiesAndLinkSequences 2664/31813 (8.37%)
2025-04-14T12:28:35,516  INFO PseudoScheduleImpl:150 PseudoScheduleImpl::createFacilitiesAndLinkSequences 2744/31813 (8.63%)
2025-04-14T12:28:36,528  INFO PseudoScheduleImpl:150 PseudoScheduleImpl::createFacilitiesAndLinkSequences 2822/31813 (8.87%)
2025-04-14T12:28:37,539  INFO PseudoScheduleImpl:150 PseudoScheduleImpl::createFacilitiesAndLinkSequences 2898/31813 (9.11%)
2025-04-14T12:28:38,542  INFO PseudoScheduleImpl:150 PseudoScheduleImpl::createFacilitiesAndLinkSequences 2971/31813 (9.34%)
2025-04-14T12:28:39,548  INFO PseudoScheduleImpl:150 PseudoScheduleImpl::createFacilitiesAndLinkSequences 3048/31813 (9.58%)
2025-04-14T12:28:40,548  INFO PseudoScheduleImpl:150 PseudoScheduleImpl::createFacilitiesAndLinkSequences 3138/31813 (9.86%)
2025-04-14T12:28:41,555  INFO PseudoScheduleImpl:150 PseudoScheduleImpl::createFacilitiesAndLinkSequences 3225/31813 (10.14%)
2025-04-14T12:28:42,559  INFO PseudoScheduleImpl:150 PseudoScheduleImpl::createFacilitiesAndLinkSequences 3308/31813 (10.40%)
2025-04-14T12:28:43,570  INFO PseudoScheduleImpl:150 PseudoScheduleImpl::createFacilitiesAndLinkSequences 3389/31813 (10.65%)
2025-04-14T12:28:44,573  INFO PseudoScheduleImpl:150 PseudoScheduleImpl::createFacilitiesAndLinkSequences 3468/31813 (10.90%)
2025-04-14T12:28:45,575  INFO PseudoScheduleImpl:150 PseudoScheduleImpl::createFacilitiesAndLinkSequences 3545/31813 (11.14%)
2025-04-14T12:28:46,579  INFO PseudoScheduleImpl:150 PseudoScheduleImpl::createFacilitiesAndLinkSequences 3620/31813 (11.38%)
2025-04-14T12:28:47,581  INFO PseudoScheduleImpl:150 PseudoScheduleImpl::createFacilitiesAndLinkSequences 3691/31813 (11.60%)
2025-04-14T12:28:48,585  INFO PseudoScheduleImpl:150 PseudoScheduleImpl::createFacilitiesAndLinkSequences 3761/31813 (11.82%)
2025-04-14T12:28:49,589  INFO PseudoScheduleImpl:150 PseudoScheduleImpl::createFacilitiesAndLinkSequences 3830/31813 (12.04%)
2025-04-14T12:28:50,599  INFO PseudoScheduleImpl:150 PseudoScheduleImpl::createFacilitiesAndLinkSequences 3898/31813 (12.25%)
2025-04-14T12:28:51,612  INFO PseudoScheduleImpl:150 PseudoScheduleImpl::createFacilitiesAndLinkSequences 3965/31813 (12.46%)
2025-04-14T12:28:52,621  INFO PseudoScheduleImpl:150 PseudoScheduleImpl::createFacilitiesAndLinkSequences 4031/31813 (12.67%)
2025-04-14T12:28:53,632  INFO PseudoScheduleImpl:150 PseudoScheduleImpl::createFacilitiesAndLinkSequences 4096/31813 (12.88%)
2025-04-14T12:28:54,634  INFO PseudoScheduleImpl:150 PseudoScheduleImpl::createFacilitiesAndLinkSequences 4159/31813 (13.07%)
2025-04-14T12:28:55,637  INFO PseudoScheduleImpl:150 PseudoScheduleImpl::createFacilitiesAndLinkSequences 4221/31813 (13.27%)
2025-04-14T12:28:56,643  INFO PseudoScheduleImpl:150 PseudoScheduleImpl::createFacilitiesAndLinkSequences 4282/31813 (13.46%)
2025-04-14T12:28:57,647  INFO PseudoScheduleImpl:150 PseudoScheduleImpl::createFacilitiesAndLinkSequences 4342/31813 (13.65%)
2025-04-14T12:28:58,647  INFO PseudoScheduleImpl:150 PseudoScheduleImpl::createFacilitiesAndLinkSequences 4401/31813 (13.83%)
2025-04-14T12:28:59,647  INFO PseudoScheduleImpl:150 PseudoScheduleImpl::createFacilitiesAndLinkSequences 4459/31813 (14.02%)
2025-04-14T12:29:00,661  INFO PseudoScheduleImpl:150 PseudoScheduleImpl::createFacilitiesAndLinkSequences 4517/31813 (14.20%)
2025-04-14T12:29:01,673  INFO PseudoScheduleImpl:150 PseudoScheduleImpl::createFacilitiesAndLinkSequences 4574/31813 (14.38%)
2025-04-14T12:29:02,681  INFO PseudoScheduleImpl:150 PseudoScheduleImpl::createFacilitiesAndLinkSequences 4630/31813 (14.55%)
2025-04-14T12:29:03,690  INFO PseudoScheduleImpl:150 PseudoScheduleImpl::createFacilitiesAndLinkSequences 4685/31813 (14.73%)
2025-04-14T12:29:04,703  INFO PseudoScheduleImpl:150 PseudoScheduleImpl::createFacilitiesAndLinkSequences 4740/31813 (14.90%)
2025-04-14T12:29:05,716  INFO PseudoScheduleImpl:150 PseudoScheduleImpl::createFacilitiesAndLinkSequences 4794/31813 (15.07%)
2025-04-14T12:29:06,732  INFO PseudoScheduleImpl:150 PseudoScheduleImpl::createFacilitiesAndLinkSequences 4848/31813 (15.24%)
2025-04-14T12:29:07,746  INFO PseudoScheduleImpl:150 PseudoScheduleImpl::createFacilitiesAndLinkSequences 4903/31813 (15.41%)
2025-04-14T12:29:08,754  INFO PseudoScheduleImpl:150 PseudoScheduleImpl::createFacilitiesAndLinkSequences 4957/31813 (15.58%)
2025-04-14T12:29:09,771  INFO PseudoScheduleImpl:150 PseudoScheduleImpl::createFacilitiesAndLinkSequences 5011/31813 (15.75%)
2025-04-14T12:29:10,776  INFO PseudoScheduleImpl:150 PseudoScheduleImpl::createFacilitiesAndLinkSequences 5064/31813 (15.92%)
2025-04-14T12:29:11,776  INFO PseudoScheduleImpl:150 PseudoScheduleImpl::createFacilitiesAndLinkSequences 5116/31813 (16.08%)
2025-04-14T12:29:12,789  INFO PseudoScheduleImpl:150 PseudoScheduleImpl::createFacilitiesAndLinkSequences 5168/31813 (16.24%)
2025-04-14T12:29:13,806  INFO PseudoScheduleImpl:150 PseudoScheduleImpl::createFacilitiesAndLinkSequences 5220/31813 (16.41%)
2025-04-14T12:29:14,807  INFO PseudoScheduleImpl:150 PseudoScheduleImpl::createFacilitiesAndLinkSequences 5271/31813 (16.57%)
2025-04-14T12:29:15,812  INFO PseudoScheduleImpl:150 PseudoScheduleImpl::createFacilitiesAndLinkSequences 5322/31813 (16.73%)
2025-04-14T12:29:16,827  INFO PseudoScheduleImpl:150 PseudoScheduleImpl::createFacilitiesAndLinkSequences 5373/31813 (16.89%)
2025-04-14T12:29:17,833  INFO PseudoScheduleImpl:150 PseudoScheduleImpl::createFacilitiesAndLinkSequences 5423/31813 (17.05%)
2025-04-14T12:29:18,834  INFO PseudoScheduleImpl:150 PseudoScheduleImpl::createFacilitiesAndLinkSequences 5472/31813 (17.20%)
2025-04-14T12:29:19,854  INFO PseudoScheduleImpl:150 PseudoScheduleImpl::createFacilitiesAndLinkSequences 5522/31813 (17.36%)
2025-04-14T12:29:20,862  INFO PseudoScheduleImpl:150 PseudoScheduleImpl::createFacilitiesAndLinkSequences 5571/31813 (17.51%)
2025-04-14T12:29:21,875  INFO PseudoScheduleImpl:150 PseudoScheduleImpl::createFacilitiesAndLinkSequences 5620/31813 (17.67%)
2025-04-14T12:29:22,894  INFO PseudoScheduleImpl:150 PseudoScheduleImpl::createFacilitiesAndLinkSequences 5669/31813 (17.82%)
2025-04-14T12:29:23,900  INFO PseudoScheduleImpl:150 PseudoScheduleImpl::createFacilitiesAndLinkSequences 5717/31813 (17.97%)
2025-04-14T12:29:24,908  INFO PseudoScheduleImpl:150 PseudoScheduleImpl::createFacilitiesAndLinkSequences 5765/31813 (18.12%)
2025-04-14T12:29:25,922  INFO PseudoScheduleImpl:150 PseudoScheduleImpl::createFacilitiesAndLinkSequences 5813/31813 (18.27%)
2025-04-14T12:29:26,927  INFO PseudoScheduleImpl:150 PseudoScheduleImpl::createFacilitiesAndLinkSequences 5860/31813 (18.42%)
2025-04-14T12:29:27,937  INFO PseudoScheduleImpl:150 PseudoScheduleImpl::createFacilitiesAndLinkSequences 5907/31813 (18.57%)
2025-04-14T12:29:28,939  INFO PseudoScheduleImpl:150 PseudoScheduleImpl::createFacilitiesAndLinkSequences 5953/31813 (18.71%)
2025-04-14T12:29:29,950  INFO PseudoScheduleImpl:150 PseudoScheduleImpl::createFacilitiesAndLinkSequences 5999/31813 (18.86%)
2025-04-14T12:29:30,969  INFO PseudoScheduleImpl:150 PseudoScheduleImpl::createFacilitiesAndLinkSequences 6045/31813 (19.00%)
2025-04-14T12:29:31,990  INFO PseudoScheduleImpl:150 PseudoScheduleImpl::createFacilitiesAndLinkSequences 6091/31813 (19.15%)
2025-04-14T12:29:33,008  INFO PseudoScheduleImpl:150 PseudoScheduleImpl::createFacilitiesAndLinkSequences 6136/31813 (19.29%)
2025-04-14T12:29:34,025  INFO PseudoScheduleImpl:150 PseudoScheduleImpl::createFacilitiesAndLinkSequences 6180/31813 (19.43%)
2025-04-14T12:29:35,045  INFO PseudoScheduleImpl:150 PseudoScheduleImpl::createFacilitiesAndLinkSequences 6224/31813 (19.56%)
2025-04-14T12:29:36,047  INFO PseudoScheduleImpl:150 PseudoScheduleImpl::createFacilitiesAndLinkSequences 6267/31813 (19.70%)
2025-04-14T12:29:37,051  INFO PseudoScheduleImpl:150 PseudoScheduleImpl::createFacilitiesAndLinkSequences 6310/31813 (19.83%)
2025-04-14T12:29:38,060  INFO PseudoScheduleImpl:150 PseudoScheduleImpl::createFacilitiesAndLinkSequences 6353/31813 (19.97%)
2025-04-14T12:29:39,080  INFO PseudoScheduleImpl:150 PseudoScheduleImpl::createFacilitiesAndLinkSequences 6396/31813 (20.10%)
2025-04-14T12:29:40,082  INFO PseudoScheduleImpl:150 PseudoScheduleImpl::createFacilitiesAndLinkSequences 6438/31813 (20.24%)
2025-04-14T12:29:41,092  INFO PseudoScheduleImpl:150 PseudoScheduleImpl::createFacilitiesAndLinkSequences 6480/31813 (20.37%)
2025-04-14T12:29:42,107  INFO PseudoScheduleImpl:150 PseudoScheduleImpl::createFacilitiesAndLinkSequences 6522/31813 (20.50%)
2025-04-14T12:29:43,130  INFO PseudoScheduleImpl:150 PseudoScheduleImpl::createFacilitiesAndLinkSequences 6564/31813 (20.63%)
2025-04-14T12:29:44,150  INFO PseudoScheduleImpl:150 PseudoScheduleImpl::createFacilitiesAndLinkSequences 6606/31813 (20.77%)
2025-04-14T12:29:45,174  INFO PseudoScheduleImpl:150 PseudoScheduleImpl::createFacilitiesAndLinkSequences 6648/31813 (20.90%)
2025-04-14T12:29:46,180  INFO PseudoScheduleImpl:150 PseudoScheduleImpl::createFacilitiesAndLinkSequences 6689/31813 (21.03%)
2025-04-14T12:29:47,192  INFO PseudoScheduleImpl:150 PseudoScheduleImpl::createFacilitiesAndLinkSequences 6730/31813 (21.15%)
2025-04-14T12:29:48,207  INFO PseudoScheduleImpl:150 PseudoScheduleImpl::createFacilitiesAndLinkSequences 6771/31813 (21.28%)
2025-04-14T12:29:49,227  INFO PseudoScheduleImpl:150 PseudoScheduleImpl::createFacilitiesAndLinkSequences 6812/31813 (21.41%)
2025-04-14T12:29:50,250  INFO PseudoScheduleImpl:150 PseudoScheduleImpl::createFacilitiesAndLinkSequences 6853/31813 (21.54%)
2025-04-14T12:29:51,254  INFO PseudoScheduleImpl:150 PseudoScheduleImpl::createFacilitiesAndLinkSequences 6893/31813 (21.67%)
2025-04-14T12:29:52,263  INFO PseudoScheduleImpl:150 PseudoScheduleImpl::createFacilitiesAndLinkSequences 6933/31813 (21.79%)
2025-04-14T12:29:53,281  INFO PseudoScheduleImpl:150 PseudoScheduleImpl::createFacilitiesAndLinkSequences 6972/31813 (21.92%)
2025-04-14T12:29:54,296  INFO PseudoScheduleImpl:150 PseudoScheduleImpl::createFacilitiesAndLinkSequences 7011/31813 (22.04%)
2025-04-14T12:29:55,312  INFO PseudoScheduleImpl:150 PseudoScheduleImpl::createFacilitiesAndLinkSequences 7050/31813 (22.16%)
2025-04-14T12:29:56,332  INFO PseudoScheduleImpl:150 PseudoScheduleImpl::createFacilitiesAndLinkSequences 7089/31813 (22.28%)
2025-04-14T12:29:57,355  INFO PseudoScheduleImpl:150 PseudoScheduleImpl::createFacilitiesAndLinkSequences 7128/31813 (22.41%)
2025-04-14T12:29:58,379  INFO PseudoScheduleImpl:150 PseudoScheduleImpl::createFacilitiesAndLinkSequences 7167/31813 (22.53%)
2025-04-14T12:29:59,405  INFO PseudoScheduleImpl:150 PseudoScheduleImpl::createFacilitiesAndLinkSequences 7206/31813 (22.65%)
2025-04-14T12:30:00,404  INFO PseudoScheduleImpl:150 PseudoScheduleImpl::createFacilitiesAndLinkSequences 7244/31813 (22.77%)
2025-04-14T12:30:01,407  INFO PseudoScheduleImpl:150 PseudoScheduleImpl::createFacilitiesAndLinkSequences 7282/31813 (22.89%)
2025-04-14T12:30:02,413  INFO PseudoScheduleImpl:150 PseudoScheduleImpl::createFacilitiesAndLinkSequences 7320/31813 (23.01%)
2025-04-14T12:30:03,423  INFO PseudoScheduleImpl:150 PseudoScheduleImpl::createFacilitiesAndLinkSequences 7358/31813 (23.13%)
2025-04-14T12:30:04,444  INFO PseudoScheduleImpl:150 PseudoScheduleImpl::createFacilitiesAndLinkSequences 7397/31813 (23.25%)
2025-04-14T12:30:05,456  INFO PseudoScheduleImpl:150 PseudoScheduleImpl::createFacilitiesAndLinkSequences 7436/31813 (23.37%)
2025-04-14T12:30:06,459  INFO PseudoScheduleImpl:150 PseudoScheduleImpl::createFacilitiesAndLinkSequences 7479/31813 (23.51%)
2025-04-14T12:30:07,474  INFO PseudoScheduleImpl:150 PseudoScheduleImpl::createFacilitiesAndLinkSequences 7525/31813 (23.65%)
2025-04-14T12:30:08,480  INFO PseudoScheduleImpl:150 PseudoScheduleImpl::createFacilitiesAndLinkSequences 7570/31813 (23.80%)
2025-04-14T12:30:09,491  INFO PseudoScheduleImpl:150 PseudoScheduleImpl::createFacilitiesAndLinkSequences 7615/31813 (23.94%)
2025-04-14T12:30:10,511  INFO PseudoScheduleImpl:150 PseudoScheduleImpl::createFacilitiesAndLinkSequences 7660/31813 (24.08%)
2025-04-14T12:30:11,522  INFO PseudoScheduleImpl:150 PseudoScheduleImpl::createFacilitiesAndLinkSequences 7704/31813 (24.22%)
2025-04-14T12:30:12,535  INFO PseudoScheduleImpl:150 PseudoScheduleImpl::createFacilitiesAndLinkSequences 7748/31813 (24.35%)
2025-04-14T12:30:13,551  INFO PseudoScheduleImpl:150 PseudoScheduleImpl::createFacilitiesAndLinkSequences 7792/31813 (24.49%)
2025-04-14T12:30:14,571  INFO PseudoScheduleImpl:150 PseudoScheduleImpl::createFacilitiesAndLinkSequences 7836/31813 (24.63%)
2025-04-14T12:30:15,590  INFO PseudoScheduleImpl:150 PseudoScheduleImpl::createFacilitiesAndLinkSequences 7880/31813 (24.77%)
2025-04-14T12:30:16,591  INFO PseudoScheduleImpl:150 PseudoScheduleImpl::createFacilitiesAndLinkSequences 7923/31813 (24.90%)
2025-04-14T12:30:17,598  INFO PseudoScheduleImpl:150 PseudoScheduleImpl::createFacilitiesAndLinkSequences 7966/31813 (25.04%)
2025-04-14T12:30:18,612  INFO PseudoScheduleImpl:150 PseudoScheduleImpl::createFacilitiesAndLinkSequences 8009/31813 (25.18%)
2025-04-14T12:30:19,623  INFO PseudoScheduleImpl:150 PseudoScheduleImpl::createFacilitiesAndLinkSequences 8051/31813 (25.31%)
2025-04-14T12:30:20,635  INFO PseudoScheduleImpl:150 PseudoScheduleImpl::createFacilitiesAndLinkSequences 8093/31813 (25.44%)
2025-04-14T12:30:21,648  INFO PseudoScheduleImpl:150 PseudoScheduleImpl::createFacilitiesAndLinkSequences 8135/31813 (25.57%)
2025-04-14T12:30:22,656  INFO PseudoScheduleImpl:150 PseudoScheduleImpl::createFacilitiesAndLinkSequences 8177/31813 (25.70%)
2025-04-14T12:30:23,659  INFO PseudoScheduleImpl:150 PseudoScheduleImpl::createFacilitiesAndLinkSequences 8218/31813 (25.83%)
2025-04-14T12:30:24,663  INFO PseudoScheduleImpl:150 PseudoScheduleImpl::createFacilitiesAndLinkSequences 8259/31813 (25.96%)
2025-04-14T12:30:25,675  INFO PseudoScheduleImpl:150 PseudoScheduleImpl::createFacilitiesAndLinkSequences 8300/31813 (26.09%)
2025-04-14T12:30:26,687  INFO PseudoScheduleImpl:150 PseudoScheduleImpl::createFacilitiesAndLinkSequences 8341/31813 (26.22%)
2025-04-14T12:30:27,702  INFO PseudoScheduleImpl:150 PseudoScheduleImpl::createFacilitiesAndLinkSequences 8382/31813 (26.35%)
2025-04-14T12:30:28,720  INFO PseudoScheduleImpl:150 PseudoScheduleImpl::createFacilitiesAndLinkSequences 8423/31813 (26.48%)
2025-04-14T12:30:29,740  INFO PseudoScheduleImpl:150 PseudoScheduleImpl::createFacilitiesAndLinkSequences 8464/31813 (26.61%)
2025-04-14T12:30:30,759  INFO PseudoScheduleImpl:150 PseudoScheduleImpl::createFacilitiesAndLinkSequences 8505/31813 (26.73%)
2025-04-14T12:30:31,779  INFO PseudoScheduleImpl:150 PseudoScheduleImpl::createFacilitiesAndLinkSequences 8546/31813 (26.86%)
2025-04-14T12:30:32,788  INFO PseudoScheduleImpl:150 PseudoScheduleImpl::createFacilitiesAndLinkSequences 8586/31813 (26.99%)
2025-04-14T12:30:33,793  INFO PseudoScheduleImpl:150 PseudoScheduleImpl::createFacilitiesAndLinkSequences 8625/31813 (27.11%)
2025-04-14T12:30:34,797  INFO PseudoScheduleImpl:150 PseudoScheduleImpl::createFacilitiesAndLinkSequences 8663/31813 (27.23%)
2025-04-14T12:30:35,806  INFO PseudoScheduleImpl:150 PseudoScheduleImpl::createFacilitiesAndLinkSequences 8701/31813 (27.35%)
2025-04-14T12:30:36,809  INFO PseudoScheduleImpl:150 PseudoScheduleImpl::createFacilitiesAndLinkSequences 8739/31813 (27.47%)
2025-04-14T12:30:37,809  INFO PseudoScheduleImpl:150 PseudoScheduleImpl::createFacilitiesAndLinkSequences 8777/31813 (27.59%)
2025-04-14T12:30:38,810  INFO PseudoScheduleImpl:150 PseudoScheduleImpl::createFacilitiesAndLinkSequences 8815/31813 (27.71%)
2025-04-14T12:30:39,816  INFO PseudoScheduleImpl:150 PseudoScheduleImpl::createFacilitiesAndLinkSequences 8853/31813 (27.83%)
2025-04-14T12:30:40,821  INFO PseudoScheduleImpl:150 PseudoScheduleImpl::createFacilitiesAndLinkSequences 8890/31813 (27.94%)
2025-04-14T12:30:41,834  INFO PseudoScheduleImpl:150 PseudoScheduleImpl::createFacilitiesAndLinkSequences 8927/31813 (28.06%)
2025-04-14T12:30:42,851  INFO PseudoScheduleImpl:150 PseudoScheduleImpl::createFacilitiesAndLinkSequences 8964/31813 (28.18%)
2025-04-14T12:30:43,867  INFO PseudoScheduleImpl:150 PseudoScheduleImpl::createFacilitiesAndLinkSequences 9001/31813 (28.29%)
2025-04-14T12:30:44,868  INFO PseudoScheduleImpl:150 PseudoScheduleImpl::createFacilitiesAndLinkSequences 9038/31813 (28.41%)
2025-04-14T12:30:45,888  INFO PseudoScheduleImpl:150 PseudoScheduleImpl::createFacilitiesAndLinkSequences 9076/31813 (28.53%)
2025-04-14T12:30:46,911  INFO PseudoScheduleImpl:150 PseudoScheduleImpl::createFacilitiesAndLinkSequences 9114/31813 (28.65%)
2025-04-14T12:30:47,917  INFO PseudoScheduleImpl:150 PseudoScheduleImpl::createFacilitiesAndLinkSequences 9151/31813 (28.76%)
2025-04-14T12:30:48,942  INFO PseudoScheduleImpl:150 PseudoScheduleImpl::createFacilitiesAndLinkSequences 9189/31813 (28.88%)
2025-04-14T12:30:49,961  INFO PseudoScheduleImpl:150 PseudoScheduleImpl::createFacilitiesAndLinkSequences 9227/31813 (29.00%)
2025-04-14T12:30:50,982  INFO PseudoScheduleImpl:150 PseudoScheduleImpl::createFacilitiesAndLinkSequences 9265/31813 (29.12%)
2025-04-14T12:30:51,993  INFO PseudoScheduleImpl:150 PseudoScheduleImpl::createFacilitiesAndLinkSequences 9302/31813 (29.24%)
2025-04-14T12:30:53,002  INFO PseudoScheduleImpl:150 PseudoScheduleImpl::createFacilitiesAndLinkSequences 9339/31813 (29.36%)
2025-04-14T12:30:54,011  INFO PseudoScheduleImpl:150 PseudoScheduleImpl::createFacilitiesAndLinkSequences 9376/31813 (29.47%)
2025-04-14T12:30:55,022  INFO PseudoScheduleImpl:150 PseudoScheduleImpl::createFacilitiesAndLinkSequences 9413/31813 (29.59%)
2025-04-14T12:30:56,036  INFO PseudoScheduleImpl:150 PseudoScheduleImpl::createFacilitiesAndLinkSequences 9450/31813 (29.70%)
2025-04-14T12:30:57,054  INFO PseudoScheduleImpl:150 PseudoScheduleImpl::createFacilitiesAndLinkSequences 9487/31813 (29.82%)
2025-04-14T12:30:58,080  INFO PseudoScheduleImpl:150 PseudoScheduleImpl::createFacilitiesAndLinkSequences 9524/31813 (29.94%)
2025-04-14T12:30:59,086  INFO PseudoScheduleImpl:150 PseudoScheduleImpl::createFacilitiesAndLinkSequences 9560/31813 (30.05%)
2025-04-14T12:31:00,097  INFO PseudoScheduleImpl:150 PseudoScheduleImpl::createFacilitiesAndLinkSequences 9596/31813 (30.16%)
2025-04-14T12:31:01,109  INFO PseudoScheduleImpl:150 PseudoScheduleImpl::createFacilitiesAndLinkSequences 9632/31813 (30.28%)
2025-04-14T12:31:02,134  INFO PseudoScheduleImpl:150 PseudoScheduleImpl::createFacilitiesAndLinkSequences 9668/31813 (30.39%)
2025-04-14T12:31:03,144  INFO PseudoScheduleImpl:150 PseudoScheduleImpl::createFacilitiesAndLinkSequences 9704/31813 (30.50%)
2025-04-14T12:31:04,156  INFO PseudoScheduleImpl:150 PseudoScheduleImpl::createFacilitiesAndLinkSequences 9740/31813 (30.62%)
2025-04-14T12:31:05,170  INFO PseudoScheduleImpl:150 PseudoScheduleImpl::createFacilitiesAndLinkSequences 9776/31813 (30.73%)
2025-04-14T12:31:06,188  INFO PseudoScheduleImpl:150 PseudoScheduleImpl::createFacilitiesAndLinkSequences 9812/31813 (30.84%)
2025-04-14T12:31:07,207  INFO PseudoScheduleImpl:150 PseudoScheduleImpl::createFacilitiesAndLinkSequences 9848/31813 (30.96%)
2025-04-14T12:31:08,213  INFO PseudoScheduleImpl:150 PseudoScheduleImpl::createFacilitiesAndLinkSequences 9883/31813 (31.07%)
2025-04-14T12:31:09,218  INFO PseudoScheduleImpl:150 PseudoScheduleImpl::createFacilitiesAndLinkSequences 9918/31813 (31.18%)
2025-04-14T12:31:10,223  INFO PseudoScheduleImpl:150 PseudoScheduleImpl::createFacilitiesAndLinkSequences 9953/31813 (31.29%)
2025-04-14T12:31:11,227  INFO PseudoScheduleImpl:150 PseudoScheduleImpl::createFacilitiesAndLinkSequences 9988/31813 (31.40%)
2025-04-14T12:31:12,242  INFO PseudoScheduleImpl:150 PseudoScheduleImpl::createFacilitiesAndLinkSequences 10023/31813 (31.51%)
2025-04-14T12:31:13,245  INFO PseudoScheduleImpl:150 PseudoScheduleImpl::createFacilitiesAndLinkSequences 10058/31813 (31.62%)
2025-04-14T12:31:14,259  INFO PseudoScheduleImpl:150 PseudoScheduleImpl::createFacilitiesAndLinkSequences 10093/31813 (31.73%)
2025-04-14T12:31:15,280  INFO PseudoScheduleImpl:150 PseudoScheduleImpl::createFacilitiesAndLinkSequences 10128/31813 (31.84%)
2025-04-14T12:31:16,301  INFO PseudoScheduleImpl:150 PseudoScheduleImpl::createFacilitiesAndLinkSequences 10163/31813 (31.95%)
2025-04-14T12:31:17,326  INFO PseudoScheduleImpl:150 PseudoScheduleImpl::createFacilitiesAndLinkSequences 10198/31813 (32.06%)
2025-04-14T12:31:18,352  INFO PseudoScheduleImpl:150 PseudoScheduleImpl::createFacilitiesAndLinkSequences 10233/31813 (32.17%)
2025-04-14T12:31:19,379  INFO PseudoScheduleImpl:150 PseudoScheduleImpl::createFacilitiesAndLinkSequences 10268/31813 (32.28%)
2025-04-14T12:31:20,396  INFO PseudoScheduleImpl:150 PseudoScheduleImpl::createFacilitiesAndLinkSequences 10302/31813 (32.38%)
2025-04-14T12:31:21,413  INFO PseudoScheduleImpl:150 PseudoScheduleImpl::createFacilitiesAndLinkSequences 10336/31813 (32.49%)
2025-04-14T12:31:22,429  INFO PseudoScheduleImpl:150 PseudoScheduleImpl::createFacilitiesAndLinkSequences 10370/31813 (32.60%)
2025-04-14T12:31:23,448  INFO PseudoScheduleImpl:150 PseudoScheduleImpl::createFacilitiesAndLinkSequences 10404/31813 (32.70%)
2025-04-14T12:31:24,467  INFO PseudoScheduleImpl:150 PseudoScheduleImpl::createFacilitiesAndLinkSequences 10438/31813 (32.81%)
2025-04-14T12:31:25,484  INFO PseudoScheduleImpl:150 PseudoScheduleImpl::createFacilitiesAndLinkSequences 10472/31813 (32.92%)
2025-04-14T12:31:26,505  INFO PseudoScheduleImpl:150 PseudoScheduleImpl::createFacilitiesAndLinkSequences 10506/31813 (33.02%)
2025-04-14T12:31:27,528  INFO PseudoScheduleImpl:150 PseudoScheduleImpl::createFacilitiesAndLinkSequences 10540/31813 (33.13%)
2025-04-14T12:31:28,553  INFO PseudoScheduleImpl:150 PseudoScheduleImpl::createFacilitiesAndLinkSequences 10574/31813 (33.24%)
2025-04-14T12:31:29,581  INFO PseudoScheduleImpl:150 PseudoScheduleImpl::createFacilitiesAndLinkSequences 10608/31813 (33.34%)
2025-04-14T12:31:30,589  INFO PseudoScheduleImpl:150 PseudoScheduleImpl::createFacilitiesAndLinkSequences 10641/31813 (33.45%)
2025-04-14T12:31:31,611  INFO PseudoScheduleImpl:150 PseudoScheduleImpl::createFacilitiesAndLinkSequences 10674/31813 (33.55%)
2025-04-14T12:31:32,629  INFO PseudoScheduleImpl:150 PseudoScheduleImpl::createFacilitiesAndLinkSequences 10707/31813 (33.66%)
2025-04-14T12:31:33,629  INFO PseudoScheduleImpl:150 PseudoScheduleImpl::createFacilitiesAndLinkSequences 10740/31813 (33.76%)
2025-04-14T12:31:34,637  INFO PseudoScheduleImpl:150 PseudoScheduleImpl::createFacilitiesAndLinkSequences 10775/31813 (33.87%)
2025-04-14T12:31:35,643  INFO PseudoScheduleImpl:150 PseudoScheduleImpl::createFacilitiesAndLinkSequences 10810/31813 (33.98%)
2025-04-14T12:31:36,646  INFO PseudoScheduleImpl:150 PseudoScheduleImpl::createFacilitiesAndLinkSequences 10845/31813 (34.09%)
2025-04-14T12:31:37,647  INFO PseudoScheduleImpl:150 PseudoScheduleImpl::createFacilitiesAndLinkSequences 10880/31813 (34.20%)
2025-04-14T12:31:38,657  INFO PseudoScheduleImpl:150 PseudoScheduleImpl::createFacilitiesAndLinkSequences 10915/31813 (34.31%)
2025-04-14T12:31:39,665  INFO PseudoScheduleImpl:150 PseudoScheduleImpl::createFacilitiesAndLinkSequences 10950/31813 (34.42%)
2025-04-14T12:31:40,672  INFO PseudoScheduleImpl:150 PseudoScheduleImpl::createFacilitiesAndLinkSequences 10985/31813 (34.53%)
2025-04-14T12:31:41,678  INFO PseudoScheduleImpl:150 PseudoScheduleImpl::createFacilitiesAndLinkSequences 11020/31813 (34.64%)
2025-04-14T12:31:42,703  INFO PseudoScheduleImpl:150 PseudoScheduleImpl::createFacilitiesAndLinkSequences 11056/31813 (34.75%)
2025-04-14T12:31:43,717  INFO PseudoScheduleImpl:150 PseudoScheduleImpl::createFacilitiesAndLinkSequences 11091/31813 (34.86%)
2025-04-14T12:31:44,741  INFO PseudoScheduleImpl:150 PseudoScheduleImpl::createFacilitiesAndLinkSequences 11126/31813 (34.97%)
2025-04-14T12:31:45,766  INFO PseudoScheduleImpl:150 PseudoScheduleImpl::createFacilitiesAndLinkSequences 11161/31813 (35.08%)
2025-04-14T12:31:46,780  INFO PseudoScheduleImpl:150 PseudoScheduleImpl::createFacilitiesAndLinkSequences 11195/31813 (35.19%)
2025-04-14T12:31:47,794  INFO PseudoScheduleImpl:150 PseudoScheduleImpl::createFacilitiesAndLinkSequences 11229/31813 (35.30%)
2025-04-14T12:31:48,810  INFO PseudoScheduleImpl:150 PseudoScheduleImpl::createFacilitiesAndLinkSequences 11263/31813 (35.40%)
2025-04-14T12:31:49,822  INFO PseudoScheduleImpl:150 PseudoScheduleImpl::createFacilitiesAndLinkSequences 11297/31813 (35.51%)
2025-04-14T12:31:50,841  INFO PseudoScheduleImpl:150 PseudoScheduleImpl::createFacilitiesAndLinkSequences 11331/31813 (35.62%)
2025-04-14T12:31:51,860  INFO PseudoScheduleImpl:150 PseudoScheduleImpl::createFacilitiesAndLinkSequences 11365/31813 (35.72%)
2025-04-14T12:31:52,876  INFO PseudoScheduleImpl:150 PseudoScheduleImpl::createFacilitiesAndLinkSequences 11399/31813 (35.83%)
2025-04-14T12:31:53,883  INFO PseudoScheduleImpl:150 PseudoScheduleImpl::createFacilitiesAndLinkSequences 11432/31813 (35.93%)
2025-04-14T12:31:54,895  INFO PseudoScheduleImpl:150 PseudoScheduleImpl::createFacilitiesAndLinkSequences 11465/31813 (36.04%)
2025-04-14T12:31:55,913  INFO PseudoScheduleImpl:150 PseudoScheduleImpl::createFacilitiesAndLinkSequences 11498/31813 (36.14%)
2025-04-14T12:31:56,929  INFO PseudoScheduleImpl:150 PseudoScheduleImpl::createFacilitiesAndLinkSequences 11531/31813 (36.25%)
2025-04-14T12:31:57,948  INFO PseudoScheduleImpl:150 PseudoScheduleImpl::createFacilitiesAndLinkSequences 11564/31813 (36.35%)
2025-04-14T12:31:58,972  INFO PseudoScheduleImpl:150 PseudoScheduleImpl::createFacilitiesAndLinkSequences 11597/31813 (36.45%)
2025-04-14T12:31:59,995  INFO PseudoScheduleImpl:150 PseudoScheduleImpl::createFacilitiesAndLinkSequences 11630/31813 (36.56%)
2025-04-14T12:32:01,012  INFO PseudoScheduleImpl:150 PseudoScheduleImpl::createFacilitiesAndLinkSequences 11662/31813 (36.66%)
2025-04-14T12:32:02,013  INFO PseudoScheduleImpl:150 PseudoScheduleImpl::createFacilitiesAndLinkSequences 11694/31813 (36.76%)
2025-04-14T12:32:03,016  INFO PseudoScheduleImpl:150 PseudoScheduleImpl::createFacilitiesAndLinkSequences 11726/31813 (36.86%)
2025-04-14T12:32:04,041  INFO PseudoScheduleImpl:150 PseudoScheduleImpl::createFacilitiesAndLinkSequences 11759/31813 (36.96%)
2025-04-14T12:32:05,052  INFO PseudoScheduleImpl:150 PseudoScheduleImpl::createFacilitiesAndLinkSequences 11792/31813 (37.07%)
2025-04-14T12:32:06,058  INFO PseudoScheduleImpl:150 PseudoScheduleImpl::createFacilitiesAndLinkSequences 11825/31813 (37.17%)
2025-04-14T12:32:07,062  INFO PseudoScheduleImpl:150 PseudoScheduleImpl::createFacilitiesAndLinkSequences 11858/31813 (37.27%)
2025-04-14T12:32:08,081  INFO PseudoScheduleImpl:150 PseudoScheduleImpl::createFacilitiesAndLinkSequences 11892/31813 (37.38%)
2025-04-14T12:32:09,083  INFO PseudoScheduleImpl:150 PseudoScheduleImpl::createFacilitiesAndLinkSequences 11925/31813 (37.48%)
2025-04-14T12:32:10,110  INFO PseudoScheduleImpl:150 PseudoScheduleImpl::createFacilitiesAndLinkSequences 11959/31813 (37.59%)
2025-04-14T12:32:11,113  INFO PseudoScheduleImpl:150 PseudoScheduleImpl::createFacilitiesAndLinkSequences 11992/31813 (37.70%)
2025-04-14T12:32:12,125  INFO PseudoScheduleImpl:150 PseudoScheduleImpl::createFacilitiesAndLinkSequences 12025/31813 (37.80%)
2025-04-14T12:32:13,129  INFO PseudoScheduleImpl:150 PseudoScheduleImpl::createFacilitiesAndLinkSequences 12057/31813 (37.90%)
2025-04-14T12:32:14,139  INFO PseudoScheduleImpl:150 PseudoScheduleImpl::createFacilitiesAndLinkSequences 12089/31813 (38.00%)
2025-04-14T12:32:15,170  INFO PseudoScheduleImpl:150 PseudoScheduleImpl::createFacilitiesAndLinkSequences 12121/31813 (38.10%)
2025-04-14T12:32:16,180  INFO PseudoScheduleImpl:150 PseudoScheduleImpl::createFacilitiesAndLinkSequences 12152/31813 (38.20%)
2025-04-14T12:32:17,197  INFO PseudoScheduleImpl:150 PseudoScheduleImpl::createFacilitiesAndLinkSequences 12183/31813 (38.30%)
2025-04-14T12:32:18,205  INFO PseudoScheduleImpl:150 PseudoScheduleImpl::createFacilitiesAndLinkSequences 12214/31813 (38.39%)
2025-04-14T12:32:19,210  INFO PseudoScheduleImpl:150 PseudoScheduleImpl::createFacilitiesAndLinkSequences 12245/31813 (38.49%)
2025-04-14T12:32:20,215  INFO PseudoScheduleImpl:150 PseudoScheduleImpl::createFacilitiesAndLinkSequences 12276/31813 (38.59%)
2025-04-14T12:32:21,226  INFO PseudoScheduleImpl:150 PseudoScheduleImpl::createFacilitiesAndLinkSequences 12307/31813 (38.69%)
2025-04-14T12:32:22,231  INFO PseudoScheduleImpl:150 PseudoScheduleImpl::createFacilitiesAndLinkSequences 12338/31813 (38.78%)
2025-04-14T12:32:23,240  INFO PseudoScheduleImpl:150 PseudoScheduleImpl::createFacilitiesAndLinkSequences 12369/31813 (38.88%)
2025-04-14T12:32:24,265  INFO PseudoScheduleImpl:150 PseudoScheduleImpl::createFacilitiesAndLinkSequences 12400/31813 (38.98%)
2025-04-14T12:32:25,269  INFO PseudoScheduleImpl:150 PseudoScheduleImpl::createFacilitiesAndLinkSequences 12430/31813 (39.07%)
2025-04-14T12:32:26,284  INFO PseudoScheduleImpl:150 PseudoScheduleImpl::createFacilitiesAndLinkSequences 12461/31813 (39.17%)
2025-04-14T12:32:27,301  INFO PseudoScheduleImpl:150 PseudoScheduleImpl::createFacilitiesAndLinkSequences 12492/31813 (39.27%)
2025-04-14T12:32:28,316  INFO PseudoScheduleImpl:150 PseudoScheduleImpl::createFacilitiesAndLinkSequences 12523/31813 (39.36%)
2025-04-14T12:32:29,321  INFO PseudoScheduleImpl:150 PseudoScheduleImpl::createFacilitiesAndLinkSequences 12554/31813 (39.46%)
2025-04-14T12:32:30,331  INFO PseudoScheduleImpl:150 PseudoScheduleImpl::createFacilitiesAndLinkSequences 12585/31813 (39.56%)
2025-04-14T12:32:31,362  INFO PseudoScheduleImpl:150 PseudoScheduleImpl::createFacilitiesAndLinkSequences 12617/31813 (39.66%)
2025-04-14T12:32:32,393  INFO PseudoScheduleImpl:150 PseudoScheduleImpl::createFacilitiesAndLinkSequences 12649/31813 (39.76%)
2025-04-14T12:32:33,419  INFO PseudoScheduleImpl:150 PseudoScheduleImpl::createFacilitiesAndLinkSequences 12681/31813 (39.86%)
2025-04-14T12:32:34,446  INFO PseudoScheduleImpl:150 PseudoScheduleImpl::createFacilitiesAndLinkSequences 12713/31813 (39.96%)
2025-04-14T12:32:35,470  INFO PseudoScheduleImpl:150 PseudoScheduleImpl::createFacilitiesAndLinkSequences 12745/31813 (40.06%)
2025-04-14T12:32:36,485  INFO PseudoScheduleImpl:150 PseudoScheduleImpl::createFacilitiesAndLinkSequences 12777/31813 (40.16%)
2025-04-14T12:32:37,513  INFO PseudoScheduleImpl:150 PseudoScheduleImpl::createFacilitiesAndLinkSequences 12809/31813 (40.26%)
2025-04-14T12:32:38,529  INFO PseudoScheduleImpl:150 PseudoScheduleImpl::createFacilitiesAndLinkSequences 12840/31813 (40.36%)
2025-04-14T12:32:39,549  INFO PseudoScheduleImpl:150 PseudoScheduleImpl::createFacilitiesAndLinkSequences 12871/31813 (40.46%)
2025-04-14T12:32:40,570  INFO PseudoScheduleImpl:150 PseudoScheduleImpl::createFacilitiesAndLinkSequences 12902/31813 (40.56%)
2025-04-14T12:32:41,591  INFO PseudoScheduleImpl:150 PseudoScheduleImpl::createFacilitiesAndLinkSequences 12933/31813 (40.65%)
2025-04-14T12:32:42,618  INFO PseudoScheduleImpl:150 PseudoScheduleImpl::createFacilitiesAndLinkSequences 12964/31813 (40.75%)
2025-04-14T12:32:43,625  INFO PseudoScheduleImpl:150 PseudoScheduleImpl::createFacilitiesAndLinkSequences 12994/31813 (40.84%)
2025-04-14T12:32:44,632  INFO PseudoScheduleImpl:150 PseudoScheduleImpl::createFacilitiesAndLinkSequences 13024/31813 (40.94%)
2025-04-14T12:32:45,648  INFO PseudoScheduleImpl:150 PseudoScheduleImpl::createFacilitiesAndLinkSequences 13054/31813 (41.03%)
2025-04-14T12:32:46,660  INFO PseudoScheduleImpl:150 PseudoScheduleImpl::createFacilitiesAndLinkSequences 13084/31813 (41.13%)
2025-04-14T12:32:47,668  INFO PseudoScheduleImpl:150 PseudoScheduleImpl::createFacilitiesAndLinkSequences 13114/31813 (41.22%)
2025-04-14T12:32:48,678  INFO PseudoScheduleImpl:150 PseudoScheduleImpl::createFacilitiesAndLinkSequences 13144/31813 (41.32%)
2025-04-14T12:32:49,685  INFO PseudoScheduleImpl:150 PseudoScheduleImpl::createFacilitiesAndLinkSequences 13174/31813 (41.41%)
2025-04-14T12:32:50,687  INFO PseudoScheduleImpl:150 PseudoScheduleImpl::createFacilitiesAndLinkSequences 13204/31813 (41.51%)
2025-04-14T12:32:51,688  INFO PseudoScheduleImpl:150 PseudoScheduleImpl::createFacilitiesAndLinkSequences 13234/31813 (41.60%)
2025-04-14T12:32:52,718  INFO PseudoScheduleImpl:150 PseudoScheduleImpl::createFacilitiesAndLinkSequences 13265/31813 (41.70%)
2025-04-14T12:32:53,748  INFO PseudoScheduleImpl:150 PseudoScheduleImpl::createFacilitiesAndLinkSequences 13296/31813 (41.79%)
2025-04-14T12:32:54,772  INFO PseudoScheduleImpl:150 PseudoScheduleImpl::createFacilitiesAndLinkSequences 13327/31813 (41.89%)
2025-04-14T12:32:55,795  INFO PseudoScheduleImpl:150 PseudoScheduleImpl::createFacilitiesAndLinkSequences 13358/31813 (41.99%)
2025-04-14T12:32:56,816  INFO PseudoScheduleImpl:150 PseudoScheduleImpl::createFacilitiesAndLinkSequences 13388/31813 (42.08%)
2025-04-14T12:32:57,836  INFO PseudoScheduleImpl:150 PseudoScheduleImpl::createFacilitiesAndLinkSequences 13418/31813 (42.18%)
2025-04-14T12:32:58,867  INFO PseudoScheduleImpl:150 PseudoScheduleImpl::createFacilitiesAndLinkSequences 13448/31813 (42.27%)
2025-04-14T12:32:59,877  INFO PseudoScheduleImpl:150 PseudoScheduleImpl::createFacilitiesAndLinkSequences 13477/31813 (42.36%)
2025-04-14T12:33:00,889  INFO PseudoScheduleImpl:150 PseudoScheduleImpl::createFacilitiesAndLinkSequences 13506/31813 (42.45%)
2025-04-14T12:33:01,900  INFO PseudoScheduleImpl:150 PseudoScheduleImpl::createFacilitiesAndLinkSequences 13535/31813 (42.55%)
2025-04-14T12:33:02,921  INFO PseudoScheduleImpl:150 PseudoScheduleImpl::createFacilitiesAndLinkSequences 13564/31813 (42.64%)
2025-04-14T12:33:03,953  INFO PseudoScheduleImpl:150 PseudoScheduleImpl::createFacilitiesAndLinkSequences 13595/31813 (42.73%)
2025-04-14T12:33:04,980  INFO PseudoScheduleImpl:150 PseudoScheduleImpl::createFacilitiesAndLinkSequences 13626/31813 (42.83%)
2025-04-14T12:33:05,989  INFO PseudoScheduleImpl:150 PseudoScheduleImpl::createFacilitiesAndLinkSequences 13656/31813 (42.93%)
2025-04-14T12:33:07,002  INFO PseudoScheduleImpl:150 PseudoScheduleImpl::createFacilitiesAndLinkSequences 13685/31813 (43.02%)
2025-04-14T12:33:08,010  INFO PseudoScheduleImpl:150 PseudoScheduleImpl::createFacilitiesAndLinkSequences 13715/31813 (43.11%)
2025-04-14T12:33:09,015  INFO PseudoScheduleImpl:150 PseudoScheduleImpl::createFacilitiesAndLinkSequences 13745/31813 (43.21%)
2025-04-14T12:33:10,043  INFO PseudoScheduleImpl:150 PseudoScheduleImpl::createFacilitiesAndLinkSequences 13776/31813 (43.30%)
2025-04-14T12:33:11,061  INFO PseudoScheduleImpl:150 PseudoScheduleImpl::createFacilitiesAndLinkSequences 13807/31813 (43.40%)
2025-04-14T12:33:12,078  INFO PseudoScheduleImpl:150 PseudoScheduleImpl::createFacilitiesAndLinkSequences 13838/31813 (43.50%)
2025-04-14T12:33:13,083  INFO PseudoScheduleImpl:150 PseudoScheduleImpl::createFacilitiesAndLinkSequences 13869/31813 (43.60%)
2025-04-14T12:33:14,113  INFO PseudoScheduleImpl:150 PseudoScheduleImpl::createFacilitiesAndLinkSequences 13901/31813 (43.70%)
2025-04-14T12:33:15,114  INFO PseudoScheduleImpl:150 PseudoScheduleImpl::createFacilitiesAndLinkSequences 13932/31813 (43.79%)
2025-04-14T12:33:16,115  INFO PseudoScheduleImpl:150 PseudoScheduleImpl::createFacilitiesAndLinkSequences 13963/31813 (43.89%)
2025-04-14T12:33:17,140  INFO PseudoScheduleImpl:150 PseudoScheduleImpl::createFacilitiesAndLinkSequences 13995/31813 (43.99%)
2025-04-14T12:33:18,162  INFO PseudoScheduleImpl:150 PseudoScheduleImpl::createFacilitiesAndLinkSequences 14027/31813 (44.09%)
2025-04-14T12:33:19,184  INFO PseudoScheduleImpl:150 PseudoScheduleImpl::createFacilitiesAndLinkSequences 14059/31813 (44.19%)
2025-04-14T12:33:20,208  INFO PseudoScheduleImpl:150 PseudoScheduleImpl::createFacilitiesAndLinkSequences 14091/31813 (44.29%)
2025-04-14T12:33:21,232  INFO PseudoScheduleImpl:150 PseudoScheduleImpl::createFacilitiesAndLinkSequences 14123/31813 (44.39%)
2025-04-14T12:33:22,259  INFO PseudoScheduleImpl:150 PseudoScheduleImpl::createFacilitiesAndLinkSequences 14155/31813 (44.49%)
2025-04-14T12:33:23,289  INFO PseudoScheduleImpl:150 PseudoScheduleImpl::createFacilitiesAndLinkSequences 14187/31813 (44.59%)
2025-04-14T12:33:24,314  INFO PseudoScheduleImpl:150 PseudoScheduleImpl::createFacilitiesAndLinkSequences 14219/31813 (44.70%)
2025-04-14T12:33:25,321  INFO PseudoScheduleImpl:150 PseudoScheduleImpl::createFacilitiesAndLinkSequences 14250/31813 (44.79%)
2025-04-14T12:33:26,345  INFO PseudoScheduleImpl:150 PseudoScheduleImpl::createFacilitiesAndLinkSequences 14280/31813 (44.89%)
2025-04-14T12:33:27,376  INFO PseudoScheduleImpl:150 PseudoScheduleImpl::createFacilitiesAndLinkSequences 14311/31813 (44.98%)
2025-04-14T12:33:28,390  INFO PseudoScheduleImpl:150 PseudoScheduleImpl::createFacilitiesAndLinkSequences 14342/31813 (45.08%)
2025-04-14T12:33:29,399  INFO PseudoScheduleImpl:150 PseudoScheduleImpl::createFacilitiesAndLinkSequences 14373/31813 (45.18%)
2025-04-14T12:33:30,412  INFO PseudoScheduleImpl:150 PseudoScheduleImpl::createFacilitiesAndLinkSequences 14404/31813 (45.28%)
2025-04-14T12:33:31,437  INFO PseudoScheduleImpl:150 PseudoScheduleImpl::createFacilitiesAndLinkSequences 14435/31813 (45.37%)
2025-04-14T12:33:32,445  INFO PseudoScheduleImpl:150 PseudoScheduleImpl::createFacilitiesAndLinkSequences 14465/31813 (45.47%)
2025-04-14T12:33:33,473  INFO PseudoScheduleImpl:150 PseudoScheduleImpl::createFacilitiesAndLinkSequences 14495/31813 (45.56%)
2025-04-14T12:33:34,491  INFO PseudoScheduleImpl:150 PseudoScheduleImpl::createFacilitiesAndLinkSequences 14525/31813 (45.66%)
2025-04-14T12:33:35,491  INFO PseudoScheduleImpl:150 PseudoScheduleImpl::createFacilitiesAndLinkSequences 14555/31813 (45.75%)
2025-04-14T12:33:36,523  INFO PseudoScheduleImpl:150 PseudoScheduleImpl::createFacilitiesAndLinkSequences 14586/31813 (45.85%)
2025-04-14T12:33:37,550  INFO PseudoScheduleImpl:150 PseudoScheduleImpl::createFacilitiesAndLinkSequences 14617/31813 (45.95%)
2025-04-14T12:33:38,553  INFO PseudoScheduleImpl:150 PseudoScheduleImpl::createFacilitiesAndLinkSequences 14647/31813 (46.04%)
2025-04-14T12:33:39,561  INFO PseudoScheduleImpl:150 PseudoScheduleImpl::createFacilitiesAndLinkSequences 14677/31813 (46.14%)
2025-04-14T12:33:40,565  INFO PseudoScheduleImpl:150 PseudoScheduleImpl::createFacilitiesAndLinkSequences 14707/31813 (46.23%)
2025-04-14T12:33:41,573  INFO PseudoScheduleImpl:150 PseudoScheduleImpl::createFacilitiesAndLinkSequences 14737/31813 (46.32%)
2025-04-14T12:33:42,578  INFO PseudoScheduleImpl:150 PseudoScheduleImpl::createFacilitiesAndLinkSequences 14767/31813 (46.42%)
2025-04-14T12:33:43,596  INFO PseudoScheduleImpl:150 PseudoScheduleImpl::createFacilitiesAndLinkSequences 14797/31813 (46.51%)
2025-04-14T12:33:44,598  INFO PseudoScheduleImpl:150 PseudoScheduleImpl::createFacilitiesAndLinkSequences 14826/31813 (46.60%)
2025-04-14T12:33:45,629  INFO PseudoScheduleImpl:150 PseudoScheduleImpl::createFacilitiesAndLinkSequences 14856/31813 (46.70%)
2025-04-14T12:33:46,642  INFO PseudoScheduleImpl:150 PseudoScheduleImpl::createFacilitiesAndLinkSequences 14885/31813 (46.79%)
2025-04-14T12:33:47,668  INFO PseudoScheduleImpl:150 PseudoScheduleImpl::createFacilitiesAndLinkSequences 14914/31813 (46.88%)
2025-04-14T12:33:48,681  INFO PseudoScheduleImpl:150 PseudoScheduleImpl::createFacilitiesAndLinkSequences 14942/31813 (46.97%)
2025-04-14T12:33:49,702  INFO PseudoScheduleImpl:150 PseudoScheduleImpl::createFacilitiesAndLinkSequences 14971/31813 (47.06%)
2025-04-14T12:33:50,719  INFO PseudoScheduleImpl:150 PseudoScheduleImpl::createFacilitiesAndLinkSequences 15000/31813 (47.15%)
2025-04-14T12:33:51,730  INFO PseudoScheduleImpl:150 PseudoScheduleImpl::createFacilitiesAndLinkSequences 15029/31813 (47.24%)
2025-04-14T12:33:52,735  INFO PseudoScheduleImpl:150 PseudoScheduleImpl::createFacilitiesAndLinkSequences 15057/31813 (47.33%)
2025-04-14T12:33:53,740  INFO PseudoScheduleImpl:150 PseudoScheduleImpl::createFacilitiesAndLinkSequences 15085/31813 (47.42%)
2025-04-14T12:33:54,741  INFO PseudoScheduleImpl:150 PseudoScheduleImpl::createFacilitiesAndLinkSequences 15113/31813 (47.51%)
2025-04-14T12:33:55,744  INFO PseudoScheduleImpl:150 PseudoScheduleImpl::createFacilitiesAndLinkSequences 15141/31813 (47.59%)
2025-04-14T12:33:56,772  INFO PseudoScheduleImpl:150 PseudoScheduleImpl::createFacilitiesAndLinkSequences 15170/31813 (47.68%)
2025-04-14T12:33:57,800  INFO PseudoScheduleImpl:150 PseudoScheduleImpl::createFacilitiesAndLinkSequences 15199/31813 (47.78%)
2025-04-14T12:33:58,830  INFO PseudoScheduleImpl:150 PseudoScheduleImpl::createFacilitiesAndLinkSequences 15228/31813 (47.87%)
2025-04-14T12:33:59,844  INFO PseudoScheduleImpl:150 PseudoScheduleImpl::createFacilitiesAndLinkSequences 15257/31813 (47.96%)
2025-04-14T12:34:00,851  INFO PseudoScheduleImpl:150 PseudoScheduleImpl::createFacilitiesAndLinkSequences 15286/31813 (48.05%)
2025-04-14T12:34:01,852  INFO PseudoScheduleImpl:150 PseudoScheduleImpl::createFacilitiesAndLinkSequences 15315/31813 (48.14%)
2025-04-14T12:34:02,859  INFO PseudoScheduleImpl:150 PseudoScheduleImpl::createFacilitiesAndLinkSequences 15344/31813 (48.23%)
2025-04-14T12:34:03,879  INFO PseudoScheduleImpl:150 PseudoScheduleImpl::createFacilitiesAndLinkSequences 15373/31813 (48.32%)
2025-04-14T12:34:04,896  INFO PseudoScheduleImpl:150 PseudoScheduleImpl::createFacilitiesAndLinkSequences 15402/31813 (48.41%)
2025-04-14T12:34:05,904  INFO PseudoScheduleImpl:150 PseudoScheduleImpl::createFacilitiesAndLinkSequences 15431/31813 (48.51%)
2025-04-14T12:34:06,912  INFO PseudoScheduleImpl:150 PseudoScheduleImpl::createFacilitiesAndLinkSequences 15460/31813 (48.60%)
2025-04-14T12:34:07,918  INFO PseudoScheduleImpl:150 PseudoScheduleImpl::createFacilitiesAndLinkSequences 15489/31813 (48.69%)
2025-04-14T12:34:08,925  INFO PseudoScheduleImpl:150 PseudoScheduleImpl::createFacilitiesAndLinkSequences 15518/31813 (48.78%)
2025-04-14T12:34:09,934  INFO PseudoScheduleImpl:150 PseudoScheduleImpl::createFacilitiesAndLinkSequences 15547/31813 (48.87%)
2025-04-14T12:34:10,942  INFO PseudoScheduleImpl:150 PseudoScheduleImpl::createFacilitiesAndLinkSequences 15576/31813 (48.96%)
2025-04-14T12:34:11,953  INFO PseudoScheduleImpl:150 PseudoScheduleImpl::createFacilitiesAndLinkSequences 15605/31813 (49.05%)
2025-04-14T12:34:12,955  INFO PseudoScheduleImpl:150 PseudoScheduleImpl::createFacilitiesAndLinkSequences 15634/31813 (49.14%)
2025-04-14T12:34:13,988  INFO PseudoScheduleImpl:150 PseudoScheduleImpl::createFacilitiesAndLinkSequences 15664/31813 (49.24%)
2025-04-14T12:34:14,988  INFO PseudoScheduleImpl:150 PseudoScheduleImpl::createFacilitiesAndLinkSequences 15693/31813 (49.33%)
2025-04-14T12:34:15,999  INFO PseudoScheduleImpl:150 PseudoScheduleImpl::createFacilitiesAndLinkSequences 15722/31813 (49.42%)
2025-04-14T12:34:17,028  INFO PseudoScheduleImpl:150 PseudoScheduleImpl::createFacilitiesAndLinkSequences 15751/31813 (49.51%)
2025-04-14T12:34:18,054  INFO PseudoScheduleImpl:150 PseudoScheduleImpl::createFacilitiesAndLinkSequences 15780/31813 (49.60%)
2025-04-14T12:34:19,080  INFO PseudoScheduleImpl:150 PseudoScheduleImpl::createFacilitiesAndLinkSequences 15809/31813 (49.69%)
2025-04-14T12:34:20,109  INFO PseudoScheduleImpl:150 PseudoScheduleImpl::createFacilitiesAndLinkSequences 15838/31813 (49.78%)
2025-04-14T12:34:21,135  INFO PseudoScheduleImpl:150 PseudoScheduleImpl::createFacilitiesAndLinkSequences 15867/31813 (49.88%)
2025-04-14T12:34:22,165  INFO PseudoScheduleImpl:150 PseudoScheduleImpl::createFacilitiesAndLinkSequences 15896/31813 (49.97%)
2025-04-14T12:34:23,198  INFO PseudoScheduleImpl:150 PseudoScheduleImpl::createFacilitiesAndLinkSequences 15925/31813 (50.06%)
2025-04-14T12:34:24,228  INFO PseudoScheduleImpl:150 PseudoScheduleImpl::createFacilitiesAndLinkSequences 15954/31813 (50.15%)
2025-04-14T12:34:25,258  INFO PseudoScheduleImpl:150 PseudoScheduleImpl::createFacilitiesAndLinkSequences 15983/31813 (50.24%)
2025-04-14T12:34:26,287  INFO PseudoScheduleImpl:150 PseudoScheduleImpl::createFacilitiesAndLinkSequences 16012/31813 (50.33%)
2025-04-14T12:34:27,292  INFO PseudoScheduleImpl:150 PseudoScheduleImpl::createFacilitiesAndLinkSequences 16040/31813 (50.42%)
2025-04-14T12:34:28,306  INFO PseudoScheduleImpl:150 PseudoScheduleImpl::createFacilitiesAndLinkSequences 16068/31813 (50.51%)
2025-04-14T12:34:29,313  INFO PseudoScheduleImpl:150 PseudoScheduleImpl::createFacilitiesAndLinkSequences 16096/31813 (50.60%)
2025-04-14T12:34:30,318  INFO PseudoScheduleImpl:150 PseudoScheduleImpl::createFacilitiesAndLinkSequences 16124/31813 (50.68%)
2025-04-14T12:34:31,321  INFO PseudoScheduleImpl:150 PseudoScheduleImpl::createFacilitiesAndLinkSequences 16152/31813 (50.77%)
2025-04-14T12:34:32,333  INFO PseudoScheduleImpl:150 PseudoScheduleImpl::createFacilitiesAndLinkSequences 16180/31813 (50.86%)
2025-04-14T12:34:33,348  INFO PseudoScheduleImpl:150 PseudoScheduleImpl::createFacilitiesAndLinkSequences 16208/31813 (50.95%)
2025-04-14T12:34:34,371  INFO PseudoScheduleImpl:150 PseudoScheduleImpl::createFacilitiesAndLinkSequences 16237/31813 (51.04%)
2025-04-14T12:34:35,378  INFO PseudoScheduleImpl:150 PseudoScheduleImpl::createFacilitiesAndLinkSequences 16265/31813 (51.13%)
2025-04-14T12:34:36,402  INFO PseudoScheduleImpl:150 PseudoScheduleImpl::createFacilitiesAndLinkSequences 16293/31813 (51.21%)
2025-04-14T12:34:37,426  INFO PseudoScheduleImpl:150 PseudoScheduleImpl::createFacilitiesAndLinkSequences 16321/31813 (51.30%)
2025-04-14T12:34:38,445  INFO PseudoScheduleImpl:150 PseudoScheduleImpl::createFacilitiesAndLinkSequences 16349/31813 (51.39%)
2025-04-14T12:34:39,493  INFO PseudoScheduleImpl:150 PseudoScheduleImpl::createFacilitiesAndLinkSequences 16374/31813 (51.47%)
2025-04-14T12:34:40,504  INFO PseudoScheduleImpl:150 PseudoScheduleImpl::createFacilitiesAndLinkSequences 16391/31813 (51.52%)
2025-04-14T12:34:41,519  INFO PseudoScheduleImpl:150 PseudoScheduleImpl::createFacilitiesAndLinkSequences 16418/31813 (51.61%)
2025-04-14T12:34:42,553  INFO PseudoScheduleImpl:150 PseudoScheduleImpl::createFacilitiesAndLinkSequences 16445/31813 (51.69%)
2025-04-14T12:34:43,590  INFO PseudoScheduleImpl:150 PseudoScheduleImpl::createFacilitiesAndLinkSequences 16472/31813 (51.78%)
2025-04-14T12:34:44,625  INFO PseudoScheduleImpl:150 PseudoScheduleImpl::createFacilitiesAndLinkSequences 16499/31813 (51.86%)
2025-04-14T12:34:45,654  INFO PseudoScheduleImpl:150 PseudoScheduleImpl::createFacilitiesAndLinkSequences 16526/31813 (51.95%)
2025-04-14T12:34:46,688  INFO PseudoScheduleImpl:150 PseudoScheduleImpl::createFacilitiesAndLinkSequences 16553/31813 (52.03%)
2025-04-14T12:34:47,701  INFO PseudoScheduleImpl:150 PseudoScheduleImpl::createFacilitiesAndLinkSequences 16579/31813 (52.11%)
2025-04-14T12:34:48,703  INFO PseudoScheduleImpl:150 PseudoScheduleImpl::createFacilitiesAndLinkSequences 16605/31813 (52.20%)
2025-04-14T12:34:49,719  INFO PseudoScheduleImpl:150 PseudoScheduleImpl::createFacilitiesAndLinkSequences 16632/31813 (52.28%)
2025-04-14T12:34:50,726  INFO PseudoScheduleImpl:150 PseudoScheduleImpl::createFacilitiesAndLinkSequences 16659/31813 (52.37%)
2025-04-14T12:34:51,731  INFO PseudoScheduleImpl:150 PseudoScheduleImpl::createFacilitiesAndLinkSequences 16686/31813 (52.45%)
2025-04-14T12:34:52,742  INFO PseudoScheduleImpl:150 PseudoScheduleImpl::createFacilitiesAndLinkSequences 16713/31813 (52.54%)
2025-04-14T12:34:53,776  INFO PseudoScheduleImpl:150 PseudoScheduleImpl::createFacilitiesAndLinkSequences 16741/31813 (52.62%)
2025-04-14T12:34:54,786  INFO PseudoScheduleImpl:150 PseudoScheduleImpl::createFacilitiesAndLinkSequences 16769/31813 (52.71%)
2025-04-14T12:34:55,818  INFO PseudoScheduleImpl:150 PseudoScheduleImpl::createFacilitiesAndLinkSequences 16798/31813 (52.80%)
2025-04-14T12:34:56,849  INFO PseudoScheduleImpl:150 PseudoScheduleImpl::createFacilitiesAndLinkSequences 16827/31813 (52.89%)
2025-04-14T12:34:57,880  INFO PseudoScheduleImpl:150 PseudoScheduleImpl::createFacilitiesAndLinkSequences 16856/31813 (52.98%)
2025-04-14T12:34:58,879  INFO PseudoScheduleImpl:150 PseudoScheduleImpl::createFacilitiesAndLinkSequences 16884/31813 (53.07%)
2025-04-14T12:34:59,913  INFO PseudoScheduleImpl:150 PseudoScheduleImpl::createFacilitiesAndLinkSequences 16913/31813 (53.16%)
2025-04-14T12:35:00,915  INFO PseudoScheduleImpl:150 PseudoScheduleImpl::createFacilitiesAndLinkSequences 16941/31813 (53.25%)
2025-04-14T12:35:01,916  INFO PseudoScheduleImpl:150 PseudoScheduleImpl::createFacilitiesAndLinkSequences 16969/31813 (53.34%)
2025-04-14T12:35:02,932  INFO PseudoScheduleImpl:150 PseudoScheduleImpl::createFacilitiesAndLinkSequences 16997/31813 (53.43%)
2025-04-14T12:35:03,935  INFO PseudoScheduleImpl:150 PseudoScheduleImpl::createFacilitiesAndLinkSequences 17025/31813 (53.52%)
2025-04-14T12:35:04,949  INFO PseudoScheduleImpl:150 PseudoScheduleImpl::createFacilitiesAndLinkSequences 17053/31813 (53.60%)
2025-04-14T12:35:05,961  INFO PseudoScheduleImpl:150 PseudoScheduleImpl::createFacilitiesAndLinkSequences 17081/31813 (53.69%)
2025-04-14T12:35:06,970  INFO PseudoScheduleImpl:150 PseudoScheduleImpl::createFacilitiesAndLinkSequences 17109/31813 (53.78%)
2025-04-14T12:35:07,976  INFO PseudoScheduleImpl:150 PseudoScheduleImpl::createFacilitiesAndLinkSequences 17137/31813 (53.87%)
2025-04-14T12:35:08,982  INFO PseudoScheduleImpl:150 PseudoScheduleImpl::createFacilitiesAndLinkSequences 17165/31813 (53.96%)
2025-04-14T12:35:09,991  INFO PseudoScheduleImpl:150 PseudoScheduleImpl::createFacilitiesAndLinkSequences 17193/31813 (54.04%)
2025-04-14T12:35:11,004  INFO PseudoScheduleImpl:150 PseudoScheduleImpl::createFacilitiesAndLinkSequences 17221/31813 (54.13%)
2025-04-14T12:35:12,026  INFO PseudoScheduleImpl:150 PseudoScheduleImpl::createFacilitiesAndLinkSequences 17249/31813 (54.22%)
2025-04-14T12:35:13,052  INFO PseudoScheduleImpl:150 PseudoScheduleImpl::createFacilitiesAndLinkSequences 17276/31813 (54.30%)
2025-04-14T12:35:14,082  INFO PseudoScheduleImpl:150 PseudoScheduleImpl::createFacilitiesAndLinkSequences 17303/31813 (54.39%)
2025-04-14T12:35:15,092  INFO PseudoScheduleImpl:150 PseudoScheduleImpl::createFacilitiesAndLinkSequences 17330/31813 (54.47%)
2025-04-14T12:35:16,101  INFO PseudoScheduleImpl:150 PseudoScheduleImpl::createFacilitiesAndLinkSequences 17357/31813 (54.56%)
2025-04-14T12:35:17,109  INFO PseudoScheduleImpl:150 PseudoScheduleImpl::createFacilitiesAndLinkSequences 17384/31813 (54.64%)
2025-04-14T12:35:18,126  INFO PseudoScheduleImpl:150 PseudoScheduleImpl::createFacilitiesAndLinkSequences 17411/31813 (54.73%)
2025-04-14T12:35:19,139  INFO PseudoScheduleImpl:150 PseudoScheduleImpl::createFacilitiesAndLinkSequences 17438/31813 (54.81%)
2025-04-14T12:35:20,148  INFO PseudoScheduleImpl:150 PseudoScheduleImpl::createFacilitiesAndLinkSequences 17465/31813 (54.90%)
2025-04-14T12:35:21,154  INFO PseudoScheduleImpl:150 PseudoScheduleImpl::createFacilitiesAndLinkSequences 17492/31813 (54.98%)
2025-04-14T12:35:22,172  INFO PseudoScheduleImpl:150 PseudoScheduleImpl::createFacilitiesAndLinkSequences 17519/31813 (55.07%)
2025-04-14T12:35:23,191  INFO PseudoScheduleImpl:150 PseudoScheduleImpl::createFacilitiesAndLinkSequences 17546/31813 (55.15%)
2025-04-14T12:35:24,215  INFO PseudoScheduleImpl:150 PseudoScheduleImpl::createFacilitiesAndLinkSequences 17572/31813 (55.24%)
2025-04-14T12:35:25,232  INFO PseudoScheduleImpl:150 PseudoScheduleImpl::createFacilitiesAndLinkSequences 17598/31813 (55.32%)
2025-04-14T12:35:26,248  INFO PseudoScheduleImpl:150 PseudoScheduleImpl::createFacilitiesAndLinkSequences 17624/31813 (55.40%)
2025-04-14T12:35:27,256  INFO PseudoScheduleImpl:150 PseudoScheduleImpl::createFacilitiesAndLinkSequences 17650/31813 (55.48%)
2025-04-14T12:35:28,268  INFO PseudoScheduleImpl:150 PseudoScheduleImpl::createFacilitiesAndLinkSequences 17676/31813 (55.56%)
2025-04-14T12:35:29,279  INFO PseudoScheduleImpl:150 PseudoScheduleImpl::createFacilitiesAndLinkSequences 17702/31813 (55.64%)
2025-04-14T12:35:30,294  INFO PseudoScheduleImpl:150 PseudoScheduleImpl::createFacilitiesAndLinkSequences 17728/31813 (55.73%)
2025-04-14T12:35:31,314  INFO PseudoScheduleImpl:150 PseudoScheduleImpl::createFacilitiesAndLinkSequences 17754/31813 (55.81%)
2025-04-14T12:35:32,329  INFO PseudoScheduleImpl:150 PseudoScheduleImpl::createFacilitiesAndLinkSequences 17779/31813 (55.89%)
2025-04-14T12:35:33,348  INFO PseudoScheduleImpl:150 PseudoScheduleImpl::createFacilitiesAndLinkSequences 17804/31813 (55.96%)
2025-04-14T12:35:34,352  INFO PseudoScheduleImpl:150 PseudoScheduleImpl::createFacilitiesAndLinkSequences 17829/31813 (56.04%)
2025-04-14T12:35:35,360  INFO PseudoScheduleImpl:150 PseudoScheduleImpl::createFacilitiesAndLinkSequences 17854/31813 (56.12%)
2025-04-14T12:35:36,385  INFO PseudoScheduleImpl:150 PseudoScheduleImpl::createFacilitiesAndLinkSequences 17879/31813 (56.20%)
2025-04-14T12:35:37,417  INFO PseudoScheduleImpl:150 PseudoScheduleImpl::createFacilitiesAndLinkSequences 17905/31813 (56.28%)
2025-04-14T12:35:38,432  INFO PseudoScheduleImpl:150 PseudoScheduleImpl::createFacilitiesAndLinkSequences 17931/31813 (56.36%)
2025-04-14T12:35:39,441  INFO PseudoScheduleImpl:150 PseudoScheduleImpl::createFacilitiesAndLinkSequences 17957/31813 (56.45%)
2025-04-14T12:35:40,451  INFO PseudoScheduleImpl:150 PseudoScheduleImpl::createFacilitiesAndLinkSequences 17983/31813 (56.53%)
2025-04-14T12:35:41,461  INFO PseudoScheduleImpl:150 PseudoScheduleImpl::createFacilitiesAndLinkSequences 18009/31813 (56.61%)
2025-04-14T12:35:42,468  INFO PseudoScheduleImpl:150 PseudoScheduleImpl::createFacilitiesAndLinkSequences 18035/31813 (56.69%)
2025-04-14T12:35:43,470  INFO PseudoScheduleImpl:150 PseudoScheduleImpl::createFacilitiesAndLinkSequences 18061/31813 (56.77%)
2025-04-14T12:35:44,472  INFO PseudoScheduleImpl:150 PseudoScheduleImpl::createFacilitiesAndLinkSequences 18087/31813 (56.85%)
2025-04-14T12:35:45,475  INFO PseudoScheduleImpl:150 PseudoScheduleImpl::createFacilitiesAndLinkSequences 18113/31813 (56.94%)
2025-04-14T12:35:46,491  INFO PseudoScheduleImpl:150 PseudoScheduleImpl::createFacilitiesAndLinkSequences 18140/31813 (57.02%)
2025-04-14T12:35:47,497  INFO PseudoScheduleImpl:150 PseudoScheduleImpl::createFacilitiesAndLinkSequences 18167/31813 (57.11%)
2025-04-14T12:35:48,504  INFO PseudoScheduleImpl:150 PseudoScheduleImpl::createFacilitiesAndLinkSequences 18194/31813 (57.19%)
2025-04-14T12:35:49,514  INFO PseudoScheduleImpl:150 PseudoScheduleImpl::createFacilitiesAndLinkSequences 18221/31813 (57.28%)
2025-04-14T12:35:50,520  INFO PseudoScheduleImpl:150 PseudoScheduleImpl::createFacilitiesAndLinkSequences 18248/31813 (57.36%)
2025-04-14T12:35:51,527  INFO PseudoScheduleImpl:150 PseudoScheduleImpl::createFacilitiesAndLinkSequences 18275/31813 (57.45%)
2025-04-14T12:35:52,534  INFO PseudoScheduleImpl:150 PseudoScheduleImpl::createFacilitiesAndLinkSequences 18302/31813 (57.53%)
2025-04-14T12:35:53,544  INFO PseudoScheduleImpl:150 PseudoScheduleImpl::createFacilitiesAndLinkSequences 18329/31813 (57.61%)
2025-04-14T12:35:54,549  INFO PseudoScheduleImpl:150 PseudoScheduleImpl::createFacilitiesAndLinkSequences 18355/31813 (57.70%)
2025-04-14T12:35:55,558  INFO PseudoScheduleImpl:150 PseudoScheduleImpl::createFacilitiesAndLinkSequences 18381/31813 (57.78%)
2025-04-14T12:35:56,564  INFO PseudoScheduleImpl:150 PseudoScheduleImpl::createFacilitiesAndLinkSequences 18407/31813 (57.86%)
2025-04-14T12:35:57,568  INFO PseudoScheduleImpl:150 PseudoScheduleImpl::createFacilitiesAndLinkSequences 18433/31813 (57.94%)
2025-04-14T12:35:58,572  INFO PseudoScheduleImpl:150 PseudoScheduleImpl::createFacilitiesAndLinkSequences 18459/31813 (58.02%)
2025-04-14T12:35:59,580  INFO PseudoScheduleImpl:150 PseudoScheduleImpl::createFacilitiesAndLinkSequences 18485/31813 (58.11%)
2025-04-14T12:36:00,594  INFO PseudoScheduleImpl:150 PseudoScheduleImpl::createFacilitiesAndLinkSequences 18511/31813 (58.19%)
2025-04-14T12:36:01,600  INFO PseudoScheduleImpl:150 PseudoScheduleImpl::createFacilitiesAndLinkSequences 18537/31813 (58.27%)
2025-04-14T12:36:02,606  INFO PseudoScheduleImpl:150 PseudoScheduleImpl::createFacilitiesAndLinkSequences 18563/31813 (58.35%)
2025-04-14T12:36:03,611  INFO PseudoScheduleImpl:150 PseudoScheduleImpl::createFacilitiesAndLinkSequences 18589/31813 (58.43%)
2025-04-14T12:36:04,620  INFO PseudoScheduleImpl:150 PseudoScheduleImpl::createFacilitiesAndLinkSequences 18615/31813 (58.51%)
2025-04-14T12:36:05,634  INFO PseudoScheduleImpl:150 PseudoScheduleImpl::createFacilitiesAndLinkSequences 18641/31813 (58.60%)
2025-04-14T12:36:06,646  INFO PseudoScheduleImpl:150 PseudoScheduleImpl::createFacilitiesAndLinkSequences 18667/31813 (58.68%)
2025-04-14T12:36:07,654  INFO PseudoScheduleImpl:150 PseudoScheduleImpl::createFacilitiesAndLinkSequences 18694/31813 (58.76%)
2025-04-14T12:36:08,681  INFO PseudoScheduleImpl:150 PseudoScheduleImpl::createFacilitiesAndLinkSequences 18721/31813 (58.85%)
2025-04-14T12:36:09,708  INFO PseudoScheduleImpl:150 PseudoScheduleImpl::createFacilitiesAndLinkSequences 18748/31813 (58.93%)
2025-04-14T12:36:10,731  INFO PseudoScheduleImpl:150 PseudoScheduleImpl::createFacilitiesAndLinkSequences 18775/31813 (59.02%)
2025-04-14T12:36:11,755  INFO PseudoScheduleImpl:150 PseudoScheduleImpl::createFacilitiesAndLinkSequences 18802/31813 (59.10%)
2025-04-14T12:36:12,776  INFO PseudoScheduleImpl:150 PseudoScheduleImpl::createFacilitiesAndLinkSequences 18829/31813 (59.19%)
2025-04-14T12:36:13,797  INFO PseudoScheduleImpl:150 PseudoScheduleImpl::createFacilitiesAndLinkSequences 18856/31813 (59.27%)
2025-04-14T12:36:14,816  INFO PseudoScheduleImpl:150 PseudoScheduleImpl::createFacilitiesAndLinkSequences 18883/31813 (59.36%)
2025-04-14T12:36:15,844  INFO PseudoScheduleImpl:150 PseudoScheduleImpl::createFacilitiesAndLinkSequences 18910/31813 (59.44%)
2025-04-14T12:36:16,874  INFO PseudoScheduleImpl:150 PseudoScheduleImpl::createFacilitiesAndLinkSequences 18936/31813 (59.52%)
2025-04-14T12:36:17,901  INFO PseudoScheduleImpl:150 PseudoScheduleImpl::createFacilitiesAndLinkSequences 18962/31813 (59.60%)
2025-04-14T12:36:18,906  INFO PseudoScheduleImpl:150 PseudoScheduleImpl::createFacilitiesAndLinkSequences 18988/31813 (59.69%)
2025-04-14T12:36:19,910  INFO PseudoScheduleImpl:150 PseudoScheduleImpl::createFacilitiesAndLinkSequences 19014/31813 (59.77%)
2025-04-14T12:36:20,946  INFO PseudoScheduleImpl:150 PseudoScheduleImpl::createFacilitiesAndLinkSequences 19041/31813 (59.85%)
2025-04-14T12:36:21,979  INFO PseudoScheduleImpl:150 PseudoScheduleImpl::createFacilitiesAndLinkSequences 19068/31813 (59.94%)
2025-04-14T12:36:22,999  INFO PseudoScheduleImpl:150 PseudoScheduleImpl::createFacilitiesAndLinkSequences 19095/31813 (60.02%)
2025-04-14T12:36:24,018  INFO PseudoScheduleImpl:150 PseudoScheduleImpl::createFacilitiesAndLinkSequences 19122/31813 (60.11%)
2025-04-14T12:36:25,044  INFO PseudoScheduleImpl:150 PseudoScheduleImpl::createFacilitiesAndLinkSequences 19149/31813 (60.19%)
2025-04-14T12:36:26,077  INFO PseudoScheduleImpl:150 PseudoScheduleImpl::createFacilitiesAndLinkSequences 19176/31813 (60.28%)
2025-04-14T12:36:27,100  INFO PseudoScheduleImpl:150 PseudoScheduleImpl::createFacilitiesAndLinkSequences 19203/31813 (60.36%)
2025-04-14T12:36:28,115  INFO PseudoScheduleImpl:150 PseudoScheduleImpl::createFacilitiesAndLinkSequences 19230/31813 (60.45%)
2025-04-14T12:36:29,125  INFO PseudoScheduleImpl:150 PseudoScheduleImpl::createFacilitiesAndLinkSequences 19257/31813 (60.53%)
2025-04-14T12:36:30,162  INFO PseudoScheduleImpl:150 PseudoScheduleImpl::createFacilitiesAndLinkSequences 19285/31813 (60.62%)
2025-04-14T12:36:31,196  INFO PseudoScheduleImpl:150 PseudoScheduleImpl::createFacilitiesAndLinkSequences 19313/31813 (60.71%)
2025-04-14T12:36:32,231  INFO PseudoScheduleImpl:150 PseudoScheduleImpl::createFacilitiesAndLinkSequences 19341/31813 (60.80%)
2025-04-14T12:36:33,266  INFO PseudoScheduleImpl:150 PseudoScheduleImpl::createFacilitiesAndLinkSequences 19369/31813 (60.88%)
2025-04-14T12:36:34,300  INFO PseudoScheduleImpl:150 PseudoScheduleImpl::createFacilitiesAndLinkSequences 19397/31813 (60.97%)
2025-04-14T12:36:35,317  INFO PseudoScheduleImpl:150 PseudoScheduleImpl::createFacilitiesAndLinkSequences 19424/31813 (61.06%)
2025-04-14T12:36:36,320  INFO PseudoScheduleImpl:150 PseudoScheduleImpl::createFacilitiesAndLinkSequences 19451/31813 (61.14%)
2025-04-14T12:36:37,335  INFO PseudoScheduleImpl:150 PseudoScheduleImpl::createFacilitiesAndLinkSequences 19478/31813 (61.23%)
2025-04-14T12:36:38,344  INFO PseudoScheduleImpl:150 PseudoScheduleImpl::createFacilitiesAndLinkSequences 19505/31813 (61.31%)
2025-04-14T12:36:39,346  INFO PseudoScheduleImpl:150 PseudoScheduleImpl::createFacilitiesAndLinkSequences 19532/31813 (61.40%)
2025-04-14T12:36:40,364  INFO PseudoScheduleImpl:150 PseudoScheduleImpl::createFacilitiesAndLinkSequences 19559/31813 (61.48%)
2025-04-14T12:36:41,374  INFO PseudoScheduleImpl:150 PseudoScheduleImpl::createFacilitiesAndLinkSequences 19585/31813 (61.56%)
2025-04-14T12:36:42,374  INFO PseudoScheduleImpl:150 PseudoScheduleImpl::createFacilitiesAndLinkSequences 19611/31813 (61.64%)
2025-04-14T12:36:43,379  INFO PseudoScheduleImpl:150 PseudoScheduleImpl::createFacilitiesAndLinkSequences 19637/31813 (61.73%)
2025-04-14T12:36:44,414  INFO PseudoScheduleImpl:150 PseudoScheduleImpl::createFacilitiesAndLinkSequences 19664/31813 (61.81%)
2025-04-14T12:36:45,449  INFO PseudoScheduleImpl:150 PseudoScheduleImpl::createFacilitiesAndLinkSequences 19691/31813 (61.90%)
2025-04-14T12:36:46,451  INFO PseudoScheduleImpl:150 PseudoScheduleImpl::createFacilitiesAndLinkSequences 19717/31813 (61.98%)
2025-04-14T12:36:47,451  INFO PseudoScheduleImpl:150 PseudoScheduleImpl::createFacilitiesAndLinkSequences 19743/31813 (62.06%)
2025-04-14T12:36:48,484  INFO PseudoScheduleImpl:150 PseudoScheduleImpl::createFacilitiesAndLinkSequences 19770/31813 (62.14%)
2025-04-14T12:36:49,498  INFO PseudoScheduleImpl:150 PseudoScheduleImpl::createFacilitiesAndLinkSequences 19796/31813 (62.23%)
2025-04-14T12:36:50,521  INFO PseudoScheduleImpl:150 PseudoScheduleImpl::createFacilitiesAndLinkSequences 19822/31813 (62.31%)
2025-04-14T12:36:51,549  INFO PseudoScheduleImpl:150 PseudoScheduleImpl::createFacilitiesAndLinkSequences 19848/31813 (62.39%)
2025-04-14T12:36:52,559  INFO PseudoScheduleImpl:150 PseudoScheduleImpl::createFacilitiesAndLinkSequences 19873/31813 (62.47%)
2025-04-14T12:36:53,570  INFO PseudoScheduleImpl:150 PseudoScheduleImpl::createFacilitiesAndLinkSequences 19898/31813 (62.55%)
2025-04-14T12:36:54,571  INFO PseudoScheduleImpl:150 PseudoScheduleImpl::createFacilitiesAndLinkSequences 19923/31813 (62.63%)
2025-04-14T12:36:55,591  INFO PseudoScheduleImpl:150 PseudoScheduleImpl::createFacilitiesAndLinkSequences 19948/31813 (62.70%)
2025-04-14T12:36:56,604  INFO PseudoScheduleImpl:150 PseudoScheduleImpl::createFacilitiesAndLinkSequences 19973/31813 (62.78%)
2025-04-14T12:36:57,621  INFO PseudoScheduleImpl:150 PseudoScheduleImpl::createFacilitiesAndLinkSequences 19998/31813 (62.86%)
2025-04-14T12:36:58,627  INFO PseudoScheduleImpl:150 PseudoScheduleImpl::createFacilitiesAndLinkSequences 20023/31813 (62.94%)
2025-04-14T12:36:59,647  INFO PseudoScheduleImpl:150 PseudoScheduleImpl::createFacilitiesAndLinkSequences 20048/31813 (63.02%)
2025-04-14T12:37:00,684  INFO PseudoScheduleImpl:150 PseudoScheduleImpl::createFacilitiesAndLinkSequences 20073/31813 (63.10%)
2025-04-14T12:37:01,723  INFO PseudoScheduleImpl:150 PseudoScheduleImpl::createFacilitiesAndLinkSequences 20098/31813 (63.18%)
2025-04-14T12:37:02,761  INFO PseudoScheduleImpl:150 PseudoScheduleImpl::createFacilitiesAndLinkSequences 20123/31813 (63.25%)
2025-04-14T12:37:03,790  INFO PseudoScheduleImpl:150 PseudoScheduleImpl::createFacilitiesAndLinkSequences 20148/31813 (63.33%)
2025-04-14T12:37:04,822  INFO PseudoScheduleImpl:150 PseudoScheduleImpl::createFacilitiesAndLinkSequences 20173/31813 (63.41%)
2025-04-14T12:37:05,826  INFO PseudoScheduleImpl:150 PseudoScheduleImpl::createFacilitiesAndLinkSequences 20198/31813 (63.49%)
2025-04-14T12:37:06,845  INFO PseudoScheduleImpl:150 PseudoScheduleImpl::createFacilitiesAndLinkSequences 20224/31813 (63.57%)
2025-04-14T12:37:07,864  INFO PseudoScheduleImpl:150 PseudoScheduleImpl::createFacilitiesAndLinkSequences 20250/31813 (63.65%)
2025-04-14T12:37:08,882  INFO PseudoScheduleImpl:150 PseudoScheduleImpl::createFacilitiesAndLinkSequences 20276/31813 (63.73%)
2025-04-14T12:37:09,902  INFO PseudoScheduleImpl:150 PseudoScheduleImpl::createFacilitiesAndLinkSequences 20302/31813 (63.82%)
2025-04-14T12:37:10,918  INFO PseudoScheduleImpl:150 PseudoScheduleImpl::createFacilitiesAndLinkSequences 20328/31813 (63.90%)
2025-04-14T12:37:11,932  INFO PseudoScheduleImpl:150 PseudoScheduleImpl::createFacilitiesAndLinkSequences 20354/31813 (63.98%)
2025-04-14T12:37:12,961  INFO PseudoScheduleImpl:150 PseudoScheduleImpl::createFacilitiesAndLinkSequences 20380/31813 (64.06%)
2025-04-14T12:37:13,990  INFO PseudoScheduleImpl:150 PseudoScheduleImpl::createFacilitiesAndLinkSequences 20406/31813 (64.14%)
2025-04-14T12:37:15,015  INFO PseudoScheduleImpl:150 PseudoScheduleImpl::createFacilitiesAndLinkSequences 20432/31813 (64.23%)
2025-04-14T12:37:16,042  INFO PseudoScheduleImpl:150 PseudoScheduleImpl::createFacilitiesAndLinkSequences 20458/31813 (64.31%)
2025-04-14T12:37:17,066  INFO PseudoScheduleImpl:150 PseudoScheduleImpl::createFacilitiesAndLinkSequences 20484/31813 (64.39%)
2025-04-14T12:37:18,102  INFO PseudoScheduleImpl:150 PseudoScheduleImpl::createFacilitiesAndLinkSequences 20510/31813 (64.47%)
2025-04-14T12:37:19,132  INFO PseudoScheduleImpl:150 PseudoScheduleImpl::createFacilitiesAndLinkSequences 20536/31813 (64.55%)
2025-04-14T12:37:20,166  INFO PseudoScheduleImpl:150 PseudoScheduleImpl::createFacilitiesAndLinkSequences 20562/31813 (64.63%)
2025-04-14T12:37:21,200  INFO PseudoScheduleImpl:150 PseudoScheduleImpl::createFacilitiesAndLinkSequences 20588/31813 (64.72%)
2025-04-14T12:37:22,236  INFO PseudoScheduleImpl:150 PseudoScheduleImpl::createFacilitiesAndLinkSequences 20614/31813 (64.80%)
2025-04-14T12:37:23,270  INFO PseudoScheduleImpl:150 PseudoScheduleImpl::createFacilitiesAndLinkSequences 20640/31813 (64.88%)
2025-04-14T12:37:24,290  INFO PseudoScheduleImpl:150 PseudoScheduleImpl::createFacilitiesAndLinkSequences 20666/31813 (64.96%)
2025-04-14T12:37:25,317  INFO PseudoScheduleImpl:150 PseudoScheduleImpl::createFacilitiesAndLinkSequences 20692/31813 (65.04%)
2025-04-14T12:37:26,340  INFO PseudoScheduleImpl:150 PseudoScheduleImpl::createFacilitiesAndLinkSequences 20718/31813 (65.12%)
2025-04-14T12:37:27,362  INFO PseudoScheduleImpl:150 PseudoScheduleImpl::createFacilitiesAndLinkSequences 20744/31813 (65.21%)
2025-04-14T12:37:28,384  INFO PseudoScheduleImpl:150 PseudoScheduleImpl::createFacilitiesAndLinkSequences 20770/31813 (65.29%)
2025-04-14T12:37:29,407  INFO PseudoScheduleImpl:150 PseudoScheduleImpl::createFacilitiesAndLinkSequences 20796/31813 (65.37%)
2025-04-14T12:37:30,433  INFO PseudoScheduleImpl:150 PseudoScheduleImpl::createFacilitiesAndLinkSequences 20822/31813 (65.45%)
2025-04-14T12:37:31,459  INFO PseudoScheduleImpl:150 PseudoScheduleImpl::createFacilitiesAndLinkSequences 20848/31813 (65.53%)
2025-04-14T12:37:32,485  INFO PseudoScheduleImpl:150 PseudoScheduleImpl::createFacilitiesAndLinkSequences 20874/31813 (65.61%)
2025-04-14T12:37:33,493  INFO PseudoScheduleImpl:150 PseudoScheduleImpl::createFacilitiesAndLinkSequences 20899/31813 (65.69%)
2025-04-14T12:37:34,507  INFO PseudoScheduleImpl:150 PseudoScheduleImpl::createFacilitiesAndLinkSequences 20924/31813 (65.77%)
2025-04-14T12:37:35,547  INFO PseudoScheduleImpl:150 PseudoScheduleImpl::createFacilitiesAndLinkSequences 20949/31813 (65.85%)
2025-04-14T12:37:36,559  INFO PseudoScheduleImpl:150 PseudoScheduleImpl::createFacilitiesAndLinkSequences 20973/31813 (65.93%)
2025-04-14T12:37:37,578  INFO PseudoScheduleImpl:150 PseudoScheduleImpl::createFacilitiesAndLinkSequences 20997/31813 (66.00%)
2025-04-14T12:37:38,596  INFO PseudoScheduleImpl:150 PseudoScheduleImpl::createFacilitiesAndLinkSequences 21021/31813 (66.08%)
2025-04-14T12:37:39,614  INFO PseudoScheduleImpl:150 PseudoScheduleImpl::createFacilitiesAndLinkSequences 21046/31813 (66.16%)
2025-04-14T12:37:40,640  INFO PseudoScheduleImpl:150 PseudoScheduleImpl::createFacilitiesAndLinkSequences 21071/31813 (66.23%)
2025-04-14T12:37:41,655  INFO PseudoScheduleImpl:150 PseudoScheduleImpl::createFacilitiesAndLinkSequences 21095/31813 (66.31%)
2025-04-14T12:37:42,663  INFO PseudoScheduleImpl:150 PseudoScheduleImpl::createFacilitiesAndLinkSequences 21119/31813 (66.38%)
2025-04-14T12:37:43,674  INFO PseudoScheduleImpl:150 PseudoScheduleImpl::createFacilitiesAndLinkSequences 21143/31813 (66.46%)
2025-04-14T12:37:44,678  INFO PseudoScheduleImpl:150 PseudoScheduleImpl::createFacilitiesAndLinkSequences 21167/31813 (66.54%)
2025-04-14T12:37:45,679  INFO PseudoScheduleImpl:150 PseudoScheduleImpl::createFacilitiesAndLinkSequences 21191/31813 (66.61%)
2025-04-14T12:37:46,712  INFO PseudoScheduleImpl:150 PseudoScheduleImpl::createFacilitiesAndLinkSequences 21216/31813 (66.69%)
2025-04-14T12:37:47,728  INFO PseudoScheduleImpl:150 PseudoScheduleImpl::createFacilitiesAndLinkSequences 21241/31813 (66.77%)
2025-04-14T12:37:48,734  INFO PseudoScheduleImpl:150 PseudoScheduleImpl::createFacilitiesAndLinkSequences 21266/31813 (66.85%)
2025-04-14T12:37:49,737  INFO PseudoScheduleImpl:150 PseudoScheduleImpl::createFacilitiesAndLinkSequences 21291/31813 (66.93%)
2025-04-14T12:37:50,767  INFO PseudoScheduleImpl:150 PseudoScheduleImpl::createFacilitiesAndLinkSequences 21317/31813 (67.01%)
2025-04-14T12:37:51,793  INFO PseudoScheduleImpl:150 PseudoScheduleImpl::createFacilitiesAndLinkSequences 21343/31813 (67.09%)
2025-04-14T12:37:52,816  INFO PseudoScheduleImpl:150 PseudoScheduleImpl::createFacilitiesAndLinkSequences 21369/31813 (67.17%)
2025-04-14T12:37:53,828  INFO PseudoScheduleImpl:150 PseudoScheduleImpl::createFacilitiesAndLinkSequences 21395/31813 (67.25%)
2025-04-14T12:37:54,855  INFO PseudoScheduleImpl:150 PseudoScheduleImpl::createFacilitiesAndLinkSequences 21421/31813 (67.33%)
2025-04-14T12:37:55,871  INFO PseudoScheduleImpl:150 PseudoScheduleImpl::createFacilitiesAndLinkSequences 21446/31813 (67.41%)
2025-04-14T12:37:56,884  INFO PseudoScheduleImpl:150 PseudoScheduleImpl::createFacilitiesAndLinkSequences 21471/31813 (67.49%)
2025-04-14T12:37:57,904  INFO PseudoScheduleImpl:150 PseudoScheduleImpl::createFacilitiesAndLinkSequences 21496/31813 (67.57%)
2025-04-14T12:37:58,917  INFO PseudoScheduleImpl:150 PseudoScheduleImpl::createFacilitiesAndLinkSequences 21521/31813 (67.65%)
2025-04-14T12:37:59,932  INFO PseudoScheduleImpl:150 PseudoScheduleImpl::createFacilitiesAndLinkSequences 21546/31813 (67.73%)
2025-04-14T12:38:00,938  INFO PseudoScheduleImpl:150 PseudoScheduleImpl::createFacilitiesAndLinkSequences 21571/31813 (67.81%)
2025-04-14T12:38:01,951  INFO PseudoScheduleImpl:150 PseudoScheduleImpl::createFacilitiesAndLinkSequences 21596/31813 (67.88%)
2025-04-14T12:38:02,959  INFO PseudoScheduleImpl:150 PseudoScheduleImpl::createFacilitiesAndLinkSequences 21621/31813 (67.96%)
2025-04-14T12:38:03,967  INFO PseudoScheduleImpl:150 PseudoScheduleImpl::createFacilitiesAndLinkSequences 21646/31813 (68.04%)
2025-04-14T12:38:04,972  INFO PseudoScheduleImpl:150 PseudoScheduleImpl::createFacilitiesAndLinkSequences 21671/31813 (68.12%)
2025-04-14T12:38:05,972  INFO PseudoScheduleImpl:150 PseudoScheduleImpl::createFacilitiesAndLinkSequences 21696/31813 (68.20%)
2025-04-14T12:38:07,009  INFO PseudoScheduleImpl:150 PseudoScheduleImpl::createFacilitiesAndLinkSequences 21722/31813 (68.28%)
2025-04-14T12:38:08,019  INFO PseudoScheduleImpl:150 PseudoScheduleImpl::createFacilitiesAndLinkSequences 21747/31813 (68.36%)
2025-04-14T12:38:09,051  INFO PseudoScheduleImpl:150 PseudoScheduleImpl::createFacilitiesAndLinkSequences 21773/31813 (68.44%)
2025-04-14T12:38:10,058  INFO PseudoScheduleImpl:150 PseudoScheduleImpl::createFacilitiesAndLinkSequences 21798/31813 (68.52%)
2025-04-14T12:38:11,059  INFO PseudoScheduleImpl:150 PseudoScheduleImpl::createFacilitiesAndLinkSequences 21823/31813 (68.60%)
2025-04-14T12:38:12,091  INFO PseudoScheduleImpl:150 PseudoScheduleImpl::createFacilitiesAndLinkSequences 21849/31813 (68.68%)
2025-04-14T12:38:13,123  INFO PseudoScheduleImpl:150 PseudoScheduleImpl::createFacilitiesAndLinkSequences 21875/31813 (68.76%)
2025-04-14T12:38:14,157  INFO PseudoScheduleImpl:150 PseudoScheduleImpl::createFacilitiesAndLinkSequences 21901/31813 (68.84%)
2025-04-14T12:38:15,172  INFO PseudoScheduleImpl:150 PseudoScheduleImpl::createFacilitiesAndLinkSequences 21926/31813 (68.92%)
2025-04-14T12:38:16,190  INFO PseudoScheduleImpl:150 PseudoScheduleImpl::createFacilitiesAndLinkSequences 21951/31813 (69.00%)
2025-04-14T12:38:17,219  INFO PseudoScheduleImpl:150 PseudoScheduleImpl::createFacilitiesAndLinkSequences 21976/31813 (69.08%)
2025-04-14T12:38:18,240  INFO PseudoScheduleImpl:150 PseudoScheduleImpl::createFacilitiesAndLinkSequences 22001/31813 (69.16%)
2025-04-14T12:38:19,267  INFO PseudoScheduleImpl:150 PseudoScheduleImpl::createFacilitiesAndLinkSequences 22026/31813 (69.24%)
2025-04-14T12:38:20,293  INFO PseudoScheduleImpl:150 PseudoScheduleImpl::createFacilitiesAndLinkSequences 22051/31813 (69.31%)
2025-04-14T12:38:21,331  INFO PseudoScheduleImpl:150 PseudoScheduleImpl::createFacilitiesAndLinkSequences 22076/31813 (69.39%)
2025-04-14T12:38:22,365  INFO PseudoScheduleImpl:150 PseudoScheduleImpl::createFacilitiesAndLinkSequences 22101/31813 (69.47%)
2025-04-14T12:38:23,393  INFO PseudoScheduleImpl:150 PseudoScheduleImpl::createFacilitiesAndLinkSequences 22125/31813 (69.55%)
2025-04-14T12:38:24,420  INFO PseudoScheduleImpl:150 PseudoScheduleImpl::createFacilitiesAndLinkSequences 22149/31813 (69.62%)
2025-04-14T12:38:25,441  INFO PseudoScheduleImpl:150 PseudoScheduleImpl::createFacilitiesAndLinkSequences 22173/31813 (69.70%)
2025-04-14T12:38:26,455  INFO PseudoScheduleImpl:150 PseudoScheduleImpl::createFacilitiesAndLinkSequences 22197/31813 (69.77%)
2025-04-14T12:38:27,470  INFO PseudoScheduleImpl:150 PseudoScheduleImpl::createFacilitiesAndLinkSequences 22221/31813 (69.85%)
2025-04-14T12:38:28,478  INFO PseudoScheduleImpl:150 PseudoScheduleImpl::createFacilitiesAndLinkSequences 22245/31813 (69.92%)
2025-04-14T12:38:29,498  INFO PseudoScheduleImpl:150 PseudoScheduleImpl::createFacilitiesAndLinkSequences 22269/31813 (70.00%)
2025-04-14T12:38:30,538  INFO PseudoScheduleImpl:150 PseudoScheduleImpl::createFacilitiesAndLinkSequences 22293/31813 (70.08%)
2025-04-14T12:38:31,577  INFO PseudoScheduleImpl:150 PseudoScheduleImpl::createFacilitiesAndLinkSequences 22317/31813 (70.15%)
2025-04-14T12:38:32,580  INFO PseudoScheduleImpl:150 PseudoScheduleImpl::createFacilitiesAndLinkSequences 22340/31813 (70.22%)
2025-04-14T12:38:33,599  INFO PseudoScheduleImpl:150 PseudoScheduleImpl::createFacilitiesAndLinkSequences 22364/31813 (70.30%)
2025-04-14T12:38:34,611  INFO PseudoScheduleImpl:150 PseudoScheduleImpl::createFacilitiesAndLinkSequences 22388/31813 (70.37%)
2025-04-14T12:38:35,627  INFO PseudoScheduleImpl:150 PseudoScheduleImpl::createFacilitiesAndLinkSequences 22412/31813 (70.45%)
2025-04-14T12:38:36,667  INFO PseudoScheduleImpl:150 PseudoScheduleImpl::createFacilitiesAndLinkSequences 22437/31813 (70.53%)
2025-04-14T12:38:37,669  INFO PseudoScheduleImpl:150 PseudoScheduleImpl::createFacilitiesAndLinkSequences 22461/31813 (70.60%)
2025-04-14T12:38:38,701  INFO PseudoScheduleImpl:150 PseudoScheduleImpl::createFacilitiesAndLinkSequences 22486/31813 (70.68%)
2025-04-14T12:38:39,736  INFO PseudoScheduleImpl:150 PseudoScheduleImpl::createFacilitiesAndLinkSequences 22511/31813 (70.76%)
2025-04-14T12:38:40,769  INFO PseudoScheduleImpl:150 PseudoScheduleImpl::createFacilitiesAndLinkSequences 22536/31813 (70.84%)
2025-04-14T12:38:41,794  INFO PseudoScheduleImpl:150 PseudoScheduleImpl::createFacilitiesAndLinkSequences 22561/31813 (70.92%)
2025-04-14T12:38:42,804  INFO PseudoScheduleImpl:150 PseudoScheduleImpl::createFacilitiesAndLinkSequences 22586/31813 (71.00%)
2025-04-14T12:38:43,804  INFO PseudoScheduleImpl:150 PseudoScheduleImpl::createFacilitiesAndLinkSequences 22610/31813 (71.07%)
2025-04-14T12:38:44,817  INFO PseudoScheduleImpl:150 PseudoScheduleImpl::createFacilitiesAndLinkSequences 22635/31813 (71.15%)
2025-04-14T12:38:45,843  INFO PseudoScheduleImpl:150 PseudoScheduleImpl::createFacilitiesAndLinkSequences 22660/31813 (71.23%)
2025-04-14T12:38:46,863  INFO PseudoScheduleImpl:150 PseudoScheduleImpl::createFacilitiesAndLinkSequences 22685/31813 (71.31%)
2025-04-14T12:38:47,865  INFO PseudoScheduleImpl:150 PseudoScheduleImpl::createFacilitiesAndLinkSequences 22709/31813 (71.38%)
2025-04-14T12:38:48,869  INFO PseudoScheduleImpl:150 PseudoScheduleImpl::createFacilitiesAndLinkSequences 22733/31813 (71.46%)
2025-04-14T12:38:49,873  INFO PseudoScheduleImpl:150 PseudoScheduleImpl::createFacilitiesAndLinkSequences 22757/31813 (71.53%)
2025-04-14T12:38:50,873  INFO PseudoScheduleImpl:150 PseudoScheduleImpl::createFacilitiesAndLinkSequences 22781/31813 (71.61%)
2025-04-14T12:38:51,877  INFO PseudoScheduleImpl:150 PseudoScheduleImpl::createFacilitiesAndLinkSequences 22805/31813 (71.68%)
2025-04-14T12:38:52,889  INFO PseudoScheduleImpl:150 PseudoScheduleImpl::createFacilitiesAndLinkSequences 22829/31813 (71.76%)
2025-04-14T12:38:53,919  INFO PseudoScheduleImpl:150 PseudoScheduleImpl::createFacilitiesAndLinkSequences 22853/31813 (71.84%)
2025-04-14T12:38:54,936  INFO PseudoScheduleImpl:150 PseudoScheduleImpl::createFacilitiesAndLinkSequences 22877/31813 (71.91%)
2025-04-14T12:38:55,954  INFO PseudoScheduleImpl:150 PseudoScheduleImpl::createFacilitiesAndLinkSequences 22901/31813 (71.99%)
2025-04-14T12:38:56,970  INFO PseudoScheduleImpl:150 PseudoScheduleImpl::createFacilitiesAndLinkSequences 22925/31813 (72.06%)
2025-04-14T12:38:57,988  INFO PseudoScheduleImpl:150 PseudoScheduleImpl::createFacilitiesAndLinkSequences 22949/31813 (72.14%)
2025-04-14T12:38:59,011  INFO PseudoScheduleImpl:150 PseudoScheduleImpl::createFacilitiesAndLinkSequences 22973/31813 (72.21%)
2025-04-14T12:39:00,021  INFO PseudoScheduleImpl:150 PseudoScheduleImpl::createFacilitiesAndLinkSequences 22997/31813 (72.29%)
2025-04-14T12:39:01,058  INFO PseudoScheduleImpl:150 PseudoScheduleImpl::createFacilitiesAndLinkSequences 23022/31813 (72.37%)
2025-04-14T12:39:02,092  INFO PseudoScheduleImpl:150 PseudoScheduleImpl::createFacilitiesAndLinkSequences 23047/31813 (72.45%)
2025-04-14T12:39:03,116  INFO PseudoScheduleImpl:150 PseudoScheduleImpl::createFacilitiesAndLinkSequences 23072/31813 (72.52%)
2025-04-14T12:39:04,141  INFO PseudoScheduleImpl:150 PseudoScheduleImpl::createFacilitiesAndLinkSequences 23097/31813 (72.60%)
2025-04-14T12:39:05,142  INFO PseudoScheduleImpl:150 PseudoScheduleImpl::createFacilitiesAndLinkSequences 23121/31813 (72.68%)
2025-04-14T12:39:06,156  INFO PseudoScheduleImpl:150 PseudoScheduleImpl::createFacilitiesAndLinkSequences 23145/31813 (72.75%)
2025-04-14T12:39:07,168  INFO PseudoScheduleImpl:150 PseudoScheduleImpl::createFacilitiesAndLinkSequences 23169/31813 (72.83%)
2025-04-14T12:39:08,179  INFO PseudoScheduleImpl:150 PseudoScheduleImpl::createFacilitiesAndLinkSequences 23193/31813 (72.90%)
2025-04-14T12:39:09,185  INFO PseudoScheduleImpl:150 PseudoScheduleImpl::createFacilitiesAndLinkSequences 23217/31813 (72.98%)
2025-04-14T12:39:10,195  INFO PseudoScheduleImpl:150 PseudoScheduleImpl::createFacilitiesAndLinkSequences 23241/31813 (73.06%)
2025-04-14T12:39:11,199  INFO PseudoScheduleImpl:150 PseudoScheduleImpl::createFacilitiesAndLinkSequences 23264/31813 (73.13%)
2025-04-14T12:39:12,206  INFO PseudoScheduleImpl:150 PseudoScheduleImpl::createFacilitiesAndLinkSequences 23288/31813 (73.20%)
2025-04-14T12:39:13,212  INFO PseudoScheduleImpl:150 PseudoScheduleImpl::createFacilitiesAndLinkSequences 23312/31813 (73.28%)
2025-04-14T12:39:14,214  INFO PseudoScheduleImpl:150 PseudoScheduleImpl::createFacilitiesAndLinkSequences 23336/31813 (73.35%)
2025-04-14T12:39:15,216  INFO PseudoScheduleImpl:150 PseudoScheduleImpl::createFacilitiesAndLinkSequences 23360/31813 (73.43%)
2025-04-14T12:39:16,237  INFO PseudoScheduleImpl:150 PseudoScheduleImpl::createFacilitiesAndLinkSequences 23384/31813 (73.50%)
2025-04-14T12:39:17,245  INFO PseudoScheduleImpl:150 PseudoScheduleImpl::createFacilitiesAndLinkSequences 23408/31813 (73.58%)
2025-04-14T12:39:18,250  INFO PseudoScheduleImpl:150 PseudoScheduleImpl::createFacilitiesAndLinkSequences 23432/31813 (73.66%)
2025-04-14T12:39:19,258  INFO PseudoScheduleImpl:150 PseudoScheduleImpl::createFacilitiesAndLinkSequences 23456/31813 (73.73%)
2025-04-14T12:39:20,275  INFO PseudoScheduleImpl:150 PseudoScheduleImpl::createFacilitiesAndLinkSequences 23480/31813 (73.81%)
2025-04-14T12:39:21,288  INFO PseudoScheduleImpl:150 PseudoScheduleImpl::createFacilitiesAndLinkSequences 23504/31813 (73.88%)
2025-04-14T12:39:22,297  INFO PseudoScheduleImpl:150 PseudoScheduleImpl::createFacilitiesAndLinkSequences 23528/31813 (73.96%)
2025-04-14T12:39:23,361  INFO PseudoScheduleImpl:150 PseudoScheduleImpl::createFacilitiesAndLinkSequences 23550/31813 (74.03%)
2025-04-14T12:39:24,399  INFO PseudoScheduleImpl:150 PseudoScheduleImpl::createFacilitiesAndLinkSequences 23569/31813 (74.09%)
2025-04-14T12:39:25,429  INFO PseudoScheduleImpl:150 PseudoScheduleImpl::createFacilitiesAndLinkSequences 23594/31813 (74.16%)
2025-04-14T12:39:26,456  INFO PseudoScheduleImpl:150 PseudoScheduleImpl::createFacilitiesAndLinkSequences 23619/31813 (74.24%)
2025-04-14T12:39:27,483  INFO PseudoScheduleImpl:150 PseudoScheduleImpl::createFacilitiesAndLinkSequences 23644/31813 (74.32%)
2025-04-14T12:39:28,504  INFO PseudoScheduleImpl:150 PseudoScheduleImpl::createFacilitiesAndLinkSequences 23669/31813 (74.40%)
2025-04-14T12:39:29,515  INFO PseudoScheduleImpl:150 PseudoScheduleImpl::createFacilitiesAndLinkSequences 23694/31813 (74.48%)
2025-04-14T12:39:30,517  INFO PseudoScheduleImpl:150 PseudoScheduleImpl::createFacilitiesAndLinkSequences 23718/31813 (74.55%)
2025-04-14T12:39:31,522  INFO PseudoScheduleImpl:150 PseudoScheduleImpl::createFacilitiesAndLinkSequences 23742/31813 (74.63%)
2025-04-14T12:39:32,535  INFO PseudoScheduleImpl:150 PseudoScheduleImpl::createFacilitiesAndLinkSequences 23766/31813 (74.71%)
2025-04-14T12:39:33,551  INFO PseudoScheduleImpl:150 PseudoScheduleImpl::createFacilitiesAndLinkSequences 23790/31813 (74.78%)
2025-04-14T12:39:34,565  INFO PseudoScheduleImpl:150 PseudoScheduleImpl::createFacilitiesAndLinkSequences 23814/31813 (74.86%)
2025-04-14T12:39:35,576  INFO PseudoScheduleImpl:150 PseudoScheduleImpl::createFacilitiesAndLinkSequences 23838/31813 (74.93%)
2025-04-14T12:39:36,590  INFO PseudoScheduleImpl:150 PseudoScheduleImpl::createFacilitiesAndLinkSequences 23862/31813 (75.01%)
2025-04-14T12:39:37,599  INFO PseudoScheduleImpl:150 PseudoScheduleImpl::createFacilitiesAndLinkSequences 23886/31813 (75.08%)
2025-04-14T12:39:38,608  INFO PseudoScheduleImpl:150 PseudoScheduleImpl::createFacilitiesAndLinkSequences 23910/31813 (75.16%)
2025-04-14T12:39:39,612  INFO PseudoScheduleImpl:150 PseudoScheduleImpl::createFacilitiesAndLinkSequences 23934/31813 (75.23%)
2025-04-14T12:39:40,621  INFO PseudoScheduleImpl:150 PseudoScheduleImpl::createFacilitiesAndLinkSequences 23958/31813 (75.31%)
2025-04-14T12:39:41,642  INFO PseudoScheduleImpl:150 PseudoScheduleImpl::createFacilitiesAndLinkSequences 23982/31813 (75.38%)
2025-04-14T12:39:42,665  INFO PseudoScheduleImpl:150 PseudoScheduleImpl::createFacilitiesAndLinkSequences 24007/31813 (75.46%)
2025-04-14T12:39:43,691  INFO PseudoScheduleImpl:150 PseudoScheduleImpl::createFacilitiesAndLinkSequences 24032/31813 (75.54%)
2025-04-14T12:39:44,713  INFO PseudoScheduleImpl:150 PseudoScheduleImpl::createFacilitiesAndLinkSequences 24057/31813 (75.62%)
2025-04-14T12:39:45,738  INFO PseudoScheduleImpl:150 PseudoScheduleImpl::createFacilitiesAndLinkSequences 24082/31813 (75.70%)
2025-04-14T12:39:46,757  INFO PseudoScheduleImpl:150 PseudoScheduleImpl::createFacilitiesAndLinkSequences 24107/31813 (75.78%)
2025-04-14T12:39:47,775  INFO PseudoScheduleImpl:150 PseudoScheduleImpl::createFacilitiesAndLinkSequences 24132/31813 (75.86%)
2025-04-14T12:39:48,782  INFO PseudoScheduleImpl:150 PseudoScheduleImpl::createFacilitiesAndLinkSequences 24154/31813 (75.92%)
2025-04-14T12:39:49,816  INFO PseudoScheduleImpl:150 PseudoScheduleImpl::createFacilitiesAndLinkSequences 24179/31813 (76.00%)
2025-04-14T12:39:50,840  INFO PseudoScheduleImpl:150 PseudoScheduleImpl::createFacilitiesAndLinkSequences 24204/31813 (76.08%)
2025-04-14T12:39:51,871  INFO PseudoScheduleImpl:150 PseudoScheduleImpl::createFacilitiesAndLinkSequences 24229/31813 (76.16%)
2025-04-14T12:39:52,901  INFO PseudoScheduleImpl:150 PseudoScheduleImpl::createFacilitiesAndLinkSequences 24254/31813 (76.24%)
2025-04-14T12:39:53,925  INFO PseudoScheduleImpl:150 PseudoScheduleImpl::createFacilitiesAndLinkSequences 24279/31813 (76.32%)
2025-04-14T12:39:54,953  INFO PseudoScheduleImpl:150 PseudoScheduleImpl::createFacilitiesAndLinkSequences 24304/31813 (76.40%)
2025-04-14T12:39:55,975  INFO PseudoScheduleImpl:150 PseudoScheduleImpl::createFacilitiesAndLinkSequences 24329/31813 (76.48%)
2025-04-14T12:39:57,003  INFO PseudoScheduleImpl:150 PseudoScheduleImpl::createFacilitiesAndLinkSequences 24354/31813 (76.55%)
2025-04-14T12:39:58,035  INFO PseudoScheduleImpl:150 PseudoScheduleImpl::createFacilitiesAndLinkSequences 24379/31813 (76.63%)
2025-04-14T12:39:59,074  INFO PseudoScheduleImpl:150 PseudoScheduleImpl::createFacilitiesAndLinkSequences 24403/31813 (76.71%)
2025-04-14T12:40:00,087  INFO PseudoScheduleImpl:150 PseudoScheduleImpl::createFacilitiesAndLinkSequences 24426/31813 (76.78%)
2025-04-14T12:40:01,099  INFO PseudoScheduleImpl:150 PseudoScheduleImpl::createFacilitiesAndLinkSequences 24449/31813 (76.85%)
2025-04-14T12:40:02,100  INFO PseudoScheduleImpl:150 PseudoScheduleImpl::createFacilitiesAndLinkSequences 24472/31813 (76.92%)
2025-04-14T12:40:03,110  INFO PseudoScheduleImpl:150 PseudoScheduleImpl::createFacilitiesAndLinkSequences 24495/31813 (77.00%)
2025-04-14T12:40:04,149  INFO PseudoScheduleImpl:150 PseudoScheduleImpl::createFacilitiesAndLinkSequences 24519/31813 (77.07%)
2025-04-14T12:40:05,183  INFO PseudoScheduleImpl:150 PseudoScheduleImpl::createFacilitiesAndLinkSequences 24543/31813 (77.15%)
2025-04-14T12:40:06,217  INFO PseudoScheduleImpl:150 PseudoScheduleImpl::createFacilitiesAndLinkSequences 24567/31813 (77.22%)
2025-04-14T12:40:07,237  INFO PseudoScheduleImpl:150 PseudoScheduleImpl::createFacilitiesAndLinkSequences 24590/31813 (77.30%)
2025-04-14T12:40:08,271  INFO PseudoScheduleImpl:150 PseudoScheduleImpl::createFacilitiesAndLinkSequences 24613/31813 (77.37%)
2025-04-14T12:40:09,310  INFO PseudoScheduleImpl:150 PseudoScheduleImpl::createFacilitiesAndLinkSequences 24636/31813 (77.44%)
2025-04-14T12:40:10,339  INFO PseudoScheduleImpl:150 PseudoScheduleImpl::createFacilitiesAndLinkSequences 24659/31813 (77.51%)
2025-04-14T12:40:11,376  INFO PseudoScheduleImpl:150 PseudoScheduleImpl::createFacilitiesAndLinkSequences 24682/31813 (77.58%)
2025-04-14T12:40:12,407  INFO PseudoScheduleImpl:150 PseudoScheduleImpl::createFacilitiesAndLinkSequences 24705/31813 (77.66%)
2025-04-14T12:40:13,438  INFO PseudoScheduleImpl:150 PseudoScheduleImpl::createFacilitiesAndLinkSequences 24729/31813 (77.73%)
2025-04-14T12:40:14,470  INFO PseudoScheduleImpl:150 PseudoScheduleImpl::createFacilitiesAndLinkSequences 24753/31813 (77.81%)
2025-04-14T12:40:15,496  INFO PseudoScheduleImpl:150 PseudoScheduleImpl::createFacilitiesAndLinkSequences 24777/31813 (77.88%)
2025-04-14T12:40:16,523  INFO PseudoScheduleImpl:150 PseudoScheduleImpl::createFacilitiesAndLinkSequences 24801/31813 (77.96%)
2025-04-14T12:40:17,553  INFO PseudoScheduleImpl:150 PseudoScheduleImpl::createFacilitiesAndLinkSequences 24825/31813 (78.03%)
2025-04-14T12:40:18,584  INFO PseudoScheduleImpl:150 PseudoScheduleImpl::createFacilitiesAndLinkSequences 24849/31813 (78.11%)
2025-04-14T12:40:19,608  INFO PseudoScheduleImpl:150 PseudoScheduleImpl::createFacilitiesAndLinkSequences 24872/31813 (78.18%)
2025-04-14T12:40:20,626  INFO PseudoScheduleImpl:150 PseudoScheduleImpl::createFacilitiesAndLinkSequences 24896/31813 (78.26%)
2025-04-14T12:40:21,664  INFO PseudoScheduleImpl:150 PseudoScheduleImpl::createFacilitiesAndLinkSequences 24921/31813 (78.34%)
2025-04-14T12:40:22,703  INFO PseudoScheduleImpl:150 PseudoScheduleImpl::createFacilitiesAndLinkSequences 24946/31813 (78.41%)
2025-04-14T12:40:23,704  INFO PseudoScheduleImpl:150 PseudoScheduleImpl::createFacilitiesAndLinkSequences 24970/31813 (78.49%)
2025-04-14T12:40:24,727  INFO PseudoScheduleImpl:150 PseudoScheduleImpl::createFacilitiesAndLinkSequences 24994/31813 (78.57%)
2025-04-14T12:40:25,754  INFO PseudoScheduleImpl:150 PseudoScheduleImpl::createFacilitiesAndLinkSequences 25018/31813 (78.64%)
2025-04-14T12:40:26,779  INFO PseudoScheduleImpl:150 PseudoScheduleImpl::createFacilitiesAndLinkSequences 25042/31813 (78.72%)
2025-04-14T12:40:27,801  INFO PseudoScheduleImpl:150 PseudoScheduleImpl::createFacilitiesAndLinkSequences 25066/31813 (78.79%)
2025-04-14T12:40:28,827  INFO PseudoScheduleImpl:150 PseudoScheduleImpl::createFacilitiesAndLinkSequences 25090/31813 (78.87%)
2025-04-14T12:40:29,852  INFO PseudoScheduleImpl:150 PseudoScheduleImpl::createFacilitiesAndLinkSequences 25114/31813 (78.94%)
2025-04-14T12:40:30,882  INFO PseudoScheduleImpl:150 PseudoScheduleImpl::createFacilitiesAndLinkSequences 25138/31813 (79.02%)
2025-04-14T12:40:31,907  INFO PseudoScheduleImpl:150 PseudoScheduleImpl::createFacilitiesAndLinkSequences 25162/31813 (79.09%)
2025-04-14T12:40:32,928  INFO PseudoScheduleImpl:150 PseudoScheduleImpl::createFacilitiesAndLinkSequences 25186/31813 (79.17%)
2025-04-14T12:40:33,951  INFO PseudoScheduleImpl:150 PseudoScheduleImpl::createFacilitiesAndLinkSequences 25210/31813 (79.24%)
2025-04-14T12:40:34,974  INFO PseudoScheduleImpl:150 PseudoScheduleImpl::createFacilitiesAndLinkSequences 25234/31813 (79.32%)
2025-04-14T12:40:36,005  INFO PseudoScheduleImpl:150 PseudoScheduleImpl::createFacilitiesAndLinkSequences 25258/31813 (79.40%)
2025-04-14T12:40:37,014  INFO PseudoScheduleImpl:150 PseudoScheduleImpl::createFacilitiesAndLinkSequences 25282/31813 (79.47%)
2025-04-14T12:40:38,022  INFO PseudoScheduleImpl:150 PseudoScheduleImpl::createFacilitiesAndLinkSequences 25306/31813 (79.55%)
2025-04-14T12:40:39,029  INFO PseudoScheduleImpl:150 PseudoScheduleImpl::createFacilitiesAndLinkSequences 25330/31813 (79.62%)
2025-04-14T12:40:40,050  INFO PseudoScheduleImpl:150 PseudoScheduleImpl::createFacilitiesAndLinkSequences 25354/31813 (79.70%)
2025-04-14T12:40:41,087  INFO PseudoScheduleImpl:150 PseudoScheduleImpl::createFacilitiesAndLinkSequences 25378/31813 (79.77%)
2025-04-14T12:40:42,121  INFO PseudoScheduleImpl:150 PseudoScheduleImpl::createFacilitiesAndLinkSequences 25402/31813 (79.85%)
2025-04-14T12:40:43,127  INFO PseudoScheduleImpl:150 PseudoScheduleImpl::createFacilitiesAndLinkSequences 25425/31813 (79.92%)
2025-04-14T12:40:44,161  INFO PseudoScheduleImpl:150 PseudoScheduleImpl::createFacilitiesAndLinkSequences 25448/31813 (79.99%)
2025-04-14T12:40:45,183  INFO PseudoScheduleImpl:150 PseudoScheduleImpl::createFacilitiesAndLinkSequences 25470/31813 (80.06%)
2025-04-14T12:40:46,227  INFO PseudoScheduleImpl:150 PseudoScheduleImpl::createFacilitiesAndLinkSequences 25493/31813 (80.13%)
2025-04-14T12:40:47,266  INFO PseudoScheduleImpl:150 PseudoScheduleImpl::createFacilitiesAndLinkSequences 25516/31813 (80.21%)
2025-04-14T12:40:48,299  INFO PseudoScheduleImpl:150 PseudoScheduleImpl::createFacilitiesAndLinkSequences 25539/31813 (80.28%)
2025-04-14T12:40:49,332  INFO PseudoScheduleImpl:150 PseudoScheduleImpl::createFacilitiesAndLinkSequences 25562/31813 (80.35%)
2025-04-14T12:40:50,356  INFO PseudoScheduleImpl:150 PseudoScheduleImpl::createFacilitiesAndLinkSequences 25585/31813 (80.42%)
2025-04-14T12:40:51,375  INFO PseudoScheduleImpl:150 PseudoScheduleImpl::createFacilitiesAndLinkSequences 25608/31813 (80.50%)
2025-04-14T12:40:52,418  INFO PseudoScheduleImpl:150 PseudoScheduleImpl::createFacilitiesAndLinkSequences 25632/31813 (80.57%)
2025-04-14T12:40:53,459  INFO PseudoScheduleImpl:150 PseudoScheduleImpl::createFacilitiesAndLinkSequences 25655/31813 (80.64%)
2025-04-14T12:40:54,460  INFO PseudoScheduleImpl:150 PseudoScheduleImpl::createFacilitiesAndLinkSequences 25677/31813 (80.71%)
2025-04-14T12:40:55,503  INFO PseudoScheduleImpl:150 PseudoScheduleImpl::createFacilitiesAndLinkSequences 25700/31813 (80.78%)
2025-04-14T12:40:56,511  INFO PseudoScheduleImpl:150 PseudoScheduleImpl::createFacilitiesAndLinkSequences 25723/31813 (80.86%)
2025-04-14T12:40:57,515  INFO PseudoScheduleImpl:150 PseudoScheduleImpl::createFacilitiesAndLinkSequences 25746/31813 (80.93%)
2025-04-14T12:40:58,518  INFO PseudoScheduleImpl:150 PseudoScheduleImpl::createFacilitiesAndLinkSequences 25769/31813 (81.00%)
2025-04-14T12:40:59,529  INFO PseudoScheduleImpl:150 PseudoScheduleImpl::createFacilitiesAndLinkSequences 25792/31813 (81.07%)
2025-04-14T12:41:00,542  INFO PseudoScheduleImpl:150 PseudoScheduleImpl::createFacilitiesAndLinkSequences 25815/31813 (81.15%)
2025-04-14T12:41:01,546  INFO PseudoScheduleImpl:150 PseudoScheduleImpl::createFacilitiesAndLinkSequences 25838/31813 (81.22%)
2025-04-14T12:41:02,549  INFO PseudoScheduleImpl:150 PseudoScheduleImpl::createFacilitiesAndLinkSequences 25861/31813 (81.29%)
2025-04-14T12:41:03,593  INFO PseudoScheduleImpl:150 PseudoScheduleImpl::createFacilitiesAndLinkSequences 25884/31813 (81.36%)
2025-04-14T12:41:04,593  INFO PseudoScheduleImpl:150 PseudoScheduleImpl::createFacilitiesAndLinkSequences 25906/31813 (81.43%)
2025-04-14T12:41:05,605  INFO PseudoScheduleImpl:150 PseudoScheduleImpl::createFacilitiesAndLinkSequences 25929/31813 (81.50%)
2025-04-14T12:41:06,614  INFO PseudoScheduleImpl:150 PseudoScheduleImpl::createFacilitiesAndLinkSequences 25951/31813 (81.57%)
2025-04-14T12:41:07,624  INFO PseudoScheduleImpl:150 PseudoScheduleImpl::createFacilitiesAndLinkSequences 25973/31813 (81.64%)
2025-04-14T12:41:08,628  INFO PseudoScheduleImpl:150 PseudoScheduleImpl::createFacilitiesAndLinkSequences 25995/31813 (81.71%)
2025-04-14T12:41:09,670  INFO PseudoScheduleImpl:150 PseudoScheduleImpl::createFacilitiesAndLinkSequences 26018/31813 (81.78%)
2025-04-14T12:41:10,712  INFO PseudoScheduleImpl:150 PseudoScheduleImpl::createFacilitiesAndLinkSequences 26041/31813 (81.86%)
2025-04-14T12:41:11,715  INFO PseudoScheduleImpl:150 PseudoScheduleImpl::createFacilitiesAndLinkSequences 26063/31813 (81.93%)
2025-04-14T12:41:12,720  INFO PseudoScheduleImpl:150 PseudoScheduleImpl::createFacilitiesAndLinkSequences 26085/31813 (81.99%)
2025-04-14T12:41:13,762  INFO PseudoScheduleImpl:150 PseudoScheduleImpl::createFacilitiesAndLinkSequences 26108/31813 (82.07%)
2025-04-14T12:41:14,796  INFO PseudoScheduleImpl:150 PseudoScheduleImpl::createFacilitiesAndLinkSequences 26131/31813 (82.14%)
2025-04-14T12:41:15,829  INFO PseudoScheduleImpl:150 PseudoScheduleImpl::createFacilitiesAndLinkSequences 26154/31813 (82.21%)
2025-04-14T12:41:16,851  INFO PseudoScheduleImpl:150 PseudoScheduleImpl::createFacilitiesAndLinkSequences 26177/31813 (82.28%)
2025-04-14T12:41:17,886  INFO PseudoScheduleImpl:150 PseudoScheduleImpl::createFacilitiesAndLinkSequences 26200/31813 (82.36%)
2025-04-14T12:41:18,896  INFO PseudoScheduleImpl:150 PseudoScheduleImpl::createFacilitiesAndLinkSequences 26223/31813 (82.43%)
2025-04-14T12:41:19,911  INFO PseudoScheduleImpl:150 PseudoScheduleImpl::createFacilitiesAndLinkSequences 26246/31813 (82.50%)
2025-04-14T12:41:20,946  INFO PseudoScheduleImpl:150 PseudoScheduleImpl::createFacilitiesAndLinkSequences 26269/31813 (82.57%)
2025-04-14T12:41:21,977  INFO PseudoScheduleImpl:150 PseudoScheduleImpl::createFacilitiesAndLinkSequences 26292/31813 (82.65%)
2025-04-14T12:41:23,005  INFO PseudoScheduleImpl:150 PseudoScheduleImpl::createFacilitiesAndLinkSequences 26315/31813 (82.72%)
2025-04-14T12:41:24,030  INFO PseudoScheduleImpl:150 PseudoScheduleImpl::createFacilitiesAndLinkSequences 26338/31813 (82.79%)
2025-04-14T12:41:25,065  INFO PseudoScheduleImpl:150 PseudoScheduleImpl::createFacilitiesAndLinkSequences 26361/31813 (82.86%)
2025-04-14T12:41:26,072  INFO PseudoScheduleImpl:150 PseudoScheduleImpl::createFacilitiesAndLinkSequences 26383/31813 (82.93%)
2025-04-14T12:41:27,114  INFO PseudoScheduleImpl:150 PseudoScheduleImpl::createFacilitiesAndLinkSequences 26405/31813 (83.00%)
2025-04-14T12:41:28,142  INFO PseudoScheduleImpl:150 PseudoScheduleImpl::createFacilitiesAndLinkSequences 26427/31813 (83.07%)
2025-04-14T12:41:29,158  INFO PseudoScheduleImpl:150 PseudoScheduleImpl::createFacilitiesAndLinkSequences 26449/31813 (83.14%)
2025-04-14T12:41:30,164  INFO PseudoScheduleImpl:150 PseudoScheduleImpl::createFacilitiesAndLinkSequences 26471/31813 (83.21%)
2025-04-14T12:41:31,199  INFO PseudoScheduleImpl:150 PseudoScheduleImpl::createFacilitiesAndLinkSequences 26494/31813 (83.28%)
2025-04-14T12:41:32,235  INFO PseudoScheduleImpl:150 PseudoScheduleImpl::createFacilitiesAndLinkSequences 26517/31813 (83.35%)
2025-04-14T12:41:33,271  INFO PseudoScheduleImpl:150 PseudoScheduleImpl::createFacilitiesAndLinkSequences 26540/31813 (83.43%)
2025-04-14T12:41:34,308  INFO PseudoScheduleImpl:150 PseudoScheduleImpl::createFacilitiesAndLinkSequences 26563/31813 (83.50%)
2025-04-14T12:41:35,350  INFO PseudoScheduleImpl:150 PseudoScheduleImpl::createFacilitiesAndLinkSequences 26586/31813 (83.57%)
2025-04-14T12:41:36,391  INFO PseudoScheduleImpl:150 PseudoScheduleImpl::createFacilitiesAndLinkSequences 26609/31813 (83.64%)
2025-04-14T12:41:37,423  INFO PseudoScheduleImpl:150 PseudoScheduleImpl::createFacilitiesAndLinkSequences 26631/31813 (83.71%)
2025-04-14T12:41:38,434  INFO PseudoScheduleImpl:150 PseudoScheduleImpl::createFacilitiesAndLinkSequences 26653/31813 (83.78%)
2025-04-14T12:41:39,478  INFO PseudoScheduleImpl:150 PseudoScheduleImpl::createFacilitiesAndLinkSequences 26676/31813 (83.85%)
2025-04-14T12:41:40,478  INFO PseudoScheduleImpl:150 PseudoScheduleImpl::createFacilitiesAndLinkSequences 26698/31813 (83.92%)
2025-04-14T12:41:41,522  INFO PseudoScheduleImpl:150 PseudoScheduleImpl::createFacilitiesAndLinkSequences 26721/31813 (83.99%)
2025-04-14T12:41:42,522  INFO PseudoScheduleImpl:150 PseudoScheduleImpl::createFacilitiesAndLinkSequences 26743/31813 (84.06%)
2025-04-14T12:41:43,559  INFO PseudoScheduleImpl:150 PseudoScheduleImpl::createFacilitiesAndLinkSequences 26765/31813 (84.13%)
2025-04-14T12:41:44,594  INFO PseudoScheduleImpl:150 PseudoScheduleImpl::createFacilitiesAndLinkSequences 26787/31813 (84.20%)
2025-04-14T12:41:45,638  INFO PseudoScheduleImpl:150 PseudoScheduleImpl::createFacilitiesAndLinkSequences 26809/31813 (84.27%)
2025-04-14T12:41:46,674  INFO PseudoScheduleImpl:150 PseudoScheduleImpl::createFacilitiesAndLinkSequences 26831/31813 (84.34%)
2025-04-14T12:41:47,701  INFO PseudoScheduleImpl:150 PseudoScheduleImpl::createFacilitiesAndLinkSequences 26853/31813 (84.41%)
2025-04-14T12:41:48,722  INFO PseudoScheduleImpl:150 PseudoScheduleImpl::createFacilitiesAndLinkSequences 26875/31813 (84.48%)
2025-04-14T12:41:49,750  INFO PseudoScheduleImpl:150 PseudoScheduleImpl::createFacilitiesAndLinkSequences 26898/31813 (84.55%)
2025-04-14T12:41:50,779  INFO PseudoScheduleImpl:150 PseudoScheduleImpl::createFacilitiesAndLinkSequences 26921/31813 (84.62%)
2025-04-14T12:41:51,809  INFO PseudoScheduleImpl:150 PseudoScheduleImpl::createFacilitiesAndLinkSequences 26944/31813 (84.69%)
2025-04-14T12:41:52,827  INFO PseudoScheduleImpl:150 PseudoScheduleImpl::createFacilitiesAndLinkSequences 26967/31813 (84.77%)
2025-04-14T12:41:53,831  INFO PseudoScheduleImpl:150 PseudoScheduleImpl::createFacilitiesAndLinkSequences 26990/31813 (84.84%)
2025-04-14T12:41:54,833  INFO PseudoScheduleImpl:150 PseudoScheduleImpl::createFacilitiesAndLinkSequences 27013/31813 (84.91%)
2025-04-14T12:41:55,839  INFO PseudoScheduleImpl:150 PseudoScheduleImpl::createFacilitiesAndLinkSequences 27036/31813 (84.98%)
2025-04-14T12:41:56,847  INFO PseudoScheduleImpl:150 PseudoScheduleImpl::createFacilitiesAndLinkSequences 27059/31813 (85.06%)
2025-04-14T12:41:57,848  INFO PseudoScheduleImpl:150 PseudoScheduleImpl::createFacilitiesAndLinkSequences 27082/31813 (85.13%)
2025-04-14T12:41:58,858  INFO PseudoScheduleImpl:150 PseudoScheduleImpl::createFacilitiesAndLinkSequences 27105/31813 (85.20%)
2025-04-14T12:41:59,857  INFO PseudoScheduleImpl:150 PseudoScheduleImpl::createFacilitiesAndLinkSequences 27127/31813 (85.27%)
2025-04-14T12:42:00,893  INFO PseudoScheduleImpl:150 PseudoScheduleImpl::createFacilitiesAndLinkSequences 27149/31813 (85.34%)
2025-04-14T12:42:01,897  INFO PseudoScheduleImpl:150 PseudoScheduleImpl::createFacilitiesAndLinkSequences 27170/31813 (85.41%)
2025-04-14T12:42:02,940  INFO PseudoScheduleImpl:150 PseudoScheduleImpl::createFacilitiesAndLinkSequences 27192/31813 (85.47%)
2025-04-14T12:42:03,984  INFO PseudoScheduleImpl:150 PseudoScheduleImpl::createFacilitiesAndLinkSequences 27214/31813 (85.54%)
2025-04-14T12:42:05,020  INFO PseudoScheduleImpl:150 PseudoScheduleImpl::createFacilitiesAndLinkSequences 27236/31813 (85.61%)
2025-04-14T12:42:06,057  INFO PseudoScheduleImpl:150 PseudoScheduleImpl::createFacilitiesAndLinkSequences 27258/31813 (85.68%)
2025-04-14T12:42:07,086  INFO PseudoScheduleImpl:150 PseudoScheduleImpl::createFacilitiesAndLinkSequences 27280/31813 (85.75%)
2025-04-14T12:42:08,126  INFO PseudoScheduleImpl:150 PseudoScheduleImpl::createFacilitiesAndLinkSequences 27302/31813 (85.82%)
2025-04-14T12:42:09,152  INFO PseudoScheduleImpl:150 PseudoScheduleImpl::createFacilitiesAndLinkSequences 27324/31813 (85.89%)
2025-04-14T12:42:10,152  INFO PseudoScheduleImpl:150 PseudoScheduleImpl::createFacilitiesAndLinkSequences 27346/31813 (85.96%)
2025-04-14T12:42:11,193  INFO PseudoScheduleImpl:150 PseudoScheduleImpl::createFacilitiesAndLinkSequences 27369/31813 (86.03%)
2025-04-14T12:42:12,234  INFO PseudoScheduleImpl:150 PseudoScheduleImpl::createFacilitiesAndLinkSequences 27392/31813 (86.10%)
2025-04-14T12:42:13,256  INFO PseudoScheduleImpl:150 PseudoScheduleImpl::createFacilitiesAndLinkSequences 27415/31813 (86.18%)
2025-04-14T12:42:14,266  INFO PseudoScheduleImpl:150 PseudoScheduleImpl::createFacilitiesAndLinkSequences 27438/31813 (86.25%)
2025-04-14T12:42:15,281  INFO PseudoScheduleImpl:150 PseudoScheduleImpl::createFacilitiesAndLinkSequences 27461/31813 (86.32%)
2025-04-14T12:42:16,295  INFO PseudoScheduleImpl:150 PseudoScheduleImpl::createFacilitiesAndLinkSequences 27484/31813 (86.39%)
2025-04-14T12:42:17,312  INFO PseudoScheduleImpl:150 PseudoScheduleImpl::createFacilitiesAndLinkSequences 27507/31813 (86.46%)
2025-04-14T12:42:18,329  INFO PseudoScheduleImpl:150 PseudoScheduleImpl::createFacilitiesAndLinkSequences 27530/31813 (86.54%)
2025-04-14T12:42:19,367  INFO PseudoScheduleImpl:150 PseudoScheduleImpl::createFacilitiesAndLinkSequences 27553/31813 (86.61%)
2025-04-14T12:42:20,392  INFO PseudoScheduleImpl:150 PseudoScheduleImpl::createFacilitiesAndLinkSequences 27575/31813 (86.68%)
2025-04-14T12:42:21,410  INFO PseudoScheduleImpl:150 PseudoScheduleImpl::createFacilitiesAndLinkSequences 27597/31813 (86.75%)
2025-04-14T12:42:22,425  INFO PseudoScheduleImpl:150 PseudoScheduleImpl::createFacilitiesAndLinkSequences 27619/31813 (86.82%)
2025-04-14T12:42:23,430  INFO PseudoScheduleImpl:150 PseudoScheduleImpl::createFacilitiesAndLinkSequences 27641/31813 (86.89%)
2025-04-14T12:42:24,436  INFO PseudoScheduleImpl:150 PseudoScheduleImpl::createFacilitiesAndLinkSequences 27663/31813 (86.96%)
2025-04-14T12:42:25,437  INFO PseudoScheduleImpl:150 PseudoScheduleImpl::createFacilitiesAndLinkSequences 27685/31813 (87.02%)
2025-04-14T12:42:26,482  INFO PseudoScheduleImpl:150 PseudoScheduleImpl::createFacilitiesAndLinkSequences 27708/31813 (87.10%)
2025-04-14T12:42:27,527  INFO PseudoScheduleImpl:150 PseudoScheduleImpl::createFacilitiesAndLinkSequences 27731/31813 (87.17%)
2025-04-14T12:42:28,533  INFO PseudoScheduleImpl:150 PseudoScheduleImpl::createFacilitiesAndLinkSequences 27753/31813 (87.24%)
2025-04-14T12:42:29,535  INFO PseudoScheduleImpl:150 PseudoScheduleImpl::createFacilitiesAndLinkSequences 27775/31813 (87.31%)
2025-04-14T12:42:30,576  INFO PseudoScheduleImpl:150 PseudoScheduleImpl::createFacilitiesAndLinkSequences 27798/31813 (87.38%)
2025-04-14T12:42:31,613  INFO PseudoScheduleImpl:150 PseudoScheduleImpl::createFacilitiesAndLinkSequences 27821/31813 (87.45%)
2025-04-14T12:42:32,647  INFO PseudoScheduleImpl:150 PseudoScheduleImpl::createFacilitiesAndLinkSequences 27844/31813 (87.52%)
2025-04-14T12:42:33,663  INFO PseudoScheduleImpl:150 PseudoScheduleImpl::createFacilitiesAndLinkSequences 27867/31813 (87.60%)
2025-04-14T12:42:34,671  INFO PseudoScheduleImpl:150 PseudoScheduleImpl::createFacilitiesAndLinkSequences 27890/31813 (87.67%)
2025-04-14T12:42:35,710  INFO PseudoScheduleImpl:150 PseudoScheduleImpl::createFacilitiesAndLinkSequences 27914/31813 (87.74%)
2025-04-14T12:42:36,740  INFO PseudoScheduleImpl:150 PseudoScheduleImpl::createFacilitiesAndLinkSequences 27938/31813 (87.82%)
2025-04-14T12:42:37,770  INFO PseudoScheduleImpl:150 PseudoScheduleImpl::createFacilitiesAndLinkSequences 27962/31813 (87.89%)
2025-04-14T12:42:38,800  INFO PseudoScheduleImpl:150 PseudoScheduleImpl::createFacilitiesAndLinkSequences 27986/31813 (87.97%)
2025-04-14T12:42:39,830  INFO PseudoScheduleImpl:150 PseudoScheduleImpl::createFacilitiesAndLinkSequences 28010/31813 (88.05%)
2025-04-14T12:42:40,866  INFO PseudoScheduleImpl:150 PseudoScheduleImpl::createFacilitiesAndLinkSequences 28034/31813 (88.12%)
2025-04-14T12:42:41,895  INFO PseudoScheduleImpl:150 PseudoScheduleImpl::createFacilitiesAndLinkSequences 28058/31813 (88.20%)
2025-04-14T12:42:42,924  INFO PseudoScheduleImpl:150 PseudoScheduleImpl::createFacilitiesAndLinkSequences 28082/31813 (88.27%)
2025-04-14T12:42:43,966  INFO PseudoScheduleImpl:150 PseudoScheduleImpl::createFacilitiesAndLinkSequences 28106/31813 (88.35%)
2025-04-14T12:42:44,986  INFO PseudoScheduleImpl:150 PseudoScheduleImpl::createFacilitiesAndLinkSequences 28129/31813 (88.42%)
2025-04-14T12:42:46,003  INFO PseudoScheduleImpl:150 PseudoScheduleImpl::createFacilitiesAndLinkSequences 28152/31813 (88.49%)
2025-04-14T12:42:47,014  INFO PseudoScheduleImpl:150 PseudoScheduleImpl::createFacilitiesAndLinkSequences 28175/31813 (88.56%)
2025-04-14T12:42:48,031  INFO PseudoScheduleImpl:150 PseudoScheduleImpl::createFacilitiesAndLinkSequences 28198/31813 (88.64%)
2025-04-14T12:42:49,044  INFO PseudoScheduleImpl:150 PseudoScheduleImpl::createFacilitiesAndLinkSequences 28221/31813 (88.71%)
2025-04-14T12:42:50,071  INFO PseudoScheduleImpl:150 PseudoScheduleImpl::createFacilitiesAndLinkSequences 28244/31813 (88.78%)
2025-04-14T12:42:51,095  INFO PseudoScheduleImpl:150 PseudoScheduleImpl::createFacilitiesAndLinkSequences 28267/31813 (88.85%)
2025-04-14T12:42:52,110  INFO PseudoScheduleImpl:150 PseudoScheduleImpl::createFacilitiesAndLinkSequences 28289/31813 (88.92%)
2025-04-14T12:42:53,121  INFO PseudoScheduleImpl:150 PseudoScheduleImpl::createFacilitiesAndLinkSequences 28311/31813 (88.99%)
2025-04-14T12:42:54,127  INFO PseudoScheduleImpl:150 PseudoScheduleImpl::createFacilitiesAndLinkSequences 28333/31813 (89.06%)
2025-04-14T12:42:55,165  INFO PseudoScheduleImpl:150 PseudoScheduleImpl::createFacilitiesAndLinkSequences 28356/31813 (89.13%)
2025-04-14T12:42:56,186  INFO PseudoScheduleImpl:150 PseudoScheduleImpl::createFacilitiesAndLinkSequences 28379/31813 (89.21%)
2025-04-14T12:42:57,199  INFO PseudoScheduleImpl:150 PseudoScheduleImpl::createFacilitiesAndLinkSequences 28402/31813 (89.28%)
2025-04-14T12:42:58,213  INFO PseudoScheduleImpl:150 PseudoScheduleImpl::createFacilitiesAndLinkSequences 28425/31813 (89.35%)
2025-04-14T12:42:59,231  INFO PseudoScheduleImpl:150 PseudoScheduleImpl::createFacilitiesAndLinkSequences 28448/31813 (89.42%)
2025-04-14T12:43:00,254  INFO PseudoScheduleImpl:150 PseudoScheduleImpl::createFacilitiesAndLinkSequences 28471/31813 (89.49%)
2025-04-14T12:43:01,289  INFO PseudoScheduleImpl:150 PseudoScheduleImpl::createFacilitiesAndLinkSequences 28494/31813 (89.57%)
2025-04-14T12:43:02,327  INFO PseudoScheduleImpl:150 PseudoScheduleImpl::createFacilitiesAndLinkSequences 28517/31813 (89.64%)
2025-04-14T12:43:03,350  INFO PseudoScheduleImpl:150 PseudoScheduleImpl::createFacilitiesAndLinkSequences 28540/31813 (89.71%)
2025-04-14T12:43:04,369  INFO PseudoScheduleImpl:150 PseudoScheduleImpl::createFacilitiesAndLinkSequences 28563/31813 (89.78%)
2025-04-14T12:43:05,391  INFO PseudoScheduleImpl:150 PseudoScheduleImpl::createFacilitiesAndLinkSequences 28586/31813 (89.86%)
2025-04-14T12:43:06,435  INFO PseudoScheduleImpl:150 PseudoScheduleImpl::createFacilitiesAndLinkSequences 28609/31813 (89.93%)
2025-04-14T12:43:07,436  INFO PseudoScheduleImpl:150 PseudoScheduleImpl::createFacilitiesAndLinkSequences 28631/31813 (90.00%)
2025-04-14T12:43:08,480  INFO PseudoScheduleImpl:150 PseudoScheduleImpl::createFacilitiesAndLinkSequences 28654/31813 (90.07%)
2025-04-14T12:43:09,521  INFO PseudoScheduleImpl:150 PseudoScheduleImpl::createFacilitiesAndLinkSequences 28677/31813 (90.14%)
2025-04-14T12:43:10,522  INFO PseudoScheduleImpl:150 PseudoScheduleImpl::createFacilitiesAndLinkSequences 28699/31813 (90.21%)
2025-04-14T12:43:11,556  INFO PseudoScheduleImpl:150 PseudoScheduleImpl::createFacilitiesAndLinkSequences 28722/31813 (90.28%)
2025-04-14T12:43:12,580  INFO PseudoScheduleImpl:150 PseudoScheduleImpl::createFacilitiesAndLinkSequences 28745/31813 (90.36%)
2025-04-14T12:43:13,600  INFO PseudoScheduleImpl:150 PseudoScheduleImpl::createFacilitiesAndLinkSequences 28768/31813 (90.43%)
2025-04-14T12:43:14,623  INFO PseudoScheduleImpl:150 PseudoScheduleImpl::createFacilitiesAndLinkSequences 28791/31813 (90.50%)
2025-04-14T12:43:15,665  INFO PseudoScheduleImpl:150 PseudoScheduleImpl::createFacilitiesAndLinkSequences 28814/31813 (90.57%)
2025-04-14T12:43:16,671  INFO PseudoScheduleImpl:150 PseudoScheduleImpl::createFacilitiesAndLinkSequences 28836/31813 (90.64%)
2025-04-14T12:43:17,679  INFO PseudoScheduleImpl:150 PseudoScheduleImpl::createFacilitiesAndLinkSequences 28858/31813 (90.71%)
slurmstepd: error: *** JOB 29199040 ON eu-g5-048-2 CANCELLED AT 2025-04-14T12:43:18 ***
