person_day_id,participant_id,date,date_d
30819_2022-12-16,30819,2022-12-16,Friday
31100_2022-12-22,31100,2022-12-22,Thursday
30007_2022-11-07,30007,2022-11-07,Monday
30327_2022-12-08,30327,2022-12-08,Thursday
30081_2022-12-01,30081,2022-12-01,Thursday
30505_2022-12-15,30505,2022-12-15,Thursday
30617_2022-10-28,30617,2022-10-28,Friday
30796_2022-12-07,30796,2022-12-07,Wednesday
30760_2022-11-20,30760,2022-11-20,Sunday
31071_2022-11-09,31071,2022-11-09,Wednesday
30593_2022-10-20,30593,2022-10-20,Thursday
30769_2022-11-04,30769,2022-11-04,Friday
30704_2022-11-09,30704,2022-11-09,Wednesday
31297_2022-07-29,31297,2022-07-29,Friday
30358_2022-10-12,30358,2022-10-12,Wednesday
30168_2022-09-04,30168,2022-09-04,Sunday
30151_2022-08-25,30151,2022-08-25,Thursday
31003_2022-12-22,31003,2022-12-22,Thursday
30704_2022-11-17,30704,2022-11-17,Thursday
31293_2022-11-01,31293,2022-11-01,Tuesday
30385_2022-09-21,30385,2022-09-21,Wednesday
30630_2022-11-24,30630,2022-11-24,Thursday
30171_2022-12-11,30171,2022-12-11,Sunday
30728_2022-11-29,30728,2022-11-29,Tuesday
30083_2022-11-23,30083,2022-11-23,Wednesday
30724_2022-10-19,30724,2022-10-19,Wednesday
30005_2022-11-11,30005,2022-11-11,Friday
31055_2022-09-20,31055,2022-09-20,Tuesday
30403_2022-11-25,30403,2022-11-25,Friday
31288_2022-12-05,31288,2022-12-05,Monday
30630_2022-11-17,30630,2022-11-17,Thursday
30235_2022-11-17,30235,2022-11-17,Thursday
30372_2022-12-12,30372,2022-12-12,Monday
30339_2022-12-06,30339,2022-12-06,Tuesday
30750_2022-10-26,30750,2022-10-26,Wednesday
30109_2022-12-08,30109,2022-12-08,Thursday
30865_2022-11-07,30865,2022-11-07,Monday
30351_2022-12-01,30351,2022-12-01,Thursday
30789_2022-08-20,30789,2022-08-20,Saturday
30808_2022-11-12,30808,2022-11-12,Saturday
30337_2022-10-23,30337,2022-10-23,Sunday
30831_2022-08-12,30831,2022-08-12,Friday
30869_2022-11-22,30869,2022-11-22,Tuesday
30948_2023-01-17,30948,2023-01-17,Tuesday
30505_2023-01-03,30505,2023-01-03,Tuesday
30706_2022-10-20,30706,2022-10-20,Thursday
31175_2022-08-29,31175,2022-08-29,Monday
30913_2022-11-11,30913,2022-11-11,Friday
30167_2022-10-17,30167,2022-10-17,Monday
30724_2022-11-02,30724,2022-11-02,Wednesday
31178_2022-09-01,31178,2022-09-01,Thursday
31284_2022-09-13,31284,2022-09-13,Tuesday
30921_2023-01-19,30921,2023-01-19,Thursday
31175_2022-08-26,31175,2022-08-26,Friday
30385_2022-09-27,30385,2022-09-27,Tuesday
30728_2022-11-16,30728,2022-11-16,Wednesday
30064_2023-01-08,30064,2023-01-08,Sunday
31240_2022-12-27,31240,2022-12-27,Tuesday
30827_2022-12-04,30827,2022-12-04,Sunday
30310_2022-09-22,30310,2022-09-22,Thursday
31087_2022-08-22,31087,2022-08-22,Monday
30915_2022-12-05,30915,2022-12-05,Monday
30310_2022-09-29,30310,2022-09-29,Thursday
30870_2023-01-04,30870,2023-01-04,Wednesday
30358_2022-10-13,30358,2022-10-13,Thursday
31218_2022-10-03,31218,2022-10-03,Monday
30266_2022-12-15,30266,2022-12-15,Thursday
30388_2022-12-15,30388,2022-12-15,Thursday
30704_2022-11-28,30704,2022-11-28,Monday
30444_2022-09-02,30444,2022-09-02,Friday
31297_2022-08-04,31297,2022-08-04,Thursday
31101_2022-11-08,31101,2022-11-08,Tuesday
30053_2022-11-15,30053,2022-11-15,Tuesday
31087_2022-08-09,31087,2022-08-09,Tuesday
30515_2022-10-10,30515,2022-10-10,Monday
30092_2022-11-21,30092,2022-11-21,Monday
30561_2022-11-09,30561,2022-11-09,Wednesday
30229_2022-09-28,30229,2022-09-28,Wednesday
31163_2022-10-12,31163,2022-10-12,Wednesday
30089_2022-11-21,30089,2022-11-21,Monday
30785_2022-11-15,30785,2022-11-15,Tuesday
30339_2022-12-27,30339,2022-12-27,Tuesday
30543_2022-10-07,30543,2022-10-07,Friday
30385_2022-09-20,30385,2022-09-20,Tuesday
30688_2022-12-16,30688,2022-12-16,Friday
30377_2022-11-15,30377,2022-11-15,Tuesday
31163_2022-10-14,31163,2022-10-14,Friday
30769_2022-11-07,30769,2022-11-07,Monday
30750_2022-11-01,30750,2022-11-01,Tuesday
30235_2022-11-16,30235,2022-11-16,Wednesday
31119_2023-01-14,31119,2023-01-14,Saturday
30385_2022-08-31,30385,2022-08-31,Wednesday
30385_2022-09-25,30385,2022-09-25,Sunday
30140_2022-11-29,30140,2022-11-29,Tuesday
30190_2022-09-16,30190,2022-09-16,Friday
30945_2022-11-21,30945,2022-11-21,Monday
31260_2022-11-23,31260,2022-11-23,Wednesday
30171_2022-12-13,30171,2022-12-13,Tuesday
31116_2022-10-06,31116,2022-10-06,Thursday
30246_2022-08-11,30246,2022-08-11,Thursday
30948_2023-01-03,30948,2023-01-03,Tuesday
30222_2022-10-29,30222,2022-10-29,Saturday
30948_2023-01-02,30948,2023-01-02,Monday
30026_2022-12-19,30026,2022-12-19,Monday
30274_2022-12-23,30274,2022-12-23,Friday
31034_2022-10-19,31034,2022-10-19,Wednesday
30878_2022-08-29,30878,2022-08-29,Monday
30394_2022-11-28,30394,2022-11-28,Monday
30450_2022-09-14,30450,2022-09-14,Wednesday
30679_2022-10-27,30679,2022-10-27,Thursday
30415_2022-11-07,30415,2022-11-07,Monday
30704_2022-12-05,30704,2022-12-05,Monday
30830_2022-12-07,30830,2022-12-07,Wednesday
31145_2022-11-11,31145,2022-11-11,Friday
30695_2022-11-10,30695,2022-11-10,Thursday
30905_2022-09-18,30905,2022-09-18,Sunday
31000_2022-12-09,31000,2022-12-09,Friday
30617_2022-11-08,30617,2022-11-08,Tuesday
30990_2022-11-27,30990,2022-11-27,Sunday
30217_2022-11-02,30217,2022-11-02,Wednesday
30399_2022-12-19,30399,2022-12-19,Monday
30663_2022-11-07,30663,2022-11-07,Monday
31224_2022-09-08,31224,2022-09-08,Thursday
30592_2022-11-07,30592,2022-11-07,Monday
30401_2022-11-23,30401,2022-11-23,Wednesday
30092_2022-11-02,30092,2022-11-02,Wednesday
31010_2022-11-02,31010,2022-11-02,Wednesday
30948_2023-01-11,30948,2023-01-11,Wednesday
30848_2022-11-15,30848,2022-11-15,Tuesday
30980_2022-11-14,30980,2022-11-14,Monday
31085_2022-09-26,31085,2022-09-26,Monday
30905_2022-09-16,30905,2022-09-16,Friday
30351_2022-11-17,30351,2022-11-17,Thursday
30938_2022-08-04,30938,2022-08-04,Thursday
30433_2022-11-20,30433,2022-11-20,Sunday
30366_2022-11-20,30366,2022-11-20,Sunday
31297_2022-07-28,31297,2022-07-28,Thursday
30555_2022-12-02,30555,2022-12-02,Friday
30741_2022-11-16,30741,2022-11-16,Wednesday
30386_2022-12-15,30386,2022-12-15,Thursday
30174_2022-08-28,30174,2022-08-28,Sunday
30838_2022-12-01,30838,2022-12-01,Thursday
30109_2022-12-20,30109,2022-12-20,Tuesday
30327_2022-12-07,30327,2022-12-07,Wednesday
30850_2023-01-13,30850,2023-01-13,Friday
31297_2022-08-14,31297,2022-08-14,Sunday
30045_2022-10-27,30045,2022-10-27,Thursday
30542_2022-11-23,30542,2022-11-23,Wednesday
30399_2022-12-16,30399,2022-12-16,Friday
31237_2022-12-05,31237,2022-12-05,Monday
30229_2022-09-26,30229,2022-09-26,Monday
31284_2022-08-26,31284,2022-08-26,Friday
30222_2022-10-28,30222,2022-10-28,Friday
30690_2022-09-08,30690,2022-09-08,Thursday
30995_2022-12-07,30995,2022-12-07,Wednesday
30636_2022-10-28,30636,2022-10-28,Friday
31005_2022-11-13,31005,2022-11-13,Sunday
30136_2022-11-16,30136,2022-11-16,Wednesday
30648_2022-10-31,30648,2022-10-31,Monday
30351_2022-11-28,30351,2022-11-28,Monday
30294_2022-12-30,30294,2022-12-30,Friday
30835_2022-11-09,30835,2022-11-09,Wednesday
30544_2022-11-06,30544,2022-11-06,Sunday
31119_2023-01-06,31119,2023-01-06,Friday
30109_2022-12-21,30109,2022-12-21,Wednesday
31080_2022-10-07,31080,2022-10-07,Friday
30543_2022-09-30,30543,2022-09-30,Friday
30270_2022-11-07,30270,2022-11-07,Monday
31261_2022-12-11,31261,2022-12-11,Sunday
31032_2022-11-02,31032,2022-11-02,Wednesday
30486_2022-11-18,30486,2022-11-18,Friday
31002_2022-12-21,31002,2022-12-21,Wednesday
30903_2022-12-14,30903,2022-12-14,Wednesday
30185_2022-12-11,30185,2022-12-11,Sunday
30013_2022-11-16,30013,2022-11-16,Wednesday
30694_2022-08-31,30694,2022-08-31,Wednesday
30591_2023-01-16,30591,2023-01-16,Monday
30932_2022-10-29,30932,2022-10-29,Saturday
30171_2022-12-15,30171,2022-12-15,Thursday
30835_2022-11-10,30835,2022-11-10,Thursday
30327_2022-12-01,30327,2022-12-01,Thursday
30099_2022-08-24,30099,2022-08-24,Wednesday
30448_2022-10-25,30448,2022-10-25,Tuesday
30060_2023-01-17,30060,2023-01-17,Tuesday
31119_2023-01-07,31119,2023-01-07,Saturday
30265_2022-08-24,30265,2022-08-24,Wednesday
31204_2022-11-09,31204,2022-11-09,Wednesday
31027_2022-12-14,31027,2022-12-14,Wednesday
30932_2022-10-23,30932,2022-10-23,Sunday
30690_2022-08-30,30690,2022-08-30,Tuesday
30989_2022-12-12,30989,2022-12-12,Monday
30217_2022-10-10,30217,2022-10-10,Monday
30544_2022-11-18,30544,2022-11-18,Friday
31171_2022-10-19,31171,2022-10-19,Wednesday
30105_2022-09-16,30105,2022-09-16,Friday
30064_2022-12-27,30064,2022-12-27,Tuesday
31196_2022-11-27,31196,2022-11-27,Sunday
30659_2022-11-10,30659,2022-11-10,Thursday
30089_2022-11-14,30089,2022-11-14,Monday
31150_2022-12-21,31150,2022-12-21,Wednesday
30357_2022-12-16,30357,2022-12-16,Friday
30252_2023-01-05,30252,2023-01-05,Thursday
31244_2022-10-25,31244,2022-10-25,Tuesday
31251_2022-12-21,31251,2022-12-21,Wednesday
31266_2022-12-09,31266,2022-12-09,Friday
30167_2022-11-09,30167,2022-11-09,Wednesday
30980_2022-10-23,30980,2022-10-23,Sunday
30008_2022-12-04,30008,2022-12-04,Sunday
30835_2022-11-22,30835,2022-11-22,Tuesday
30838_2022-12-20,30838,2022-12-20,Tuesday
30872_2022-11-18,30872,2022-11-18,Friday
30168_2022-09-06,30168,2022-09-06,Tuesday
30064_2023-01-11,30064,2023-01-11,Wednesday
30500_2022-08-19,30500,2022-08-19,Friday
31027_2022-11-23,31027,2022-11-23,Wednesday
30789_2022-08-16,30789,2022-08-16,Tuesday
31114_2022-11-06,31114,2022-11-06,Sunday
30454_2022-09-21,30454,2022-09-21,Wednesday
30294_2023-01-10,30294,2023-01-10,Tuesday
31145_2022-11-13,31145,2022-11-13,Sunday
30200_2022-08-15,30200,2022-08-15,Monday
30148_2022-12-22,30148,2022-12-22,Thursday
30083_2022-11-16,30083,2022-11-16,Wednesday
30313_2022-11-04,30313,2022-11-04,Friday
30408_2022-12-04,30408,2022-12-04,Sunday
30252_2023-01-13,30252,2023-01-13,Friday
30687_2022-11-11,30687,2022-11-11,Friday
30011_2022-09-28,30011,2022-09-28,Wednesday
30861_2022-11-04,30861,2022-11-04,Friday
30819_2022-11-20,30819,2022-11-20,Sunday
30963_2022-10-21,30963,2022-10-21,Friday
30433_2022-11-10,30433,2022-11-10,Thursday
31070_2022-09-28,31070,2022-09-28,Wednesday
31094_2023-01-05,31094,2023-01-05,Thursday
30617_2022-11-06,30617,2022-11-06,Sunday
31017_2022-10-16,31017,2022-10-16,Sunday
30658_2022-09-15,30658,2022-09-15,Thursday
30450_2022-09-16,30450,2022-09-16,Friday
30800_2022-12-26,30800,2022-12-26,Monday
30861_2022-11-02,30861,2022-11-02,Wednesday
30277_2022-07-26,30277,2022-07-26,Tuesday
31010_2022-11-01,31010,2022-11-01,Tuesday
31114_2022-11-11,31114,2022-11-11,Friday
30180_2022-12-28,30180,2022-12-28,Wednesday
31010_2022-11-17,31010,2022-11-17,Thursday
30502_2022-11-01,30502,2022-11-01,Tuesday
30663_2022-11-14,30663,2022-11-14,Monday
30199_2022-11-21,30199,2022-11-21,Monday
30028_2022-11-07,30028,2022-11-07,Monday
30411_2022-11-20,30411,2022-11-20,Sunday
30221_2022-11-15,30221,2022-11-15,Tuesday
30887_2023-01-11,30887,2023-01-11,Wednesday
30134_2023-01-26,30134,2023-01-26,Thursday
30502_2022-11-07,30502,2022-11-07,Monday
30277_2022-08-15,30277,2022-08-15,Monday
30630_2022-11-29,30630,2022-11-29,Tuesday
30492_2022-10-26,30492,2022-10-26,Wednesday
30062_2022-11-14,30062,2022-11-14,Monday
30116_2022-07-25,30116,2022-07-25,Monday
30211_2022-10-25,30211,2022-10-25,Tuesday
31138_2022-09-25,31138,2022-09-25,Sunday
30083_2022-12-08,30083,2022-12-08,Thursday
30521_2022-11-03,30521,2022-11-03,Thursday
30028_2022-11-04,30028,2022-11-04,Friday
30294_2023-01-13,30294,2023-01-13,Friday
31055_2022-09-28,31055,2022-09-28,Wednesday
30542_2022-11-17,30542,2022-11-17,Thursday
30670_2022-12-23,30670,2022-12-23,Friday
30243_2022-08-24,30243,2022-08-24,Wednesday
31201_2022-12-20,31201,2022-12-20,Tuesday
30246_2022-08-10,30246,2022-08-10,Wednesday
31017_2022-10-17,31017,2022-10-17,Monday
31297_2022-08-10,31297,2022-08-10,Wednesday
30835_2022-11-14,30835,2022-11-14,Monday
30872_2022-12-08,30872,2022-12-08,Thursday
31201_2022-12-23,31201,2022-12-23,Friday
31025_2022-11-02,31025,2022-11-02,Wednesday
30168_2022-09-27,30168,2022-09-27,Tuesday
30433_2022-11-19,30433,2022-11-19,Saturday
30699_2022-11-23,30699,2022-11-23,Wednesday
30016_2022-11-30,30016,2022-11-30,Wednesday
30948_2023-01-10,30948,2023-01-10,Tuesday
30905_2022-09-29,30905,2022-09-29,Thursday
31248_2022-11-26,31248,2022-11-26,Saturday
30342_2022-10-18,30342,2022-10-18,Tuesday
31072_2022-11-01,31072,2022-11-01,Tuesday
30294_2023-01-18,30294,2023-01-18,Wednesday
30925_2022-11-25,30925,2022-11-25,Friday
30124_2022-08-15,30124,2022-08-15,Monday
30064_2022-12-28,30064,2022-12-28,Wednesday
31170_2022-11-02,31170,2022-11-02,Wednesday
30925_2022-11-08,30925,2022-11-08,Tuesday
30303_2022-11-15,30303,2022-11-15,Tuesday
31251_2022-12-06,31251,2022-12-06,Tuesday
30403_2022-11-28,30403,2022-11-28,Monday
30426_2022-12-05,30426,2022-12-05,Monday
30735_2022-11-15,30735,2022-11-15,Tuesday
31085_2022-10-12,31085,2022-10-12,Wednesday
30887_2023-01-08,30887,2023-01-08,Sunday
30995_2022-12-20,30995,2022-12-20,Tuesday
31083_2022-11-03,31083,2022-11-03,Thursday
30388_2022-12-06,30388,2022-12-06,Tuesday
30252_2023-01-17,30252,2023-01-17,Tuesday
31112_2022-12-14,31112,2022-12-14,Wednesday
30026_2022-12-09,30026,2022-12-09,Friday
30005_2022-11-15,30005,2022-11-15,Tuesday
30092_2022-11-17,30092,2022-11-17,Thursday
30411_2022-11-27,30411,2022-11-27,Sunday
30980_2022-10-25,30980,2022-10-25,Tuesday
31158_2023-01-12,31158,2023-01-12,Thursday
31003_2023-01-06,31003,2023-01-06,Friday
30878_2022-09-08,30878,2022-09-08,Thursday
30677_2022-11-11,30677,2022-11-11,Friday
31119_2023-01-13,31119,2023-01-13,Friday
31313_2022-09-02,31313,2022-09-02,Friday
30335_2022-11-24,30335,2022-11-24,Thursday
30231_2022-12-26,30231,2022-12-26,Monday
31003_2023-01-01,31003,2023-01-01,Sunday
30401_2022-11-30,30401,2022-11-30,Wednesday
30433_2022-11-15,30433,2022-11-15,Tuesday
30269_2022-12-21,30269,2022-12-21,Wednesday
30869_2022-11-28,30869,2022-11-28,Monday
30433_2022-11-02,30433,2022-11-02,Wednesday
30741_2022-12-01,30741,2022-12-01,Thursday
31006_2022-12-19,31006,2022-12-19,Monday
30099_2022-08-17,30099,2022-08-17,Wednesday
31085_2022-10-07,31085,2022-10-07,Friday
30558_2022-11-21,30558,2022-11-21,Monday
30388_2022-12-01,30388,2022-12-01,Thursday
30185_2022-11-29,30185,2022-11-29,Tuesday
30541_2022-09-12,30541,2022-09-12,Monday
30114_2022-11-07,30114,2022-11-07,Monday
30171_2022-12-22,30171,2022-12-22,Thursday
30862_2022-12-05,30862,2022-12-05,Monday
30869_2022-12-15,30869,2022-12-15,Thursday
30180_2022-12-20,30180,2022-12-20,Tuesday
30167_2022-10-26,30167,2022-10-26,Wednesday
31034_2022-11-08,31034,2022-11-08,Tuesday
31137_2022-12-29,31137,2022-12-29,Thursday
30511_2022-09-28,30511,2022-09-28,Wednesday
31080_2022-09-23,31080,2022-09-23,Friday
30450_2022-09-01,30450,2022-09-01,Thursday
30785_2022-12-06,30785,2022-12-06,Tuesday
30538_2022-11-22,30538,2022-11-22,Tuesday
30612_2022-10-27,30612,2022-10-27,Thursday
30989_2022-12-19,30989,2022-12-19,Monday
31027_2022-12-03,31027,2022-12-03,Saturday
30089_2022-11-17,30089,2022-11-17,Thursday
30180_2022-12-23,30180,2022-12-23,Friday
31202_2022-11-30,31202,2022-11-30,Wednesday
30591_2023-01-17,30591,2023-01-17,Tuesday
30176_2022-09-16,30176,2022-09-16,Friday
30080_2022-08-03,30080,2022-08-03,Wednesday
30341_2022-09-21,30341,2022-09-21,Wednesday
31021_2022-11-24,31021,2022-11-24,Thursday
31076_2022-10-01,31076,2022-10-01,Saturday
30151_2022-08-09,30151,2022-08-09,Tuesday
30042_2023-01-19,30042,2023-01-19,Thursday
31070_2022-10-06,31070,2022-10-06,Thursday
30827_2022-12-16,30827,2022-12-16,Friday
30134_2023-02-03,30134,2023-02-03,Friday
30473_2022-12-19,30473,2022-12-19,Monday
30008_2022-11-22,30008,2022-11-22,Tuesday
31302_2022-11-06,31302,2022-11-06,Sunday
30433_2022-11-29,30433,2022-11-29,Tuesday
30820_2022-11-22,30820,2022-11-22,Tuesday
31002_2022-12-28,31002,2022-12-28,Wednesday
30211_2022-11-11,30211,2022-11-11,Friday
30064_2023-01-04,30064,2023-01-04,Wednesday
30688_2022-11-25,30688,2022-11-25,Friday
30444_2022-08-28,30444,2022-08-28,Sunday
30872_2022-12-02,30872,2022-12-02,Friday
31040_2022-11-29,31040,2022-11-29,Tuesday
31087_2022-08-06,31087,2022-08-06,Saturday
30062_2022-11-04,30062,2022-11-04,Friday
30704_2022-11-20,30704,2022-11-20,Sunday
30385_2022-09-12,30385,2022-09-12,Monday
30820_2022-12-01,30820,2022-12-01,Thursday
30055_2022-10-13,30055,2022-10-13,Thursday
31074_2022-08-10,31074,2022-08-10,Wednesday
30558_2022-11-29,30558,2022-11-29,Tuesday
30544_2022-10-28,30544,2022-10-28,Friday
30803_2022-12-06,30803,2022-12-06,Tuesday
30108_2022-11-28,30108,2022-11-28,Monday
30704_2022-11-25,30704,2022-11-25,Friday
30842_2022-10-28,30842,2022-10-28,Friday
30252_2023-01-16,30252,2023-01-16,Monday
31234_2022-09-25,31234,2022-09-25,Sunday
30180_2023-01-05,30180,2023-01-05,Thursday
30760_2022-11-27,30760,2022-11-27,Sunday
30430_2022-10-05,30430,2022-10-05,Wednesday
30800_2023-01-02,30800,2023-01-02,Monday
31158_2023-01-11,31158,2023-01-11,Wednesday
31014_2022-12-08,31014,2022-12-08,Thursday
30049_2022-12-12,30049,2022-12-12,Monday
30769_2022-10-27,30769,2022-10-27,Thursday
30435_2022-12-21,30435,2022-12-21,Wednesday
30005_2022-11-10,30005,2022-11-10,Thursday
30311_2022-11-15,30311,2022-11-15,Tuesday
30827_2022-12-14,30827,2022-12-14,Wednesday
30009_2022-09-15,30009,2022-09-15,Thursday
30542_2022-11-08,30542,2022-11-08,Tuesday
30433_2022-11-09,30433,2022-11-09,Wednesday
31207_2022-11-16,31207,2022-11-16,Wednesday
30442_2022-12-08,30442,2022-12-08,Thursday
30185_2022-12-21,30185,2022-12-21,Wednesday
30467_2022-08-01,30467,2022-08-01,Monday
31025_2022-11-15,31025,2022-11-15,Tuesday
30118_2022-11-15,30118,2022-11-15,Tuesday
30505_2022-12-16,30505,2022-12-16,Friday
31101_2022-11-15,31101,2022-11-15,Tuesday
30922_2022-11-13,30922,2022-11-13,Sunday
31119_2022-12-31,31119,2022-12-31,Saturday
31234_2022-10-08,31234,2022-10-08,Saturday
30049_2022-12-22,30049,2022-12-22,Thursday
31268_2022-10-14,31268,2022-10-14,Friday
30115_2022-09-07,30115,2022-09-07,Wednesday
30819_2022-12-08,30819,2022-12-08,Thursday
30802_2022-12-15,30802,2022-12-15,Thursday
30980_2022-10-24,30980,2022-10-24,Monday
30042_2023-01-05,30042,2023-01-05,Thursday
31087_2022-07-28,31087,2022-07-28,Thursday
30969_2022-11-11,30969,2022-11-11,Friday
30439_2022-11-30,30439,2022-11-30,Wednesday
31302_2022-11-07,31302,2022-11-07,Monday
30796_2022-12-01,30796,2022-12-01,Thursday
30695_2022-11-05,30695,2022-11-05,Saturday
30989_2022-12-13,30989,2022-12-13,Tuesday
30063_2022-09-23,30063,2022-09-23,Friday
30100_2022-11-14,30100,2022-11-14,Monday
30538_2022-11-07,30538,2022-11-07,Monday
30634_2022-09-17,30634,2022-09-17,Saturday
30688_2022-12-01,30688,2022-12-01,Thursday
30963_2022-10-17,30963,2022-10-17,Monday
30827_2022-12-15,30827,2022-12-15,Thursday
30434_2022-10-31,30434,2022-10-31,Monday
30266_2022-12-20,30266,2022-12-20,Tuesday
30384_2022-08-11,30384,2022-08-11,Thursday
30297_2022-12-12,30297,2022-12-12,Monday
30089_2022-11-26,30089,2022-11-26,Saturday
30847_2022-10-29,30847,2022-10-29,Saturday
30887_2023-01-12,30887,2023-01-12,Thursday
30011_2022-09-29,30011,2022-09-29,Thursday
30317_2022-11-11,30317,2022-11-11,Friday
30724_2022-10-29,30724,2022-10-29,Saturday
30796_2022-12-03,30796,2022-12-03,Saturday
30116_2022-07-28,30116,2022-07-28,Thursday
30633_2022-12-07,30633,2022-12-07,Wednesday
30320_2022-09-11,30320,2022-09-11,Sunday
30313_2022-10-24,30313,2022-10-24,Monday
30819_2022-12-11,30819,2022-12-11,Sunday
31145_2022-11-10,31145,2022-11-10,Thursday
30342_2022-10-23,30342,2022-10-23,Sunday
30092_2022-11-16,30092,2022-11-16,Wednesday
30704_2022-12-07,30704,2022-12-07,Wednesday
30903_2022-11-29,30903,2022-11-29,Tuesday
31101_2022-11-14,31101,2022-11-14,Monday
30013_2022-10-26,30013,2022-10-26,Wednesday
30011_2022-09-14,30011,2022-09-14,Wednesday
30542_2022-11-07,30542,2022-11-07,Monday
30905_2022-09-03,30905,2022-09-03,Saturday
30490_2022-11-10,30490,2022-11-10,Thursday
30697_2022-10-27,30697,2022-10-27,Thursday
30687_2022-11-04,30687,2022-11-04,Friday
30706_2022-11-04,30706,2022-11-04,Friday
30728_2022-11-22,30728,2022-11-22,Tuesday
30887_2023-01-20,30887,2023-01-20,Friday
30339_2022-12-02,30339,2022-12-02,Friday
30274_2022-12-18,30274,2022-12-18,Sunday
30168_2022-09-29,30168,2022-09-29,Thursday
30631_2022-11-10,30631,2022-11-10,Thursday
30171_2022-12-06,30171,2022-12-06,Tuesday
30817_2022-10-31,30817,2022-10-31,Monday
30012_2022-08-11,30012,2022-08-11,Thursday
30171_2022-12-12,30171,2022-12-12,Monday
30351_2022-11-10,30351,2022-11-10,Thursday
31014_2022-12-11,31014,2022-12-11,Sunday
30439_2022-11-18,30439,2022-11-18,Friday
31224_2022-09-30,31224,2022-09-30,Friday
30696_2022-11-06,30696,2022-11-06,Sunday
30310_2022-09-08,30310,2022-09-08,Thursday
30688_2022-11-24,30688,2022-11-24,Thursday
30985_2022-09-18,30985,2022-09-18,Sunday
31020_2022-07-30,31020,2022-07-30,Saturday
30980_2022-11-05,30980,2022-11-05,Saturday
30578_2022-10-12,30578,2022-10-12,Wednesday
30042_2023-01-08,30042,2023-01-08,Sunday
30450_2022-08-30,30450,2022-08-30,Tuesday
30211_2022-11-04,30211,2022-11-04,Friday
31021_2022-11-25,31021,2022-11-25,Friday
31224_2022-09-15,31224,2022-09-15,Thursday
30185_2022-12-02,30185,2022-12-02,Friday
31107_2022-12-22,31107,2022-12-22,Thursday
30454_2022-09-23,30454,2022-09-23,Friday
30663_2022-11-20,30663,2022-11-20,Sunday
30921_2023-01-20,30921,2023-01-20,Friday
30921_2023-01-16,30921,2023-01-16,Monday
30969_2022-11-09,30969,2022-11-09,Wednesday
30115_2022-09-06,30115,2022-09-06,Tuesday
30921_2023-01-09,30921,2023-01-09,Monday
30008_2022-11-28,30008,2022-11-28,Monday
30403_2022-12-13,30403,2022-12-13,Tuesday
30092_2022-10-28,30092,2022-10-28,Friday
30028_2022-11-21,30028,2022-11-21,Monday
31122_2022-12-21,31122,2022-12-21,Wednesday
30872_2022-12-07,30872,2022-12-07,Wednesday
31011_2022-12-05,31011,2022-12-05,Monday
30544_2022-11-10,30544,2022-11-10,Thursday
30749_2022-11-21,30749,2022-11-21,Monday
30140_2022-12-02,30140,2022-12-02,Friday
30235_2022-11-23,30235,2022-11-23,Wednesday
30057_2022-08-10,30057,2022-08-10,Wednesday
30444_2022-09-11,30444,2022-09-11,Sunday
30140_2022-12-13,30140,2022-12-13,Tuesday
30185_2022-12-20,30185,2022-12-20,Tuesday
31126_2022-11-07,31126,2022-11-07,Monday
31127_2022-10-24,31127,2022-10-24,Monday
30231_2022-12-27,30231,2022-12-27,Tuesday
30401_2022-12-02,30401,2022-12-02,Friday
30697_2022-10-14,30697,2022-10-14,Friday
30231_2022-12-17,30231,2022-12-17,Saturday
30541_2022-09-14,30541,2022-09-14,Wednesday
30234_2022-08-03,30234,2022-08-03,Wednesday
31260_2022-11-09,31260,2022-11-09,Wednesday
30461_2022-11-02,30461,2022-11-02,Wednesday
30345_2022-11-09,30345,2022-11-09,Wednesday
30231_2022-12-10,30231,2022-12-10,Saturday
31260_2022-11-11,31260,2022-11-11,Friday
30099_2022-08-19,30099,2022-08-19,Friday
30303_2022-11-11,30303,2022-11-11,Friday
31080_2022-09-14,31080,2022-09-14,Wednesday
30782_2022-11-21,30782,2022-11-21,Monday
31084_2022-10-13,31084,2022-10-13,Thursday
30861_2022-11-11,30861,2022-11-11,Friday
30724_2022-10-23,30724,2022-10-23,Sunday
30467_2022-07-19,30467,2022-07-19,Tuesday
30217_2022-10-25,30217,2022-10-25,Tuesday
30515_2022-09-26,30515,2022-09-26,Monday
31022_2022-09-07,31022,2022-09-07,Wednesday
30116_2022-08-08,30116,2022-08-08,Monday
30685_2022-11-25,30685,2022-11-25,Friday
31085_2022-09-30,31085,2022-09-30,Friday
31292_2022-11-14,31292,2022-11-14,Monday
30419_2022-09-12,30419,2022-09-12,Monday
31297_2022-08-09,31297,2022-08-09,Tuesday
31002_2022-12-13,31002,2022-12-13,Tuesday
30822_2022-12-07,30822,2022-12-07,Wednesday
30118_2022-12-03,30118,2022-12-03,Saturday
31313_2022-08-24,31313,2022-08-24,Wednesday
30981_2022-08-24,30981,2022-08-24,Wednesday
31175_2022-08-27,31175,2022-08-27,Saturday
31040_2022-11-16,31040,2022-11-16,Wednesday
31178_2022-08-14,31178,2022-08-14,Sunday
30277_2022-08-04,30277,2022-08-04,Thursday
31072_2022-11-08,31072,2022-11-08,Tuesday
30168_2022-09-13,30168,2022-09-13,Tuesday
31080_2022-09-18,31080,2022-09-18,Sunday
30236_2022-09-30,30236,2022-09-30,Friday
30012_2022-08-04,30012,2022-08-04,Thursday
31141_2022-09-09,31141,2022-09-09,Friday
30835_2022-11-01,30835,2022-11-01,Tuesday
30769_2022-10-31,30769,2022-10-31,Monday
31220_2022-08-05,31220,2022-08-05,Friday
30905_2022-09-10,30905,2022-09-10,Saturday
30876_2022-09-28,30876,2022-09-28,Wednesday
30138_2022-11-07,30138,2022-11-07,Monday
30148_2023-01-16,30148,2023-01-16,Monday
30502_2022-11-14,30502,2022-11-14,Monday
31085_2022-09-21,31085,2022-09-21,Wednesday
30119_2022-09-01,30119,2022-09-01,Thursday
31005_2022-11-20,31005,2022-11-20,Sunday
30386_2022-12-07,30386,2022-12-07,Wednesday
30502_2022-11-08,30502,2022-11-08,Tuesday
30553_2022-09-28,30553,2022-09-28,Wednesday
31104_2022-11-24,31104,2022-11-24,Thursday
30796_2022-11-27,30796,2022-11-27,Sunday
30522_2022-11-11,30522,2022-11-11,Friday
30681_2022-11-23,30681,2022-11-23,Wednesday
30490_2022-11-15,30490,2022-11-15,Tuesday
30693_2022-11-18,30693,2022-11-18,Friday
30735_2022-11-17,30735,2022-11-17,Thursday
30076_2022-08-29,30076,2022-08-29,Monday
31163_2022-10-05,31163,2022-10-05,Wednesday
30690_2022-09-12,30690,2022-09-12,Monday
31002_2022-12-07,31002,2022-12-07,Wednesday
31047_2022-11-11,31047,2022-11-11,Friday
30266_2022-12-11,30266,2022-12-11,Sunday
31034_2022-11-09,31034,2022-11-09,Wednesday
30118_2022-11-18,30118,2022-11-18,Friday
30925_2022-11-18,30925,2022-11-18,Friday
30055_2022-10-28,30055,2022-10-28,Friday
30116_2022-07-19,30116,2022-07-19,Tuesday
30335_2022-11-20,30335,2022-11-20,Sunday
30796_2022-11-23,30796,2022-11-23,Wednesday
30724_2022-10-16,30724,2022-10-16,Sunday
30231_2022-12-09,30231,2022-12-09,Friday
30640_2022-11-03,30640,2022-11-03,Thursday
30297_2022-12-18,30297,2022-12-18,Sunday
30454_2022-09-22,30454,2022-09-22,Thursday
30850_2023-01-14,30850,2023-01-14,Saturday
30366_2022-11-19,30366,2022-11-19,Saturday
30433_2022-11-11,30433,2022-11-11,Friday
30741_2022-11-09,30741,2022-11-09,Wednesday
30903_2022-12-08,30903,2022-12-08,Thursday
30467_2022-08-13,30467,2022-08-13,Saturday
30670_2022-12-14,30670,2022-12-14,Wednesday
30741_2022-12-02,30741,2022-12-02,Friday
30026_2022-12-07,30026,2022-12-07,Wednesday
30553_2022-10-23,30553,2022-10-23,Sunday
30872_2022-12-06,30872,2022-12-06,Tuesday
30016_2022-12-02,30016,2022-12-02,Friday
30922_2022-10-27,30922,2022-10-27,Thursday
31297_2022-08-07,31297,2022-08-07,Sunday
31094_2023-01-04,31094,2023-01-04,Wednesday
30317_2022-10-31,30317,2022-10-31,Monday
30417_2022-10-17,30417,2022-10-17,Monday
31260_2022-11-10,31260,2022-11-10,Thursday
30948_2022-12-26,30948,2022-12-26,Monday
30385_2022-09-08,30385,2022-09-08,Thursday
30439_2022-12-02,30439,2022-12-02,Friday
31080_2022-10-02,31080,2022-10-02,Sunday
30650_2022-12-19,30650,2022-12-19,Monday
30690_2022-09-07,30690,2022-09-07,Wednesday
30819_2022-12-06,30819,2022-12-06,Tuesday
30184_2022-09-02,30184,2022-09-02,Friday
31163_2022-10-18,31163,2022-10-18,Tuesday
30399_2022-12-15,30399,2022-12-15,Thursday
30184_2022-09-25,30184,2022-09-25,Sunday
30463_2022-09-24,30463,2022-09-24,Saturday
30385_2022-09-06,30385,2022-09-06,Tuesday
30148_2022-12-27,30148,2022-12-27,Tuesday
30542_2022-10-27,30542,2022-10-27,Thursday
30277_2022-08-10,30277,2022-08-10,Wednesday
30728_2022-11-06,30728,2022-11-06,Sunday
30328_2022-11-03,30328,2022-11-03,Thursday
30530_2022-09-06,30530,2022-09-06,Tuesday
30521_2022-10-31,30521,2022-10-31,Monday
30422_2022-12-19,30422,2022-12-19,Monday
30663_2022-11-21,30663,2022-11-21,Monday
30076_2022-09-02,30076,2022-09-02,Friday
30089_2022-11-27,30089,2022-11-27,Sunday
31145_2022-11-06,31145,2022-11-06,Sunday
30699_2022-11-25,30699,2022-11-25,Friday
30357_2022-12-14,30357,2022-12-14,Wednesday
30544_2022-11-08,30544,2022-11-08,Tuesday
30767_2022-08-21,30767,2022-08-21,Sunday
30465_2022-11-27,30465,2022-11-27,Sunday
30490_2022-11-02,30490,2022-11-02,Wednesday
31027_2022-11-15,31027,2022-11-15,Tuesday
30921_2023-01-08,30921,2023-01-08,Sunday
31072_2022-10-25,31072,2022-10-25,Tuesday
30316_2022-12-23,30316,2022-12-23,Friday
30822_2022-12-05,30822,2022-12-05,Monday
30384_2022-08-13,30384,2022-08-13,Saturday
30875_2022-08-31,30875,2022-08-31,Wednesday
30180_2022-12-21,30180,2022-12-21,Wednesday
30328_2022-11-18,30328,2022-11-18,Friday
30439_2022-11-14,30439,2022-11-14,Monday
31022_2022-09-06,31022,2022-09-06,Tuesday
30092_2022-11-20,30092,2022-11-20,Sunday
30985_2022-09-21,30985,2022-09-21,Wednesday
30699_2022-12-02,30699,2022-12-02,Friday
31178_2022-08-17,31178,2022-08-17,Wednesday
30422_2022-12-04,30422,2022-12-04,Sunday
31178_2022-08-15,31178,2022-08-15,Monday
30800_2023-01-13,30800,2023-01-13,Friday
30800_2023-01-05,30800,2023-01-05,Thursday
30057_2022-08-09,30057,2022-08-09,Tuesday
30399_2022-12-02,30399,2022-12-02,Friday
31072_2022-11-07,31072,2022-11-07,Monday
31071_2022-11-17,31071,2022-11-17,Thursday
31078_2022-12-17,31078,2022-12-17,Saturday
30193_2022-10-31,30193,2022-10-31,Monday
31196_2022-12-06,31196,2022-12-06,Tuesday
30385_2022-09-04,30385,2022-09-04,Sunday
31000_2022-12-02,31000,2022-12-02,Friday
30193_2022-11-14,30193,2022-11-14,Monday
31297_2022-08-06,31297,2022-08-06,Saturday
30981_2022-08-21,30981,2022-08-21,Sunday
30083_2022-12-07,30083,2022-12-07,Wednesday
30012_2022-08-17,30012,2022-08-17,Wednesday
30803_2022-12-01,30803,2022-12-01,Thursday
30297_2022-12-20,30297,2022-12-20,Tuesday
31145_2022-11-21,31145,2022-11-21,Monday
30782_2022-11-05,30782,2022-11-05,Saturday
30379_2022-09-09,30379,2022-09-09,Friday
30750_2022-10-20,30750,2022-10-20,Thursday
30785_2022-11-19,30785,2022-11-19,Saturday
30099_2022-09-02,30099,2022-09-02,Friday
30693_2022-11-06,30693,2022-11-06,Sunday
30889_2022-11-11,30889,2022-11-11,Friday
30536_2022-10-18,30536,2022-10-18,Tuesday
30180_2022-12-13,30180,2022-12-13,Tuesday
31055_2022-09-26,31055,2022-09-26,Monday
30303_2022-10-23,30303,2022-10-23,Sunday
30490_2022-10-31,30490,2022-10-31,Monday
30399_2022-12-08,30399,2022-12-08,Thursday
31029_2022-12-21,31029,2022-12-21,Wednesday
30168_2022-09-07,30168,2022-09-07,Wednesday
30468_2022-11-15,30468,2022-11-15,Tuesday
30490_2022-11-21,30490,2022-11-21,Monday
30357_2022-12-13,30357,2022-12-13,Tuesday
31237_2022-11-21,31237,2022-11-21,Monday
30171_2022-12-08,30171,2022-12-08,Thursday
30057_2022-08-15,30057,2022-08-15,Monday
30167_2022-11-05,30167,2022-11-05,Saturday
31085_2022-09-17,31085,2022-09-17,Saturday
30074_2022-07-27,30074,2022-07-27,Wednesday
30083_2022-11-25,30083,2022-11-25,Friday
30622_2022-09-08,30622,2022-09-08,Thursday
30872_2022-12-04,30872,2022-12-04,Sunday
30591_2023-01-12,30591,2023-01-12,Thursday
31274_2022-12-16,31274,2022-12-16,Friday
31145_2022-11-12,31145,2022-11-12,Saturday
31186_2022-11-16,31186,2022-11-16,Wednesday
30905_2022-09-08,30905,2022-09-08,Thursday
30969_2022-10-30,30969,2022-10-30,Sunday
30288_2022-08-03,30288,2022-08-03,Wednesday
30109_2022-12-01,30109,2022-12-01,Thursday
31000_2022-12-20,31000,2022-12-20,Tuesday
30567_2022-12-06,30567,2022-12-06,Tuesday
31119_2022-12-30,31119,2022-12-30,Friday
30490_2022-11-01,30490,2022-11-01,Tuesday
30848_2022-11-17,30848,2022-11-17,Thursday
30231_2022-12-29,30231,2022-12-29,Thursday
30346_2022-12-17,30346,2022-12-17,Saturday
30750_2022-11-05,30750,2022-11-05,Saturday
31114_2022-11-03,31114,2022-11-03,Thursday
31107_2022-12-20,31107,2022-12-20,Tuesday
31101_2022-11-17,31101,2022-11-17,Thursday
30385_2022-09-17,30385,2022-09-17,Saturday
30167_2022-10-12,30167,2022-10-12,Wednesday
31166_2022-12-14,31166,2022-12-14,Wednesday
30288_2022-07-28,30288,2022-07-28,Thursday
31295_2022-10-19,31295,2022-10-19,Wednesday
30969_2022-11-10,30969,2022-11-10,Thursday
30099_2022-09-13,30099,2022-09-13,Tuesday
30413_2022-10-16,30413,2022-10-16,Sunday
30303_2022-11-16,30303,2022-11-16,Wednesday
30719_2022-10-17,30719,2022-10-17,Monday
31313_2022-09-09,31313,2022-09-09,Friday
30151_2022-08-23,30151,2022-08-23,Tuesday
30186_2022-11-22,30186,2022-11-22,Tuesday
30706_2022-10-25,30706,2022-10-25,Tuesday
30905_2022-09-05,30905,2022-09-05,Monday
31196_2022-12-05,31196,2022-12-05,Monday
30522_2022-11-01,30522,2022-11-01,Tuesday
31071_2022-11-02,31071,2022-11-02,Wednesday
30109_2022-12-18,30109,2022-12-18,Sunday
30945_2022-11-30,30945,2022-11-30,Wednesday
30252_2023-01-11,30252,2023-01-11,Wednesday
30240_2022-11-21,30240,2022-11-21,Monday
30987_2022-09-02,30987,2022-09-02,Friday
30634_2022-09-22,30634,2022-09-22,Thursday
30203_2022-09-21,30203,2022-09-21,Wednesday
30236_2022-10-12,30236,2022-10-12,Wednesday
30362_2022-10-10,30362,2022-10-10,Monday
31295_2022-11-01,31295,2022-11-01,Tuesday
30080_2022-08-11,30080,2022-08-11,Thursday
30388_2022-12-13,30388,2022-12-13,Tuesday
30385_2022-09-19,30385,2022-09-19,Monday
30010_2022-11-17,30010,2022-11-17,Thursday
30042_2023-01-10,30042,2023-01-10,Tuesday
30217_2022-10-28,30217,2022-10-28,Friday
30398_2022-09-13,30398,2022-09-13,Tuesday
30008_2022-12-07,30008,2022-12-07,Wednesday
30511_2022-09-30,30511,2022-09-30,Friday
30822_2022-11-23,30822,2022-11-23,Wednesday
31178_2022-08-30,31178,2022-08-30,Tuesday
30905_2022-09-23,30905,2022-09-23,Friday
30995_2022-12-16,30995,2022-12-16,Friday
30713_2022-10-24,30713,2022-10-24,Monday
30217_2022-10-18,30217,2022-10-18,Tuesday
30905_2022-09-06,30905,2022-09-06,Tuesday
30028_2022-11-15,30028,2022-11-15,Tuesday
30670_2022-12-01,30670,2022-12-01,Thursday
30176_2022-09-09,30176,2022-09-09,Friday
30517_2022-11-16,30517,2022-11-16,Wednesday
30553_2022-10-06,30553,2022-10-06,Thursday
30080_2022-08-12,30080,2022-08-12,Friday
31114_2022-11-10,31114,2022-11-10,Thursday
30789_2022-08-14,30789,2022-08-14,Sunday
31150_2022-12-19,31150,2022-12-19,Monday
31251_2022-12-08,31251,2022-12-08,Thursday
30100_2022-10-25,30100,2022-10-25,Tuesday
30203_2022-10-06,30203,2022-10-06,Thursday
30803_2022-12-08,30803,2022-12-08,Thursday
31302_2022-11-18,31302,2022-11-18,Friday
30951_2022-09-27,30951,2022-09-27,Tuesday
31017_2022-10-25,31017,2022-10-25,Tuesday
30995_2022-12-13,30995,2022-12-13,Tuesday
31302_2022-11-11,31302,2022-11-11,Friday
30556_2023-02-07,30556,2023-02-07,Tuesday
30341_2022-09-26,30341,2022-09-26,Monday
30887_2023-01-09,30887,2023-01-09,Monday
30080_2022-08-01,30080,2022-08-01,Monday
31196_2022-11-30,31196,2022-11-30,Wednesday
30538_2022-11-03,30538,2022-11-03,Thursday
30948_2023-01-20,30948,2023-01-20,Friday
30633_2022-11-14,30633,2022-11-14,Monday
30822_2022-11-25,30822,2022-11-25,Friday
30948_2023-01-06,30948,2023-01-06,Friday
30458_2023-01-13,30458,2023-01-13,Friday
30148_2023-01-12,30148,2023-01-12,Thursday
30151_2022-08-14,30151,2022-08-14,Sunday
30429_2022-12-12,30429,2022-12-12,Monday
30180_2023-01-02,30180,2023-01-02,Monday
30099_2022-08-25,30099,2022-08-25,Thursday
30342_2022-11-05,30342,2022-11-05,Saturday
30384_2022-08-16,30384,2022-08-16,Tuesday
30435_2022-12-20,30435,2022-12-20,Tuesday
30567_2022-12-07,30567,2022-12-07,Wednesday
31178_2022-09-02,31178,2022-09-02,Friday
30789_2022-08-19,30789,2022-08-19,Friday
30657_2022-11-04,30657,2022-11-04,Friday
31101_2022-11-18,31101,2022-11-18,Friday
30005_2022-11-09,30005,2022-11-09,Wednesday
31191_2022-10-22,31191,2022-10-22,Saturday
31085_2022-09-25,31085,2022-09-25,Sunday
30148_2022-12-29,30148,2022-12-29,Thursday
31171_2022-09-30,31171,2022-09-30,Friday
31027_2022-11-21,31027,2022-11-21,Monday
30454_2022-09-27,30454,2022-09-27,Tuesday
30028_2022-10-31,30028,2022-10-31,Monday
30234_2022-08-18,30234,2022-08-18,Thursday
30385_2022-09-16,30385,2022-09-16,Friday
30617_2022-10-27,30617,2022-10-27,Thursday
30012_2022-08-16,30012,2022-08-16,Tuesday
30200_2022-08-26,30200,2022-08-26,Friday
30896_2022-10-07,30896,2022-10-07,Friday
31021_2022-11-21,31021,2022-11-21,Monday
30401_2022-11-15,30401,2022-11-15,Tuesday
30922_2022-11-08,30922,2022-11-08,Tuesday
30422_2022-12-14,30422,2022-12-14,Wednesday
30817_2022-11-01,30817,2022-11-01,Tuesday
30785_2022-11-16,30785,2022-11-16,Wednesday
30149_2022-10-07,30149,2022-10-07,Friday
30490_2022-11-14,30490,2022-11-14,Monday
30617_2022-11-16,30617,2022-11-16,Wednesday
30444_2022-09-20,30444,2022-09-20,Tuesday
30316_2022-12-24,30316,2022-12-24,Saturday
30386_2022-12-21,30386,2022-12-21,Wednesday
30530_2022-09-08,30530,2022-09-08,Thursday
30151_2022-08-15,30151,2022-08-15,Monday
30115_2022-09-26,30115,2022-09-26,Monday
30042_2023-01-09,30042,2023-01-09,Monday
30530_2022-08-30,30530,2022-08-30,Tuesday
31044_2022-11-21,31044,2022-11-21,Monday
30785_2022-11-20,30785,2022-11-20,Sunday
31027_2022-12-12,31027,2022-12-12,Monday
30026_2022-12-23,30026,2022-12-23,Friday
30490_2022-11-22,30490,2022-11-22,Tuesday
30180_2022-12-15,30180,2022-12-15,Thursday
30180_2022-12-30,30180,2022-12-30,Friday
31178_2022-09-03,31178,2022-09-03,Saturday
30957_2022-08-23,30957,2022-08-23,Tuesday
30028_2022-11-17,30028,2022-11-17,Thursday
30887_2023-01-06,30887,2023-01-06,Friday
30938_2022-08-16,30938,2022-08-16,Tuesday
31274_2022-12-02,31274,2022-12-02,Friday
30167_2022-10-13,30167,2022-10-13,Thursday
30553_2022-09-23,30553,2022-09-23,Friday
31122_2022-11-24,31122,2022-11-24,Thursday
30236_2022-10-02,30236,2022-10-02,Sunday
30848_2022-10-31,30848,2022-10-31,Monday
30148_2023-01-13,30148,2023-01-13,Friday
30422_2022-12-18,30422,2022-12-18,Sunday
30957_2022-08-15,30957,2022-08-15,Monday
30461_2022-11-10,30461,2022-11-10,Thursday
30203_2022-10-14,30203,2022-10-14,Friday
30134_2023-01-27,30134,2023-01-27,Friday
31006_2022-12-23,31006,2022-12-23,Friday
31306_2022-12-17,31306,2022-12-17,Saturday
30905_2022-09-12,30905,2022-09-12,Monday
30008_2022-12-18,30008,2022-12-18,Sunday
30685_2022-11-14,30685,2022-11-14,Monday
30969_2022-11-08,30969,2022-11-08,Tuesday
30555_2022-12-07,30555,2022-12-07,Wednesday
30185_2022-12-12,30185,2022-12-12,Monday
30633_2022-12-06,30633,2022-12-06,Tuesday
31002_2022-12-02,31002,2022-12-02,Friday
30985_2022-09-17,30985,2022-09-17,Saturday
31297_2022-08-13,31297,2022-08-13,Saturday
31260_2022-11-13,31260,2022-11-13,Sunday
31288_2022-12-21,31288,2022-12-21,Wednesday
30663_2022-11-17,30663,2022-11-17,Thursday
30100_2022-11-09,30100,2022-11-09,Wednesday
30872_2022-11-09,30872,2022-11-09,Wednesday
30706_2022-10-27,30706,2022-10-27,Thursday
30211_2022-11-01,30211,2022-11-01,Tuesday
31274_2022-11-27,31274,2022-11-27,Sunday
31070_2022-09-29,31070,2022-09-29,Thursday
30875_2022-08-26,30875,2022-08-26,Friday
30541_2022-09-13,30541,2022-09-13,Tuesday
30045_2022-10-28,30045,2022-10-28,Friday
30327_2022-12-14,30327,2022-12-14,Wednesday
31022_2022-08-30,31022,2022-08-30,Tuesday
30413_2022-10-30,30413,2022-10-30,Sunday
30341_2022-09-22,30341,2022-09-22,Thursday
30148_2023-01-14,30148,2023-01-14,Saturday
30049_2022-12-14,30049,2022-12-14,Wednesday
30174_2022-08-29,30174,2022-08-29,Monday
30938_2022-08-17,30938,2022-08-17,Wednesday
30028_2022-11-08,30028,2022-11-08,Tuesday
30068_2022-12-16,30068,2022-12-16,Friday
30969_2022-11-06,30969,2022-11-06,Sunday
30339_2022-12-23,30339,2022-12-23,Friday
30235_2022-12-02,30235,2022-12-02,Friday
30252_2023-01-06,30252,2023-01-06,Friday
30303_2022-10-31,30303,2022-10-31,Monday
30760_2022-11-21,30760,2022-11-21,Monday
31101_2022-11-07,31101,2022-11-07,Monday
30281_2022-11-22,30281,2022-11-22,Tuesday
31127_2022-10-25,31127,2022-10-25,Tuesday
30382_2022-09-08,30382,2022-09-08,Thursday
30119_2022-08-24,30119,2022-08-24,Wednesday
30830_2022-12-08,30830,2022-12-08,Thursday
30099_2022-08-30,30099,2022-08-30,Tuesday
30339_2022-12-22,30339,2022-12-22,Thursday
31080_2022-09-28,31080,2022-09-28,Wednesday
30053_2022-11-04,30053,2022-11-04,Friday
30889_2022-10-29,30889,2022-10-29,Saturday
30045_2022-10-19,30045,2022-10-19,Wednesday
31313_2022-08-31,31313,2022-08-31,Wednesday
30706_2022-10-18,30706,2022-10-18,Tuesday
31071_2022-10-31,31071,2022-10-31,Monday
30916_2022-09-28,30916,2022-09-28,Wednesday
30736_2022-12-16,30736,2022-12-16,Friday
30538_2022-11-08,30538,2022-11-08,Tuesday
30898_2022-12-28,30898,2022-12-28,Wednesday
30386_2022-12-09,30386,2022-12-09,Friday
31071_2022-10-19,31071,2022-10-19,Wednesday
31044_2022-11-25,31044,2022-11-25,Friday
30303_2022-10-27,30303,2022-10-27,Thursday
30997_2022-12-08,30997,2022-12-08,Thursday
30567_2022-12-08,30567,2022-12-08,Thursday
30323_2023-01-13,30323,2023-01-13,Friday
30633_2022-11-22,30633,2022-11-22,Tuesday
31196_2022-11-18,31196,2022-11-18,Friday
30620_2022-08-31,30620,2022-08-31,Wednesday
30185_2022-12-06,30185,2022-12-06,Tuesday
30848_2022-11-01,30848,2022-11-01,Tuesday
30670_2022-12-07,30670,2022-12-07,Wednesday
30149_2022-10-04,30149,2022-10-04,Tuesday
30009_2022-09-24,30009,2022-09-24,Saturday
31248_2022-11-23,31248,2022-11-23,Wednesday
31196_2022-11-14,31196,2022-11-14,Monday
31005_2022-11-27,31005,2022-11-27,Sunday
30592_2022-11-02,30592,2022-11-02,Wednesday
30916_2022-09-26,30916,2022-09-26,Monday
30028_2022-10-28,30028,2022-10-28,Friday
30200_2022-08-16,30200,2022-08-16,Tuesday
30530_2022-09-14,30530,2022-09-14,Wednesday
30252_2023-01-14,30252,2023-01-14,Saturday
31308_2022-08-31,31308,2022-08-31,Wednesday
31313_2022-09-07,31313,2022-09-07,Wednesday
31274_2022-12-19,31274,2022-12-19,Monday
30695_2022-11-03,30695,2022-11-03,Thursday
31284_2022-09-08,31284,2022-09-08,Thursday
30782_2022-12-01,30782,2022-12-01,Thursday
30704_2022-11-22,30704,2022-11-22,Tuesday
31302_2022-12-02,31302,2022-12-02,Friday
31085_2022-10-08,31085,2022-10-08,Saturday
30080_2022-08-21,30080,2022-08-21,Sunday
30077_2022-11-17,30077,2022-11-17,Thursday
31244_2022-10-17,31244,2022-10-17,Monday
30769_2022-10-14,30769,2022-10-14,Friday
31306_2022-12-06,31306,2022-12-06,Tuesday
31085_2022-10-05,31085,2022-10-05,Wednesday
30294_2023-01-12,30294,2023-01-12,Thursday
30297_2022-12-19,30297,2022-12-19,Monday
30008_2022-12-11,30008,2022-12-11,Sunday
30090_2022-12-14,30090,2022-12-14,Wednesday
30028_2022-11-16,30028,2022-11-16,Wednesday
30396_2022-09-12,30396,2022-09-12,Monday
30176_2022-09-30,30176,2022-09-30,Friday
31302_2022-11-29,31302,2022-11-29,Tuesday
30118_2022-11-16,30118,2022-11-16,Wednesday
30211_2022-11-08,30211,2022-11-08,Tuesday
30830_2022-11-29,30830,2022-11-29,Tuesday
31274_2022-12-14,31274,2022-12-14,Wednesday
30838_2022-11-30,30838,2022-11-30,Wednesday
30670_2022-12-27,30670,2022-12-27,Tuesday
30544_2022-11-11,30544,2022-11-11,Friday
30013_2022-11-10,30013,2022-11-10,Thursday
30831_2022-08-19,30831,2022-08-19,Friday
30980_2022-11-13,30980,2022-11-13,Sunday
30948_2023-01-04,30948,2023-01-04,Wednesday
30728_2022-12-01,30728,2022-12-01,Thursday
30997_2022-12-09,30997,2022-12-09,Friday
30211_2022-11-15,30211,2022-11-15,Tuesday
30796_2022-12-05,30796,2022-12-05,Monday
30349_2022-10-23,30349,2022-10-23,Sunday
31166_2022-11-25,31166,2022-11-25,Friday
31234_2022-09-17,31234,2022-09-17,Saturday
31145_2022-11-26,31145,2022-11-26,Saturday
31014_2022-11-20,31014,2022-11-20,Sunday
30467_2022-08-09,30467,2022-08-09,Tuesday
30008_2022-11-29,30008,2022-11-29,Tuesday
30250_2022-11-22,30250,2022-11-22,Tuesday
30403_2022-12-10,30403,2022-12-10,Saturday
30989_2022-12-09,30989,2022-12-09,Friday
30490_2022-11-04,30490,2022-11-04,Friday
31288_2022-12-29,31288,2022-12-29,Thursday
30346_2022-12-23,30346,2022-12-23,Friday
30193_2022-11-06,30193,2022-11-06,Sunday
30294_2023-01-04,30294,2023-01-04,Wednesday
30677_2022-11-10,30677,2022-11-10,Thursday
30913_2022-11-04,30913,2022-11-04,Friday
30134_2023-01-30,30134,2023-01-30,Monday
30957_2022-08-18,30957,2022-08-18,Thursday
30706_2022-11-06,30706,2022-11-06,Sunday
30600_2022-08-02,30600,2022-08-02,Tuesday
30679_2022-11-14,30679,2022-11-14,Monday
30115_2022-09-29,30115,2022-09-29,Thursday
30995_2022-12-04,30995,2022-12-04,Sunday
30872_2022-11-29,30872,2022-11-29,Tuesday
30115_2022-09-05,30115,2022-09-05,Monday
30062_2022-11-09,30062,2022-11-09,Wednesday
30530_2022-09-15,30530,2022-09-15,Thursday
30433_2022-11-07,30433,2022-11-07,Monday
30767_2022-08-22,30767,2022-08-22,Monday
30473_2022-12-15,30473,2022-12-15,Thursday
31085_2022-09-19,31085,2022-09-19,Monday
30658_2022-09-16,30658,2022-09-16,Friday
30728_2022-11-24,30728,2022-11-24,Thursday
30822_2022-12-14,30822,2022-12-14,Wednesday
30650_2022-12-08,30650,2022-12-08,Thursday
30521_2022-11-02,30521,2022-11-02,Wednesday
30317_2022-11-03,30317,2022-11-03,Thursday
30103_2022-09-12,30103,2022-09-12,Monday
30690_2022-08-29,30690,2022-08-29,Monday
30785_2022-11-22,30785,2022-11-22,Tuesday
30614_2022-11-23,30614,2022-11-23,Wednesday
30679_2022-11-17,30679,2022-11-17,Thursday
30605_2022-12-29,30605,2022-12-29,Thursday
31164_2022-12-19,31164,2022-12-19,Monday
30064_2022-12-29,30064,2022-12-29,Thursday
30053_2022-11-21,30053,2022-11-21,Monday
30938_2022-08-22,30938,2022-08-22,Monday
30605_2022-12-07,30605,2022-12-07,Wednesday
30592_2022-11-25,30592,2022-11-25,Friday
30741_2022-11-15,30741,2022-11-15,Tuesday
30199_2022-11-27,30199,2022-11-27,Sunday
30009_2022-09-12,30009,2022-09-12,Monday
30167_2022-11-03,30167,2022-11-03,Thursday
30567_2022-11-22,30567,2022-11-22,Tuesday
30555_2022-11-24,30555,2022-11-24,Thursday
30177_2022-11-21,30177,2022-11-21,Monday
31240_2022-12-16,31240,2022-12-16,Friday
30415_2022-11-09,30415,2022-11-09,Wednesday
30561_2022-11-16,30561,2022-11-16,Wednesday
31000_2022-12-21,31000,2022-12-21,Wednesday
30009_2022-09-25,30009,2022-09-25,Sunday
31295_2022-11-10,31295,2022-11-10,Thursday
31234_2022-10-03,31234,2022-10-03,Monday
30925_2022-11-14,30925,2022-11-14,Monday
30795_2022-09-05,30795,2022-09-05,Monday
30339_2022-12-19,30339,2022-12-19,Monday
30234_2022-08-19,30234,2022-08-19,Friday
30080_2022-08-04,30080,2022-08-04,Thursday
30704_2022-12-06,30704,2022-12-06,Tuesday
30980_2022-10-26,30980,2022-10-26,Wednesday
31017_2022-11-07,31017,2022-11-07,Monday
30439_2022-12-05,30439,2022-12-05,Monday
30430_2022-09-21,30430,2022-09-21,Wednesday
30861_2022-11-15,30861,2022-11-15,Tuesday
30694_2022-08-25,30694,2022-08-25,Thursday
30113_2022-11-15,30113,2022-11-15,Tuesday
30345_2022-11-08,30345,2022-11-08,Tuesday
30419_2022-09-24,30419,2022-09-24,Saturday
31141_2022-09-01,31141,2022-09-01,Thursday
30430_2022-10-04,30430,2022-10-04,Tuesday
30010_2022-11-09,30010,2022-11-09,Wednesday
30450_2022-09-24,30450,2022-09-24,Saturday
30308_2022-12-04,30308,2022-12-04,Sunday
31146_2022-10-10,31146,2022-10-10,Monday
30634_2022-10-03,30634,2022-10-03,Monday
30697_2022-10-03,30697,2022-10-03,Monday
31141_2022-09-08,31141,2022-09-08,Thursday
30848_2022-11-25,30848,2022-11-25,Friday
30196_2022-09-02,30196,2022-09-02,Friday
31274_2022-12-07,31274,2022-12-07,Wednesday
31072_2022-10-27,31072,2022-10-27,Thursday
30026_2022-12-21,30026,2022-12-21,Wednesday
30889_2022-10-30,30889,2022-10-30,Sunday
30555_2022-12-13,30555,2022-12-13,Tuesday
30538_2022-11-05,30538,2022-11-05,Saturday
30591_2022-12-30,30591,2022-12-30,Friday
30915_2022-11-29,30915,2022-11-29,Tuesday
30114_2022-11-10,30114,2022-11-10,Thursday
30530_2022-09-05,30530,2022-09-05,Monday
31114_2022-11-23,31114,2022-11-23,Wednesday
30490_2022-11-18,30490,2022-11-18,Friday
30542_2022-11-09,30542,2022-11-09,Wednesday
30203_2022-10-10,30203,2022-10-10,Monday
31234_2022-09-27,31234,2022-09-27,Tuesday
30433_2022-11-13,30433,2022-11-13,Sunday
30384_2022-08-18,30384,2022-08-18,Thursday
30448_2022-10-19,30448,2022-10-19,Wednesday
31237_2022-12-02,31237,2022-12-02,Friday
31295_2022-10-18,31295,2022-10-18,Tuesday
30490_2022-11-16,30490,2022-11-16,Wednesday
30253_2022-08-23,30253,2022-08-23,Tuesday
31297_2022-08-01,31297,2022-08-01,Monday
30008_2022-11-27,30008,2022-11-27,Sunday
30951_2022-09-26,30951,2022-09-26,Monday
31093_2022-10-27,31093,2022-10-27,Thursday
30861_2022-11-25,30861,2022-11-25,Friday
30351_2022-11-11,30351,2022-11-11,Friday
31076_2022-10-15,31076,2022-10-15,Saturday
30118_2022-11-09,30118,2022-11-09,Wednesday
30820_2022-11-28,30820,2022-11-28,Monday
30636_2022-11-09,30636,2022-11-09,Wednesday
30349_2022-10-11,30349,2022-10-11,Tuesday
30255_2022-10-31,30255,2022-10-31,Monday
30419_2022-09-14,30419,2022-09-14,Wednesday
30701_2022-11-08,30701,2022-11-08,Tuesday
30633_2022-11-23,30633,2022-11-23,Wednesday
30555_2022-11-25,30555,2022-11-25,Friday
31146_2022-10-14,31146,2022-10-14,Friday
30681_2022-12-16,30681,2022-12-16,Friday
30980_2022-10-31,30980,2022-10-31,Monday
30800_2023-01-06,30800,2023-01-06,Friday
30429_2022-12-18,30429,2022-12-18,Sunday
30211_2022-11-02,30211,2022-11-02,Wednesday
30370_2022-09-20,30370,2022-09-20,Tuesday
31145_2022-11-19,31145,2022-11-19,Saturday
30134_2023-01-19,30134,2023-01-19,Thursday
30327_2022-11-29,30327,2022-11-29,Tuesday
30730_2022-08-27,30730,2022-08-27,Saturday
31206_2022-08-31,31206,2022-08-31,Wednesday
30538_2022-11-16,30538,2022-11-16,Wednesday
30750_2022-11-02,30750,2022-11-02,Wednesday
30214_2022-08-21,30214,2022-08-21,Sunday
31049_2022-12-01,31049,2022-12-01,Thursday
30288_2022-07-29,30288,2022-07-29,Friday
30417_2022-10-11,30417,2022-10-11,Tuesday
30180_2022-12-12,30180,2022-12-12,Monday
30134_2023-01-23,30134,2023-01-23,Monday
30995_2022-12-03,30995,2022-12-03,Saturday
30308_2022-12-13,30308,2022-12-13,Tuesday
30168_2022-09-15,30168,2022-09-15,Thursday
30769_2022-11-01,30769,2022-11-01,Tuesday
30622_2022-09-05,30622,2022-09-05,Monday
30323_2023-01-27,30323,2023-01-27,Friday
30522_2022-11-16,30522,2022-11-16,Wednesday
31055_2022-09-23,31055,2022-09-23,Friday
30542_2022-11-24,30542,2022-11-24,Thursday
31049_2022-11-17,31049,2022-11-17,Thursday
30243_2022-09-09,30243,2022-09-09,Friday
31114_2022-11-16,31114,2022-11-16,Wednesday
30461_2022-11-09,30461,2022-11-09,Wednesday
30580_2022-11-12,30580,2022-11-12,Saturday
31168_2022-11-16,31168,2022-11-16,Wednesday
31020_2022-08-15,31020,2022-08-15,Monday
31017_2022-10-18,31017,2022-10-18,Tuesday
30741_2022-12-07,30741,2022-12-07,Wednesday
30542_2022-11-14,30542,2022-11-14,Monday
30971_2022-11-01,30971,2022-11-01,Tuesday
30794_2022-11-29,30794,2022-11-29,Tuesday
30517_2022-11-07,30517,2022-11-07,Monday
30515_2022-10-25,30515,2022-10-25,Tuesday
30490_2022-11-23,30490,2022-11-23,Wednesday
31306_2022-12-19,31306,2022-12-19,Monday
30659_2022-11-30,30659,2022-11-30,Wednesday
30339_2022-11-30,30339,2022-11-30,Wednesday
30467_2022-08-10,30467,2022-08-10,Wednesday
30217_2022-10-16,30217,2022-10-16,Sunday
30439_2022-11-22,30439,2022-11-22,Tuesday
30211_2022-11-18,30211,2022-11-18,Friday
30008_2022-12-08,30008,2022-12-08,Thursday
31044_2022-11-30,31044,2022-11-30,Wednesday
30600_2022-08-09,30600,2022-08-09,Tuesday
31288_2022-12-22,31288,2022-12-22,Thursday
31295_2022-10-31,31295,2022-10-31,Monday
31186_2022-11-14,31186,2022-11-14,Monday
30838_2022-12-09,30838,2022-12-09,Friday
30049_2022-12-09,30049,2022-12-09,Friday
30932_2022-11-06,30932,2022-11-06,Sunday
30277_2022-08-17,30277,2022-08-17,Wednesday
30878_2022-09-07,30878,2022-09-07,Wednesday
30434_2022-10-19,30434,2022-10-19,Wednesday
30769_2022-10-20,30769,2022-10-20,Thursday
30012_2022-08-03,30012,2022-08-03,Wednesday
30102_2022-11-07,30102,2022-11-07,Monday
31193_2022-10-31,31193,2022-10-31,Monday
30026_2022-12-06,30026,2022-12-06,Tuesday
30889_2022-11-02,30889,2022-11-02,Wednesday
31071_2022-11-07,31071,2022-11-07,Monday
30980_2022-11-17,30980,2022-11-17,Thursday
30543_2022-10-12,30543,2022-10-12,Wednesday
31087_2022-08-25,31087,2022-08-25,Thursday
30342_2022-11-01,30342,2022-11-01,Tuesday
30240_2022-11-24,30240,2022-11-24,Thursday
30303_2022-11-03,30303,2022-11-03,Thursday
31074_2022-08-17,31074,2022-08-17,Wednesday
31119_2023-01-08,31119,2023-01-08,Sunday
31206_2022-08-30,31206,2022-08-30,Tuesday
31186_2022-11-22,31186,2022-11-22,Tuesday
30049_2022-12-07,30049,2022-12-07,Wednesday
30831_2022-08-15,30831,2022-08-15,Monday
30317_2022-11-18,30317,2022-11-18,Friday
30517_2022-11-14,30517,2022-11-14,Monday
30985_2022-09-20,30985,2022-09-20,Tuesday
30729_2022-11-29,30729,2022-11-29,Tuesday
31072_2022-11-15,31072,2022-11-15,Tuesday
30151_2022-08-21,30151,2022-08-21,Sunday
30536_2022-10-17,30536,2022-10-17,Monday
30502_2022-10-20,30502,2022-10-20,Thursday
31134_2022-10-11,31134,2022-10-11,Tuesday
30399_2022-12-20,30399,2022-12-20,Tuesday
30704_2022-11-21,30704,2022-11-21,Monday
30538_2022-11-11,30538,2022-11-11,Friday
30265_2022-08-11,30265,2022-08-11,Thursday
31094_2023-01-03,31094,2023-01-03,Tuesday
30269_2022-12-04,30269,2022-12-04,Sunday
30083_2022-11-24,30083,2022-11-24,Thursday
31248_2022-11-29,31248,2022-11-29,Tuesday
30450_2022-09-09,30450,2022-09-09,Friday
30388_2022-12-09,30388,2022-12-09,Friday
30099_2022-08-21,30099,2022-08-21,Sunday
30511_2022-09-27,30511,2022-09-27,Tuesday
30461_2022-11-01,30461,2022-11-01,Tuesday
31163_2022-10-19,31163,2022-10-19,Wednesday
31150_2022-12-20,31150,2022-12-20,Tuesday
30800_2023-01-12,30800,2023-01-12,Thursday
30434_2022-11-09,30434,2022-11-09,Wednesday
31295_2022-11-06,31295,2022-11-06,Sunday
30463_2022-09-26,30463,2022-09-26,Monday
30592_2022-11-10,30592,2022-11-10,Thursday
30053_2022-11-17,30053,2022-11-17,Thursday
30339_2022-12-07,30339,2022-12-07,Wednesday
30657_2022-11-03,30657,2022-11-03,Thursday
30010_2022-11-28,30010,2022-11-28,Monday
31085_2022-09-15,31085,2022-09-15,Thursday
31175_2022-08-25,31175,2022-08-25,Thursday
30633_2022-11-15,30633,2022-11-15,Tuesday
30663_2022-10-30,30663,2022-10-30,Sunday
30243_2022-08-26,30243,2022-08-26,Friday
30490_2022-11-13,30490,2022-11-13,Sunday
30872_2022-11-10,30872,2022-11-10,Thursday
30399_2022-11-24,30399,2022-11-24,Thursday
30803_2022-12-26,30803,2022-12-26,Monday
31308_2022-09-21,31308,2022-09-21,Wednesday
30007_2022-10-20,30007,2022-10-20,Thursday
31308_2022-09-14,31308,2022-09-14,Wednesday
30842_2022-11-11,30842,2022-11-11,Friday
30083_2022-12-15,30083,2022-12-15,Thursday
31017_2022-10-26,31017,2022-10-26,Wednesday
31022_2022-08-23,31022,2022-08-23,Tuesday
30366_2022-12-07,30366,2022-12-07,Wednesday
30872_2022-11-15,30872,2022-11-15,Tuesday
30505_2022-12-21,30505,2022-12-21,Wednesday
30819_2022-12-02,30819,2022-12-02,Friday
31023_2022-11-27,31023,2022-11-27,Sunday
31087_2022-08-23,31087,2022-08-23,Tuesday
30448_2022-10-18,30448,2022-10-18,Tuesday
30074_2022-08-14,30074,2022-08-14,Sunday
30650_2022-12-07,30650,2022-12-07,Wednesday
30544_2022-10-26,30544,2022-10-26,Wednesday
31055_2022-09-27,31055,2022-09-27,Tuesday
31085_2022-10-11,31085,2022-10-11,Tuesday
30116_2022-07-21,30116,2022-07-21,Thursday
30819_2022-12-14,30819,2022-12-14,Wednesday
31044_2022-11-22,31044,2022-11-22,Tuesday
30681_2022-12-01,30681,2022-12-01,Thursday
30148_2022-12-28,30148,2022-12-28,Wednesday
30650_2022-12-20,30650,2022-12-20,Tuesday
30760_2022-12-04,30760,2022-12-04,Sunday
30080_2022-07-27,30080,2022-07-27,Wednesday
30724_2022-11-01,30724,2022-11-01,Tuesday
30685_2022-12-07,30685,2022-12-07,Wednesday
30905_2022-09-11,30905,2022-09-11,Sunday
30746_2022-12-06,30746,2022-12-06,Tuesday
30342_2022-10-08,30342,2022-10-08,Saturday
30303_2022-11-04,30303,2022-11-04,Friday
30903_2022-11-30,30903,2022-11-30,Wednesday
31002_2022-12-09,31002,2022-12-09,Friday
30055_2022-10-14,30055,2022-10-14,Friday
30323_2023-01-20,30323,2023-01-20,Friday
30538_2022-11-09,30538,2022-11-09,Wednesday
31251_2022-11-30,31251,2022-11-30,Wednesday
30064_2023-01-02,30064,2023-01-02,Monday
31248_2022-11-24,31248,2022-11-24,Thursday
30429_2022-12-15,30429,2022-12-15,Thursday
30878_2022-08-19,30878,2022-08-19,Friday
30119_2022-09-16,30119,2022-09-16,Friday
30076_2022-09-16,30076,2022-09-16,Friday
30718_2022-10-29,30718,2022-10-29,Saturday
31297_2022-07-31,31297,2022-07-31,Sunday
31085_2022-10-13,31085,2022-10-13,Thursday
30180_2023-01-04,30180,2023-01-04,Wednesday
30796_2022-11-24,30796,2022-11-24,Thursday
30948_2023-01-15,30948,2023-01-15,Sunday
30872_2022-11-16,30872,2022-11-16,Wednesday
31145_2022-11-09,31145,2022-11-09,Wednesday
30203_2022-10-01,30203,2022-10-01,Saturday
31071_2022-11-11,31071,2022-11-11,Friday
30530_2022-09-04,30530,2022-09-04,Sunday
30339_2022-12-05,30339,2022-12-05,Monday
30981_2022-08-19,30981,2022-08-19,Friday
31014_2022-12-14,31014,2022-12-14,Wednesday
31163_2022-10-26,31163,2022-10-26,Wednesday
30316_2023-01-08,30316,2023-01-08,Sunday
30430_2022-09-25,30430,2022-09-25,Sunday
30413_2022-10-31,30413,2022-10-31,Monday
30403_2022-12-12,30403,2022-12-12,Monday
30741_2022-12-06,30741,2022-12-06,Tuesday
30113_2022-11-22,30113,2022-11-22,Tuesday
30171_2022-12-01,30171,2022-12-01,Thursday
30373_2022-12-12,30373,2022-12-12,Monday
30151_2022-08-19,30151,2022-08-19,Friday
30728_2022-11-17,30728,2022-11-17,Thursday
30339_2022-12-13,30339,2022-12-13,Tuesday
30184_2022-09-20,30184,2022-09-20,Tuesday
31029_2022-12-11,31029,2022-12-11,Sunday
30567_2022-11-28,30567,2022-11-28,Monday
30012_2022-08-09,30012,2022-08-09,Tuesday
31080_2022-09-21,31080,2022-09-21,Wednesday
30176_2022-09-06,30176,2022-09-06,Tuesday
30147_2022-11-18,30147,2022-11-18,Friday
30785_2022-11-23,30785,2022-11-23,Wednesday
30214_2022-08-15,30214,2022-08-15,Monday
30371_2022-11-26,30371,2022-11-26,Saturday
30444_2022-09-16,30444,2022-09-16,Friday
30045_2022-11-09,30045,2022-11-09,Wednesday
30969_2022-10-24,30969,2022-10-24,Monday
30236_2022-10-14,30236,2022-10-14,Friday
31101_2022-11-25,31101,2022-11-25,Friday
31076_2022-10-16,31076,2022-10-16,Sunday
30009_2022-09-14,30009,2022-09-14,Wednesday
31047_2022-11-10,31047,2022-11-10,Thursday
30185_2022-11-30,30185,2022-11-30,Wednesday
31158_2022-12-20,31158,2022-12-20,Tuesday
30695_2022-11-14,30695,2022-11-14,Monday
30211_2022-11-16,30211,2022-11-16,Wednesday
30093_2023-01-05,30093,2023-01-05,Thursday
31055_2022-09-13,31055,2022-09-13,Tuesday
31196_2022-11-16,31196,2022-11-16,Wednesday
31277_2022-10-31,31277,2022-10-31,Monday
30974_2022-12-20,30974,2022-12-20,Tuesday
30617_2022-11-13,30617,2022-11-13,Sunday
30184_2022-09-26,30184,2022-09-26,Monday
31171_2022-10-26,31171,2022-10-26,Wednesday
30055_2022-10-20,30055,2022-10-20,Thursday
30433_2022-11-03,30433,2022-11-03,Thursday
31274_2022-12-06,31274,2022-12-06,Tuesday
30878_2022-09-14,30878,2022-09-14,Wednesday
30808_2022-11-03,30808,2022-11-03,Thursday
31201_2022-12-22,31201,2022-12-22,Thursday
30556_2023-02-09,30556,2023-02-09,Thursday
30180_2022-12-19,30180,2022-12-19,Monday
30026_2022-12-20,30026,2022-12-20,Tuesday
31114_2022-10-29,31114,2022-10-29,Saturday
30511_2022-09-20,30511,2022-09-20,Tuesday
30601_2022-09-07,30601,2022-09-07,Wednesday
30903_2022-12-13,30903,2022-12-13,Tuesday
30119_2022-09-04,30119,2022-09-04,Sunday
31313_2022-09-08,31313,2022-09-08,Thursday
31055_2022-09-12,31055,2022-09-12,Monday
30074_2022-08-18,30074,2022-08-18,Thursday
30704_2022-11-30,30704,2022-11-30,Wednesday
30317_2022-11-17,30317,2022-11-17,Thursday
31260_2022-11-14,31260,2022-11-14,Monday
30177_2022-11-22,30177,2022-11-22,Tuesday
30538_2022-11-04,30538,2022-11-04,Friday
31027_2022-11-22,31027,2022-11-22,Tuesday
31302_2022-11-24,31302,2022-11-24,Thursday
30630_2022-11-14,30630,2022-11-14,Monday
30203_2022-09-27,30203,2022-09-27,Tuesday
31187_2022-11-30,31187,2022-11-30,Wednesday
30252_2023-01-09,30252,2023-01-09,Monday
30013_2022-11-07,30013,2022-11-07,Monday
31134_2022-10-12,31134,2022-10-12,Wednesday
30592_2022-11-23,30592,2022-11-23,Wednesday
31196_2022-11-22,31196,2022-11-22,Tuesday
30211_2022-11-13,30211,2022-11-13,Sunday
30316_2023-01-03,30316,2023-01-03,Tuesday
30989_2022-12-15,30989,2022-12-15,Thursday
30366_2022-11-21,30366,2022-11-21,Monday
30630_2022-11-23,30630,2022-11-23,Wednesday
30872_2022-11-11,30872,2022-11-11,Friday
30905_2022-09-27,30905,2022-09-27,Tuesday
30049_2022-12-08,30049,2022-12-08,Thursday
30736_2022-12-03,30736,2022-12-03,Saturday
30250_2022-11-21,30250,2022-11-21,Monday
30339_2022-12-12,30339,2022-12-12,Monday
30848_2022-11-07,30848,2022-11-07,Monday
31112_2022-12-19,31112,2022-12-19,Monday
30728_2022-11-25,30728,2022-11-25,Friday
30694_2022-09-06,30694,2022-09-06,Tuesday
30272_2022-11-17,30272,2022-11-17,Thursday
31055_2022-09-19,31055,2022-09-19,Monday
30887_2023-01-21,30887,2023-01-21,Saturday
30252_2023-01-04,30252,2023-01-04,Wednesday
30490_2022-11-17,30490,2022-11-17,Thursday
31251_2022-12-16,31251,2022-12-16,Friday
30872_2022-11-25,30872,2022-11-25,Friday
30817_2022-11-02,30817,2022-11-02,Wednesday
31178_2022-08-16,31178,2022-08-16,Tuesday
31212_2022-10-18,31212,2022-10-18,Tuesday
30018_2022-08-23,30018,2022-08-23,Tuesday
30092_2022-11-25,30092,2022-11-25,Friday
30922_2022-11-17,30922,2022-11-17,Thursday
31006_2022-12-18,31006,2022-12-18,Sunday
31101_2022-11-22,31101,2022-11-22,Tuesday
30835_2022-11-21,30835,2022-11-21,Monday
30318_2022-09-01,30318,2022-09-01,Thursday
30057_2022-08-11,30057,2022-08-11,Thursday
30012_2022-08-05,30012,2022-08-05,Friday
30401_2022-11-28,30401,2022-11-28,Monday
31245_2022-08-15,31245,2022-08-15,Monday
30151_2022-08-05,30151,2022-08-05,Friday
31000_2022-12-22,31000,2022-12-22,Thursday
30433_2022-11-18,30433,2022-11-18,Friday
31261_2022-12-28,31261,2022-12-28,Wednesday
30694_2022-08-26,30694,2022-08-26,Friday
30042_2023-01-03,30042,2023-01-03,Tuesday
30800_2023-01-11,30800,2023-01-11,Wednesday
30372_2022-12-11,30372,2022-12-11,Sunday
30431_2022-12-22,30431,2022-12-22,Thursday
30222_2022-10-10,30222,2022-10-10,Monday
30350_2022-10-14,30350,2022-10-14,Friday
31093_2022-10-26,31093,2022-10-26,Wednesday
30394_2022-11-29,30394,2022-11-29,Tuesday
30830_2022-11-21,30830,2022-11-21,Monday
30345_2022-11-14,30345,2022-11-14,Monday
31101_2022-11-16,31101,2022-11-16,Wednesday
30544_2022-11-02,30544,2022-11-02,Wednesday
30076_2022-09-01,30076,2022-09-01,Thursday
30327_2022-11-30,30327,2022-11-30,Wednesday
30205_2022-12-08,30205,2022-12-08,Thursday
30670_2022-12-21,30670,2022-12-21,Wednesday
30749_2022-12-01,30749,2022-12-01,Thursday
30769_2022-10-28,30769,2022-10-28,Friday
30687_2022-10-20,30687,2022-10-20,Thursday
30026_2022-12-29,30026,2022-12-29,Thursday
30013_2022-11-06,30013,2022-11-06,Sunday
30246_2022-08-08,30246,2022-08-08,Monday
30224_2022-11-03,30224,2022-11-03,Thursday
30922_2022-11-03,30922,2022-11-03,Thursday
30222_2022-10-12,30222,2022-10-12,Wednesday
30489_2022-08-17,30489,2022-08-17,Wednesday
30800_2023-01-04,30800,2023-01-04,Wednesday
30140_2022-11-17,30140,2022-11-17,Thursday
30605_2022-12-21,30605,2022-12-21,Wednesday
31308_2022-09-06,31308,2022-09-06,Tuesday
30670_2022-12-24,30670,2022-12-24,Saturday
30769_2022-11-08,30769,2022-11-08,Tuesday
30704_2022-11-16,30704,2022-11-16,Wednesday
30118_2022-11-22,30118,2022-11-22,Tuesday
31237_2022-11-30,31237,2022-11-30,Wednesday
30803_2022-12-22,30803,2022-12-22,Thursday
31084_2022-10-11,31084,2022-10-11,Tuesday
31112_2023-01-03,31112,2023-01-03,Tuesday
30399_2022-12-22,30399,2022-12-22,Thursday
30012_2022-08-07,30012,2022-08-07,Sunday
30136_2022-11-14,30136,2022-11-14,Monday
31087_2022-08-08,31087,2022-08-08,Monday
30741_2022-11-28,30741,2022-11-28,Monday
30515_2022-10-06,30515,2022-10-06,Thursday
30010_2022-11-08,30010,2022-11-08,Tuesday
30089_2022-11-28,30089,2022-11-28,Monday
31263_2022-12-30,31263,2022-12-30,Friday
30450_2022-09-13,30450,2022-09-13,Tuesday
30694_2022-08-24,30694,2022-08-24,Wednesday
31074_2022-08-15,31074,2022-08-15,Monday
30794_2022-12-02,30794,2022-12-02,Friday
30848_2022-11-23,30848,2022-11-23,Wednesday
31292_2022-11-11,31292,2022-11-11,Friday
31034_2022-11-07,31034,2022-11-07,Monday
30822_2022-12-15,30822,2022-12-15,Thursday
30089_2022-11-11,30089,2022-11-11,Friday
30687_2022-10-25,30687,2022-10-25,Tuesday
30115_2022-09-16,30115,2022-09-16,Friday
30235_2022-11-11,30235,2022-11-11,Friday
31002_2022-12-08,31002,2022-12-08,Thursday
30193_2022-10-30,30193,2022-10-30,Sunday
30010_2022-11-23,30010,2022-11-23,Wednesday
30728_2022-11-23,30728,2022-11-23,Wednesday
30099_2022-09-08,30099,2022-09-08,Thursday
30294_2023-01-16,30294,2023-01-16,Monday
30922_2022-11-21,30922,2022-11-21,Monday
30670_2022-12-28,30670,2022-12-28,Wednesday
30053_2022-11-22,30053,2022-11-22,Tuesday
30583_2022-10-04,30583,2022-10-04,Tuesday
30932_2022-10-17,30932,2022-10-17,Monday
30473_2022-12-14,30473,2022-12-14,Wednesday
31104_2022-12-06,31104,2022-12-06,Tuesday
30989_2022-12-20,30989,2022-12-20,Tuesday
30044_2022-08-28,30044,2022-08-28,Sunday
30089_2022-11-12,30089,2022-11-12,Saturday
30905_2022-09-21,30905,2022-09-21,Wednesday
31085_2022-09-29,31085,2022-09-29,Thursday
30401_2022-11-10,30401,2022-11-10,Thursday
31237_2022-11-25,31237,2022-11-25,Friday
30803_2022-12-09,30803,2022-12-09,Friday
30042_2023-01-13,30042,2023-01-13,Friday
30442_2022-12-05,30442,2022-12-05,Monday
30369_2022-11-01,30369,2022-11-01,Tuesday
30167_2022-11-04,30167,2022-11-04,Friday
30704_2022-11-27,30704,2022-11-27,Sunday
31034_2022-11-01,31034,2022-11-01,Tuesday
30782_2022-11-28,30782,2022-11-28,Monday
30229_2022-09-14,30229,2022-09-14,Wednesday
30180_2022-12-27,30180,2022-12-27,Tuesday
30422_2022-12-05,30422,2022-12-05,Monday
30502_2022-11-17,30502,2022-11-17,Thursday
30351_2022-11-15,30351,2022-11-15,Tuesday
30785_2022-11-29,30785,2022-11-29,Tuesday
30176_2022-09-23,30176,2022-09-23,Friday
30099_2022-09-07,30099,2022-09-07,Wednesday
30013_2022-11-09,30013,2022-11-09,Wednesday
30896_2022-09-09,30896,2022-09-09,Friday
30502_2022-11-12,30502,2022-11-12,Saturday
30905_2022-09-24,30905,2022-09-24,Saturday
31094_2023-01-09,31094,2023-01-09,Monday
30399_2022-11-23,30399,2022-11-23,Wednesday
30803_2022-12-27,30803,2022-12-27,Tuesday
30045_2022-11-02,30045,2022-11-02,Wednesday
30553_2022-10-22,30553,2022-10-22,Saturday
31017_2022-10-24,31017,2022-10-24,Monday
30905_2022-09-28,30905,2022-09-28,Wednesday
30681_2022-12-12,30681,2022-12-12,Monday
30724_2022-10-15,30724,2022-10-15,Saturday
30310_2022-09-27,30310,2022-09-27,Tuesday
31251_2022-11-29,31251,2022-11-29,Tuesday
30013_2022-10-24,30013,2022-10-24,Monday
30845_2022-12-08,30845,2022-12-08,Thursday
30382_2022-08-13,30382,2022-08-13,Saturday
30860_2022-10-10,30860,2022-10-10,Monday
30418_2022-11-02,30418,2022-11-02,Wednesday
31161_2022-12-08,31161,2022-12-08,Thursday
30693_2022-11-14,30693,2022-11-14,Monday
30235_2022-11-14,30235,2022-11-14,Monday
30567_2022-11-21,30567,2022-11-21,Monday
30657_2022-11-24,30657,2022-11-24,Thursday
30878_2022-08-24,30878,2022-08-24,Wednesday
30957_2022-08-08,30957,2022-08-08,Monday
31096_2023-01-29,31096,2023-01-29,Sunday
30729_2022-11-18,30729,2022-11-18,Friday
30795_2022-09-06,30795,2022-09-06,Tuesday
30948_2022-12-29,30948,2022-12-29,Thursday
30980_2022-11-12,30980,2022-11-12,Saturday
30803_2022-12-19,30803,2022-12-19,Monday
30889_2022-11-08,30889,2022-11-08,Tuesday
30196_2022-09-03,30196,2022-09-03,Saturday
30631_2022-10-27,30631,2022-10-27,Thursday
30222_2022-11-02,30222,2022-11-02,Wednesday
30831_2022-08-08,30831,2022-08-08,Monday
30252_2023-01-07,30252,2023-01-07,Saturday
31000_2022-11-30,31000,2022-11-30,Wednesday
30835_2022-10-31,30835,2022-10-31,Monday
31244_2022-10-27,31244,2022-10-27,Thursday
30862_2022-11-14,30862,2022-11-14,Monday
30555_2022-12-16,30555,2022-12-16,Friday
30458_2023-01-12,30458,2023-01-12,Thursday
30016_2022-12-04,30016,2022-12-04,Sunday
30109_2022-12-14,30109,2022-12-14,Wednesday
31260_2022-11-24,31260,2022-11-24,Thursday
31293_2022-11-18,31293,2022-11-18,Friday
30217_2022-11-01,30217,2022-11-01,Tuesday
30167_2022-10-14,30167,2022-10-14,Friday
30913_2022-11-12,30913,2022-11-12,Saturday
30591_2023-01-02,30591,2023-01-02,Monday
30369_2022-10-11,30369,2022-10-11,Tuesday
30464_2022-12-24,30464,2022-12-24,Saturday
30180_2022-12-29,30180,2022-12-29,Thursday
30398_2022-09-09,30398,2022-09-09,Friday
30278_2022-11-20,30278,2022-11-20,Sunday
30591_2023-01-03,30591,2023-01-03,Tuesday
30782_2022-11-06,30782,2022-11-06,Sunday
30697_2022-10-17,30697,2022-10-17,Monday
30553_2022-09-27,30553,2022-09-27,Tuesday
30345_2022-10-31,30345,2022-10-31,Monday
30008_2022-11-30,30008,2022-11-30,Wednesday
31034_2022-11-02,31034,2022-11-02,Wednesday
31000_2022-12-08,31000,2022-12-08,Thursday
30636_2022-11-11,30636,2022-11-11,Friday
30081_2022-12-02,30081,2022-12-02,Friday
30735_2022-11-03,30735,2022-11-03,Thursday
30161_2022-11-20,30161,2022-11-20,Sunday
30685_2022-11-23,30685,2022-11-23,Wednesday
31245_2022-08-27,31245,2022-08-27,Saturday
30718_2022-11-10,30718,2022-11-10,Thursday
30038_2022-11-15,30038,2022-11-15,Tuesday
31083_2022-11-16,31083,2022-11-16,Wednesday
30685_2022-12-01,30685,2022-12-01,Thursday
30872_2022-11-17,30872,2022-11-17,Thursday
30948_2023-01-14,30948,2023-01-14,Saturday
30396_2022-09-13,30396,2022-09-13,Tuesday
30147_2022-11-17,30147,2022-11-17,Thursday
30704_2022-12-02,30704,2022-12-02,Friday
31240_2022-12-20,31240,2022-12-20,Tuesday
31145_2022-11-20,31145,2022-11-20,Sunday
30109_2022-12-07,30109,2022-12-07,Wednesday
31158_2022-12-21,31158,2022-12-21,Wednesday
31224_2022-09-06,31224,2022-09-06,Tuesday
30385_2022-09-14,30385,2022-09-14,Wednesday
30350_2022-10-22,30350,2022-10-22,Saturday
30889_2022-11-10,30889,2022-11-10,Thursday
31186_2022-11-10,31186,2022-11-10,Thursday
30403_2022-12-07,30403,2022-12-07,Wednesday
31194_2022-12-12,31194,2022-12-12,Monday
30366_2022-11-18,30366,2022-11-18,Friday
30115_2022-09-21,30115,2022-09-21,Wednesday
30277_2022-08-16,30277,2022-08-16,Tuesday
30217_2022-11-05,30217,2022-11-05,Saturday
30089_2022-11-23,30089,2022-11-23,Wednesday
30200_2022-09-04,30200,2022-09-04,Sunday
30388_2022-12-21,30388,2022-12-21,Wednesday
30502_2022-11-18,30502,2022-11-18,Friday
30313_2022-10-31,30313,2022-10-31,Monday
30803_2022-12-23,30803,2022-12-23,Friday
30327_2022-12-05,30327,2022-12-05,Monday
31260_2022-11-21,31260,2022-11-21,Monday
30151_2022-08-22,30151,2022-08-22,Monday
30278_2022-11-29,30278,2022-11-29,Tuesday
30426_2022-12-04,30426,2022-12-04,Sunday
30820_2022-11-18,30820,2022-11-18,Friday
30553_2022-10-21,30553,2022-10-21,Friday
30229_2022-09-27,30229,2022-09-27,Tuesday
31237_2022-11-18,31237,2022-11-18,Friday
31284_2022-09-09,31284,2022-09-09,Friday
30704_2022-11-18,30704,2022-11-18,Friday
31234_2022-09-28,31234,2022-09-28,Wednesday
30012_2022-08-08,30012,2022-08-08,Monday
30388_2022-12-23,30388,2022-12-23,Friday
31014_2022-12-05,31014,2022-12-05,Monday
30878_2022-09-02,30878,2022-09-02,Friday
31080_2022-10-06,31080,2022-10-06,Thursday
30848_2022-11-08,30848,2022-11-08,Tuesday
31163_2022-10-06,31163,2022-10-06,Thursday
30782_2022-11-26,30782,2022-11-26,Saturday
30448_2022-11-01,30448,2022-11-01,Tuesday
30057_2022-08-08,30057,2022-08-08,Monday
31186_2022-11-15,31186,2022-11-15,Tuesday
30782_2022-11-16,30782,2022-11-16,Wednesday
30693_2022-11-04,30693,2022-11-04,Friday
30583_2022-10-05,30583,2022-10-05,Wednesday
30521_2022-10-25,30521,2022-10-25,Tuesday
31074_2022-08-04,31074,2022-08-04,Thursday
30399_2022-11-25,30399,2022-11-25,Friday
30243_2022-09-02,30243,2022-09-02,Friday
31161_2022-12-13,31161,2022-12-13,Tuesday
31284_2022-08-31,31284,2022-08-31,Wednesday
31087_2022-08-05,31087,2022-08-05,Friday
30076_2022-09-12,30076,2022-09-12,Monday
30862_2022-12-04,30862,2022-12-04,Sunday
31260_2022-11-22,31260,2022-11-22,Tuesday
30234_2022-07-26,30234,2022-07-26,Tuesday
30068_2022-11-29,30068,2022-11-29,Tuesday
30306_2022-12-06,30306,2022-12-06,Tuesday
30265_2022-08-10,30265,2022-08-10,Wednesday
30583_2022-09-28,30583,2022-09-28,Wednesday
30388_2022-12-20,30388,2022-12-20,Tuesday
30080_2022-08-10,30080,2022-08-10,Wednesday
30064_2023-01-10,30064,2023-01-10,Tuesday
30842_2022-11-01,30842,2022-11-01,Tuesday
30605_2022-12-20,30605,2022-12-20,Tuesday
31295_2022-11-02,31295,2022-11-02,Wednesday
31202_2022-12-05,31202,2022-12-05,Monday
30464_2022-12-22,30464,2022-12-22,Thursday
31006_2022-12-21,31006,2022-12-21,Wednesday
30415_2022-11-21,30415,2022-11-21,Monday
30567_2022-11-24,30567,2022-11-24,Thursday
30620_2022-08-21,30620,2022-08-21,Sunday
31211_2022-10-19,31211,2022-10-19,Wednesday
31014_2022-12-04,31014,2022-12-04,Sunday
31125_2022-11-12,31125,2022-11-12,Saturday
30990_2022-12-15,30990,2022-12-15,Thursday
30092_2022-11-04,30092,2022-11-04,Friday
30385_2022-09-22,30385,2022-09-22,Thursday
30556_2023-01-25,30556,2023-01-25,Wednesday
30567_2022-12-05,30567,2022-12-05,Monday
30741_2022-11-29,30741,2022-11-29,Tuesday
31212_2022-10-24,31212,2022-10-24,Monday
30605_2022-12-28,30605,2022-12-28,Wednesday
30109_2022-12-15,30109,2022-12-15,Thursday
31284_2022-09-01,31284,2022-09-01,Thursday
30605_2022-12-09,30605,2022-12-09,Friday
31297_2022-08-03,31297,2022-08-03,Wednesday
30140_2022-11-15,30140,2022-11-15,Tuesday
30266_2022-12-16,30266,2022-12-16,Friday
30969_2022-11-07,30969,2022-11-07,Monday
30938_2022-08-13,30938,2022-08-13,Saturday
30294_2023-01-06,30294,2023-01-06,Friday
31248_2022-11-28,31248,2022-11-28,Monday
30320_2022-09-13,30320,2022-09-13,Tuesday
30530_2022-09-12,30530,2022-09-12,Monday
31187_2022-12-14,31187,2022-12-14,Wednesday
30103_2022-09-17,30103,2022-09-17,Saturday
30695_2022-11-11,30695,2022-11-11,Friday
30932_2022-10-25,30932,2022-10-25,Tuesday
30948_2022-12-27,30948,2022-12-27,Tuesday
30957_2022-08-10,30957,2022-08-10,Wednesday
30234_2022-08-10,30234,2022-08-10,Wednesday
31114_2022-11-08,31114,2022-11-08,Tuesday
31010_2022-10-30,31010,2022-10-30,Sunday
30327_2022-12-06,30327,2022-12-06,Tuesday
30782_2022-11-22,30782,2022-11-22,Tuesday
30847_2022-10-27,30847,2022-10-27,Thursday
30831_2022-08-04,30831,2022-08-04,Thursday
30481_2023-01-09,30481,2023-01-09,Monday
30889_2022-11-06,30889,2022-11-06,Sunday
31237_2022-11-24,31237,2022-11-24,Thursday
31094_2023-01-06,31094,2023-01-06,Friday
31187_2022-12-15,31187,2022-12-15,Thursday
31260_2022-11-15,31260,2022-11-15,Tuesday
30803_2022-12-28,30803,2022-12-28,Wednesday
30957_2022-08-24,30957,2022-08-24,Wednesday
30180_2022-12-14,30180,2022-12-14,Wednesday
30782_2022-11-17,30782,2022-11-17,Thursday
31170_2022-11-16,31170,2022-11-16,Wednesday
30942_2022-12-01,30942,2022-12-01,Thursday
30869_2022-12-13,30869,2022-12-13,Tuesday
30211_2022-11-10,30211,2022-11-10,Thursday
30995_2022-12-21,30995,2022-12-21,Wednesday
30922_2022-11-15,30922,2022-11-15,Tuesday
30080_2022-07-29,30080,2022-07-29,Friday
30705_2022-11-25,30705,2022-11-25,Friday
31116_2022-10-13,31116,2022-10-13,Thursday
30167_2022-10-27,30167,2022-10-27,Thursday
30277_2022-08-03,30277,2022-08-03,Wednesday
30026_2022-12-12,30026,2022-12-12,Monday
30896_2022-09-12,30896,2022-09-12,Monday
30211_2022-11-14,30211,2022-11-14,Monday
30704_2022-11-29,30704,2022-11-29,Tuesday
30403_2022-12-05,30403,2022-12-05,Monday
30200_2022-08-27,30200,2022-08-27,Saturday
30076_2022-09-25,30076,2022-09-25,Sunday
31244_2022-10-19,31244,2022-10-19,Wednesday
30335_2022-11-26,30335,2022-11-26,Saturday
30415_2022-11-17,30415,2022-11-17,Thursday
30769_2022-10-19,30769,2022-10-19,Wednesday
30274_2022-12-08,30274,2022-12-08,Thursday
31107_2023-01-12,31107,2023-01-12,Thursday
30177_2022-11-17,30177,2022-11-17,Thursday
31293_2022-11-25,31293,2022-11-25,Friday
31297_2022-08-12,31297,2022-08-12,Friday
30349_2022-10-09,30349,2022-10-09,Sunday
30544_2022-11-03,30544,2022-11-03,Thursday
30016_2022-12-08,30016,2022-12-08,Thursday
30203_2022-10-15,30203,2022-10-15,Saturday
30316_2023-01-04,30316,2023-01-04,Wednesday
30186_2022-11-04,30186,2022-11-04,Friday
30080_2022-08-09,30080,2022-08-09,Tuesday
30942_2022-11-17,30942,2022-11-17,Thursday
30712_2022-09-23,30712,2022-09-23,Friday
30342_2022-10-14,30342,2022-10-14,Friday
31274_2022-12-13,31274,2022-12-13,Tuesday
30925_2022-11-21,30925,2022-11-21,Monday
30803_2022-12-13,30803,2022-12-13,Tuesday
30750_2022-10-25,30750,2022-10-25,Tuesday
30382_2022-08-18,30382,2022-08-18,Thursday
30316_2023-01-07,30316,2023-01-07,Saturday
31025_2022-10-30,31025,2022-10-30,Sunday
30151_2022-08-03,30151,2022-08-03,Wednesday
31255_2022-08-10,31255,2022-08-10,Wednesday
30118_2022-11-17,30118,2022-11-17,Thursday
31003_2022-12-29,31003,2022-12-29,Thursday
30177_2022-10-25,30177,2022-10-25,Tuesday
30605_2022-12-15,30605,2022-12-15,Thursday
30724_2022-11-03,30724,2022-11-03,Thursday
30556_2023-02-06,30556,2023-02-06,Monday
30808_2022-11-24,30808,2022-11-24,Thursday
30458_2023-01-11,30458,2023-01-11,Wednesday
30785_2022-12-07,30785,2022-12-07,Wednesday
31306_2022-12-15,31306,2022-12-15,Thursday
31000_2022-12-15,31000,2022-12-15,Thursday
30403_2022-11-23,30403,2022-11-23,Wednesday
30028_2022-11-18,30028,2022-11-18,Friday
30921_2023-01-13,30921,2023-01-13,Friday
30693_2022-11-17,30693,2022-11-17,Thursday
31186_2022-11-28,31186,2022-11-28,Monday
30229_2022-09-15,30229,2022-09-15,Thursday
30342_2022-10-19,30342,2022-10-19,Wednesday
30026_2022-12-08,30026,2022-12-08,Thursday
31093_2022-10-25,31093,2022-10-25,Tuesday
30303_2022-10-20,30303,2022-10-20,Thursday
31234_2022-09-22,31234,2022-09-22,Thursday
31101_2022-11-10,31101,2022-11-10,Thursday
30236_2022-10-21,30236,2022-10-21,Friday
30903_2022-11-25,30903,2022-11-25,Friday
30192_2022-11-08,30192,2022-11-08,Tuesday
31087_2022-08-16,31087,2022-08-16,Tuesday
30555_2022-12-18,30555,2022-12-18,Sunday
30177_2022-11-03,30177,2022-11-03,Thursday
30945_2022-11-28,30945,2022-11-28,Monday
31221_2022-10-13,31221,2022-10-13,Thursday
30592_2022-11-21,30592,2022-11-21,Monday
30591_2023-01-04,30591,2023-01-04,Wednesday
30591_2023-01-11,30591,2023-01-11,Wednesday
30515_2022-10-07,30515,2022-10-07,Friday
30530_2022-08-29,30530,2022-08-29,Monday
31087_2022-08-24,31087,2022-08-24,Wednesday
30922_2022-11-23,30922,2022-11-23,Wednesday
30847_2022-10-18,30847,2022-10-18,Tuesday
30704_2022-11-14,30704,2022-11-14,Monday
30695_2022-11-16,30695,2022-11-16,Wednesday
31084_2022-10-30,31084,2022-10-30,Sunday
30119_2022-09-06,30119,2022-09-06,Tuesday
31274_2022-12-18,31274,2022-12-18,Sunday
31134_2022-11-01,31134,2022-11-01,Tuesday
30385_2022-09-15,30385,2022-09-15,Thursday
30028_2022-10-30,30028,2022-10-30,Sunday
30435_2022-12-17,30435,2022-12-17,Saturday
31002_2022-12-23,31002,2022-12-23,Friday
30741_2022-11-30,30741,2022-11-30,Wednesday
30214_2022-08-01,30214,2022-08-01,Monday
30184_2022-09-28,30184,2022-09-28,Wednesday
30800_2022-12-27,30800,2022-12-27,Tuesday
30617_2022-11-10,30617,2022-11-10,Thursday
30362_2022-10-11,30362,2022-10-11,Tuesday
30042_2023-01-12,30042,2023-01-12,Thursday
30733_2023-01-10,30733,2023-01-10,Tuesday
30750_2022-11-03,30750,2022-11-03,Thursday
30905_2022-09-04,30905,2022-09-04,Sunday
30168_2022-09-20,30168,2022-09-20,Tuesday
31071_2022-10-27,31071,2022-10-27,Thursday
30905_2022-09-19,30905,2022-09-19,Monday
31029_2023-01-04,31029,2023-01-04,Wednesday
30769_2022-10-29,30769,2022-10-29,Saturday
30921_2023-01-11,30921,2023-01-11,Wednesday
30822_2022-11-29,30822,2022-11-29,Tuesday
30429_2022-12-13,30429,2022-12-13,Tuesday
30149_2022-10-01,30149,2022-10-01,Saturday
30080_2022-07-26,30080,2022-07-26,Tuesday
30878_2022-09-01,30878,2022-09-01,Thursday
30385_2022-09-18,30385,2022-09-18,Sunday
30231_2022-12-30,30231,2022-12-30,Friday
30957_2022-08-17,30957,2022-08-17,Wednesday
30556_2023-01-24,30556,2023-01-24,Tuesday
30749_2022-11-24,30749,2022-11-24,Thursday
31293_2022-11-23,31293,2022-11-23,Wednesday
30433_2022-11-30,30433,2022-11-30,Wednesday
30860_2022-10-11,30860,2022-10-11,Tuesday
30695_2022-11-15,30695,2022-11-15,Tuesday
30169_2022-10-24,30169,2022-10-24,Monday
31087_2022-08-20,31087,2022-08-20,Saturday
30542_2022-11-03,30542,2022-11-03,Thursday
30444_2022-09-01,30444,2022-09-01,Thursday
31295_2022-11-08,31295,2022-11-08,Tuesday
31224_2022-09-07,31224,2022-09-07,Wednesday
30386_2022-11-23,30386,2022-11-23,Wednesday
31002_2022-12-22,31002,2022-12-22,Thursday
30827_2022-12-07,30827,2022-12-07,Wednesday
30303_2022-11-10,30303,2022-11-10,Thursday
30419_2022-10-05,30419,2022-10-05,Wednesday
30401_2022-11-17,30401,2022-11-17,Thursday
31027_2022-11-29,31027,2022-11-29,Tuesday
30199_2022-11-28,30199,2022-11-28,Monday
30113_2022-11-24,30113,2022-11-24,Thursday
30922_2022-11-01,30922,2022-11-01,Tuesday
30151_2022-08-08,30151,2022-08-08,Monday
30013_2022-11-03,30013,2022-11-03,Thursday
30168_2022-09-08,30168,2022-09-08,Thursday
30803_2022-12-14,30803,2022-12-14,Wednesday
30184_2022-08-31,30184,2022-08-31,Wednesday
30887_2023-01-23,30887,2023-01-23,Monday
31305_2022-11-09,31305,2022-11-09,Wednesday
30419_2022-09-16,30419,2022-09-16,Friday
30190_2022-09-14,30190,2022-09-14,Wednesday
31301_2022-11-11,31301,2022-11-11,Friday
30989_2022-12-16,30989,2022-12-16,Friday
31027_2022-12-13,31027,2022-12-13,Tuesday
30735_2022-11-16,30735,2022-11-16,Wednesday
30168_2022-09-19,30168,2022-09-19,Monday
30231_2022-12-28,30231,2022-12-28,Wednesday
31116_2022-10-14,31116,2022-10-14,Friday
31085_2022-09-22,31085,2022-09-22,Thursday
30439_2022-11-29,30439,2022-11-29,Tuesday
31274_2022-12-12,31274,2022-12-12,Monday
30435_2022-12-01,30435,2022-12-01,Thursday
30205_2022-12-16,30205,2022-12-16,Friday
30728_2022-11-30,30728,2022-11-30,Wednesday
30948_2023-01-16,30948,2023-01-16,Monday
30116_2022-07-20,30116,2022-07-20,Wednesday
31094_2022-12-15,31094,2022-12-15,Thursday
30677_2022-11-09,30677,2022-11-09,Wednesday
30199_2022-11-22,30199,2022-11-22,Tuesday
30008_2022-11-23,30008,2022-11-23,Wednesday
30796_2022-12-06,30796,2022-12-06,Tuesday
30248_2022-12-16,30248,2022-12-16,Friday
31313_2022-08-26,31313,2022-08-26,Friday
30435_2022-11-30,30435,2022-11-30,Wednesday
30398_2022-09-15,30398,2022-09-15,Thursday
31244_2022-11-07,31244,2022-11-07,Monday
30838_2022-12-15,30838,2022-12-15,Thursday
30808_2022-11-26,30808,2022-11-26,Saturday
31017_2022-10-19,31017,2022-10-19,Wednesday
30490_2022-11-05,30490,2022-11-05,Saturday
31126_2022-11-30,31126,2022-11-30,Wednesday
30990_2022-11-28,30990,2022-11-28,Monday
30167_2022-10-28,30167,2022-10-28,Friday
30688_2022-12-12,30688,2022-12-12,Monday
31085_2022-10-04,31085,2022-10-04,Tuesday
30633_2022-12-05,30633,2022-12-05,Monday
30203_2022-09-28,30203,2022-09-28,Wednesday
30448_2022-11-14,30448,2022-11-14,Monday
31096_2023-01-16,31096,2023-01-16,Monday
30435_2022-12-05,30435,2022-12-05,Monday
30869_2022-12-05,30869,2022-12-05,Monday
30076_2022-09-22,30076,2022-09-22,Thursday
30769_2022-10-25,30769,2022-10-25,Tuesday
30005_2022-11-13,30005,2022-11-13,Sunday
30236_2022-10-10,30236,2022-10-10,Monday
30184_2022-09-15,30184,2022-09-15,Thursday
30489_2022-08-19,30489,2022-08-19,Friday
30385_2022-09-23,30385,2022-09-23,Friday
30320_2022-09-10,30320,2022-09-10,Saturday
30303_2022-10-21,30303,2022-10-21,Friday
30430_2022-09-23,30430,2022-09-23,Friday
30010_2022-11-25,30010,2022-11-25,Friday
30769_2022-10-26,30769,2022-10-26,Wednesday
30685_2022-11-28,30685,2022-11-28,Monday
30327_2022-12-16,30327,2022-12-16,Friday
30351_2022-11-14,30351,2022-11-14,Monday
30313_2022-11-20,30313,2022-11-20,Sunday
30269_2022-12-09,30269,2022-12-09,Friday
31263_2023-01-11,31263,2023-01-11,Wednesday
30481_2022-12-22,30481,2022-12-22,Thursday
30620_2022-08-22,30620,2022-08-22,Monday
31071_2022-11-14,31071,2022-11-14,Monday
30196_2022-09-10,30196,2022-09-10,Saturday
31055_2022-09-08,31055,2022-09-08,Thursday
30384_2022-07-22,30384,2022-07-22,Friday
30704_2022-12-04,30704,2022-12-04,Sunday
31145_2022-11-27,31145,2022-11-27,Sunday
30803_2022-12-21,30803,2022-12-21,Wednesday
30769_2022-10-17,30769,2022-10-17,Monday
30114_2022-11-09,30114,2022-11-09,Wednesday
30012_2022-08-21,30012,2022-08-21,Sunday
31251_2022-12-15,31251,2022-12-15,Thursday
30211_2022-10-26,30211,2022-10-26,Wednesday
30083_2022-12-11,30083,2022-12-11,Sunday
31288_2022-12-11,31288,2022-12-11,Sunday
31295_2022-10-28,31295,2022-10-28,Friday
30435_2022-12-03,30435,2022-12-03,Saturday
30435_2022-12-14,30435,2022-12-14,Wednesday
31244_2022-11-01,31244,2022-11-01,Tuesday
30377_2022-10-30,30377,2022-10-30,Sunday
31186_2022-11-29,31186,2022-11-29,Tuesday
30005_2022-11-14,30005,2022-11-14,Monday
30439_2022-11-28,30439,2022-11-28,Monday
31071_2022-11-13,31071,2022-11-13,Sunday
30932_2022-10-18,30932,2022-10-18,Tuesday
30012_2022-08-26,30012,2022-08-26,Friday
30176_2022-09-08,30176,2022-09-08,Thursday
30180_2023-01-06,30180,2023-01-06,Friday
30317_2022-11-20,30317,2022-11-20,Sunday
30957_2022-08-29,30957,2022-08-29,Monday
31293_2022-11-22,31293,2022-11-22,Tuesday
30028_2022-11-05,30028,2022-11-05,Saturday
31295_2022-10-26,31295,2022-10-26,Wednesday
31085_2022-09-16,31085,2022-09-16,Friday
31044_2022-12-02,31044,2022-12-02,Friday
30467_2022-08-03,30467,2022-08-03,Wednesday
31205_2022-10-17,31205,2022-10-17,Monday
30316_2022-12-30,30316,2022-12-30,Friday
31112_2022-12-20,31112,2022-12-20,Tuesday
31305_2022-10-26,31305,2022-10-26,Wednesday
30057_2022-08-21,30057,2022-08-21,Sunday
31313_2022-09-01,31313,2022-09-01,Thursday
30502_2022-11-16,30502,2022-11-16,Wednesday
31237_2022-12-06,31237,2022-12-06,Tuesday
30903_2022-12-09,30903,2022-12-09,Friday
31049_2022-11-21,31049,2022-11-21,Monday
30083_2022-12-09,30083,2022-12-09,Friday
30011_2022-09-07,30011,2022-09-07,Wednesday
30180_2022-12-16,30180,2022-12-16,Friday
30229_2022-09-22,30229,2022-09-22,Thursday
30113_2022-11-23,30113,2022-11-23,Wednesday
30848_2022-11-24,30848,2022-11-24,Thursday
30695_2022-11-04,30695,2022-11-04,Friday
31308_2022-09-07,31308,2022-09-07,Wednesday
31196_2022-11-23,31196,2022-11-23,Wednesday
30945_2022-11-18,30945,2022-11-18,Friday
30190_2022-09-13,30190,2022-09-13,Tuesday
30450_2022-09-22,30450,2022-09-22,Thursday
31101_2022-11-09,31101,2022-11-09,Wednesday
30720_2022-12-15,30720,2022-12-15,Thursday
31146_2022-09-30,31146,2022-09-30,Friday
30785_2022-11-30,30785,2022-11-30,Wednesday
30617_2022-11-19,30617,2022-11-19,Saturday
30741_2022-11-14,30741,2022-11-14,Monday
30657_2022-11-07,30657,2022-11-07,Monday
30486_2022-11-19,30486,2022-11-19,Saturday
30741_2022-12-05,30741,2022-12-05,Monday
30444_2022-08-30,30444,2022-08-30,Tuesday
30433_2022-11-04,30433,2022-11-04,Friday
30403_2022-12-09,30403,2022-12-09,Friday
31000_2022-12-23,31000,2022-12-23,Friday
30706_2022-11-03,30706,2022-11-03,Thursday
30140_2022-11-18,30140,2022-11-18,Friday
31196_2022-11-15,31196,2022-11-15,Tuesday
30670_2022-12-16,30670,2022-12-16,Friday
31044_2022-12-01,31044,2022-12-01,Thursday
30388_2022-12-07,30388,2022-12-07,Wednesday
30059_2022-11-18,30059,2022-11-18,Friday
30278_2022-12-08,30278,2022-12-08,Thursday
31218_2022-09-30,31218,2022-09-30,Friday
31027_2022-12-06,31027,2022-12-06,Tuesday
31295_2022-10-25,31295,2022-10-25,Tuesday
30316_2023-01-06,30316,2023-01-06,Friday
30435_2022-12-13,30435,2022-12-13,Tuesday
30083_2022-12-14,30083,2022-12-14,Wednesday
31186_2022-11-09,31186,2022-11-09,Wednesday
30068_2022-11-28,30068,2022-11-28,Monday
30339_2022-12-15,30339,2022-12-15,Thursday
30116_2022-08-07,30116,2022-08-07,Sunday
30433_2022-11-24,30433,2022-11-24,Thursday
30009_2022-10-05,30009,2022-10-05,Wednesday
31229_2022-11-01,31229,2022-11-01,Tuesday
30064_2023-01-09,30064,2023-01-09,Monday
30339_2022-12-16,30339,2022-12-16,Friday
30318_2022-08-30,30318,2022-08-30,Tuesday
30184_2022-09-14,30184,2022-09-14,Wednesday
30822_2022-12-16,30822,2022-12-16,Friday
31288_2022-12-06,31288,2022-12-06,Tuesday
30140_2022-11-16,30140,2022-11-16,Wednesday
30872_2022-12-01,30872,2022-12-01,Thursday
30136_2022-11-15,30136,2022-11-15,Tuesday
31234_2022-10-14,31234,2022-10-14,Friday
31163_2022-11-02,31163,2022-11-02,Wednesday
30862_2022-11-30,30862,2022-11-30,Wednesday
30229_2022-09-13,30229,2022-09-13,Tuesday
31171_2022-10-21,31171,2022-10-21,Friday
31027_2022-12-02,31027,2022-12-02,Friday
30401_2022-11-24,30401,2022-11-24,Thursday
30450_2022-09-12,30450,2022-09-12,Monday
30026_2022-12-22,30026,2022-12-22,Thursday
30989_2022-12-21,30989,2022-12-21,Wednesday
30243_2022-09-05,30243,2022-09-05,Monday
30467_2022-08-16,30467,2022-08-16,Tuesday
30544_2022-10-29,30544,2022-10-29,Saturday
30690_2022-08-28,30690,2022-08-28,Sunday
30256_2022-11-10,30256,2022-11-10,Thursday
30558_2022-12-11,30558,2022-12-11,Sunday
30433_2022-11-28,30433,2022-11-28,Monday
31101_2022-11-03,31101,2022-11-03,Thursday
30896_2022-09-14,30896,2022-09-14,Wednesday
30724_2022-10-22,30724,2022-10-22,Saturday
31010_2022-11-13,31010,2022-11-13,Sunday
30053_2022-11-01,30053,2022-11-01,Tuesday
30530_2022-09-11,30530,2022-09-11,Sunday
31080_2022-09-22,31080,2022-09-22,Thursday
31161_2022-12-18,31161,2022-12-18,Sunday
30284_2022-09-03,30284,2022-09-03,Saturday
30760_2022-11-28,30760,2022-11-28,Monday
30439_2022-11-24,30439,2022-11-24,Thursday
30511_2022-09-22,30511,2022-09-22,Thursday
30063_2022-09-12,30063,2022-09-12,Monday
30699_2022-11-16,30699,2022-11-16,Wednesday
31293_2022-11-02,31293,2022-11-02,Wednesday
31084_2022-10-28,31084,2022-10-28,Friday
30010_2022-11-02,30010,2022-11-02,Wednesday
30433_2022-11-17,30433,2022-11-17,Thursday
30169_2022-10-12,30169,2022-10-12,Wednesday
30099_2022-09-01,30099,2022-09-01,Thursday
30685_2022-11-15,30685,2022-11-15,Tuesday
31034_2022-10-18,31034,2022-10-18,Tuesday
30388_2022-12-10,30388,2022-12-10,Saturday
30099_2022-09-10,30099,2022-09-10,Saturday
30294_2023-01-11,30294,2023-01-11,Wednesday
30168_2022-09-12,30168,2022-09-12,Monday
30317_2022-11-08,30317,2022-11-08,Tuesday
30177_2022-10-31,30177,2022-10-31,Monday
31010_2022-10-23,31010,2022-10-23,Sunday
30803_2022-12-20,30803,2022-12-20,Tuesday
30148_2022-12-30,30148,2022-12-30,Friday
30417_2022-10-03,30417,2022-10-03,Monday
30670_2022-12-22,30670,2022-12-22,Thursday
30464_2022-12-23,30464,2022-12-23,Friday
31260_2022-11-18,31260,2022-11-18,Friday
30657_2022-11-23,30657,2022-11-23,Wednesday
30830_2022-11-24,30830,2022-11-24,Thursday
30932_2022-11-08,30932,2022-11-08,Tuesday
30281_2022-12-13,30281,2022-12-13,Tuesday
30310_2022-09-19,30310,2022-09-19,Monday
30561_2022-11-17,30561,2022-11-17,Thursday
31029_2022-12-18,31029,2022-12-18,Sunday
30236_2022-10-17,30236,2022-10-17,Monday
30417_2022-10-10,30417,2022-10-10,Monday
31274_2022-12-11,31274,2022-12-11,Sunday
31161_2022-12-09,31161,2022-12-09,Friday
30114_2022-11-11,30114,2022-11-11,Friday
31163_2022-10-21,31163,2022-10-21,Friday
30010_2022-11-24,30010,2022-11-24,Thursday
30444_2022-09-12,30444,2022-09-12,Monday
30370_2022-09-06,30370,2022-09-06,Tuesday
30399_2022-12-09,30399,2022-12-09,Friday
30012_2022-08-10,30012,2022-08-10,Wednesday
30349_2022-10-12,30349,2022-10-12,Wednesday
30695_2022-11-13,30695,2022-11-13,Sunday
30848_2022-11-14,30848,2022-11-14,Monday
31313_2022-08-22,31313,2022-08-22,Monday
31260_2022-11-30,31260,2022-11-30,Wednesday
30310_2022-09-21,30310,2022-09-21,Wednesday
30430_2022-10-01,30430,2022-10-01,Saturday
30887_2023-01-19,30887,2023-01-19,Thursday
30922_2022-11-20,30922,2022-11-20,Sunday
31023_2022-12-22,31023,2022-12-22,Thursday
30631_2022-11-03,30631,2022-11-03,Thursday
30433_2022-11-16,30433,2022-11-16,Wednesday
30553_2022-10-05,30553,2022-10-05,Wednesday
30053_2022-10-31,30053,2022-10-31,Monday
30169_2022-10-21,30169,2022-10-21,Friday
31114_2022-10-28,31114,2022-10-28,Friday
30489_2022-08-11,30489,2022-08-11,Thursday
30454_2022-09-29,30454,2022-09-29,Thursday
30889_2022-11-09,30889,2022-11-09,Wednesday
30093_2023-01-07,30093,2023-01-07,Saturday
30180_2022-12-09,30180,2022-12-09,Friday
30835_2022-11-03,30835,2022-11-03,Thursday
30417_2022-10-25,30417,2022-10-25,Tuesday
31248_2022-12-08,31248,2022-12-08,Thursday
30119_2022-08-25,30119,2022-08-25,Thursday
31072_2022-11-03,31072,2022-11-03,Thursday
30796_2022-12-02,30796,2022-12-02,Friday
30081_2022-11-30,30081,2022-11-30,Wednesday
31101_2022-11-24,31101,2022-11-24,Thursday
30372_2022-12-21,30372,2022-12-21,Wednesday
30252_2023-01-12,30252,2023-01-12,Thursday
31006_2022-12-20,31006,2022-12-20,Tuesday
30149_2022-09-29,30149,2022-09-29,Thursday
31125_2022-11-10,31125,2022-11-10,Thursday
30149_2022-09-28,30149,2022-09-28,Wednesday
31094_2022-12-16,31094,2022-12-16,Friday
30502_2022-11-04,30502,2022-11-04,Friday
30835_2022-11-15,30835,2022-11-15,Tuesday
30516_2022-11-14,30516,2022-11-14,Monday
30951_2022-09-30,30951,2022-09-30,Friday
31297_2022-08-05,31297,2022-08-05,Friday
30894_2022-11-20,30894,2022-11-20,Sunday
31145_2022-11-23,31145,2022-11-23,Wednesday
30995_2022-12-06,30995,2022-12-06,Tuesday
30521_2022-10-28,30521,2022-10-28,Friday
30633_2022-11-29,30633,2022-11-29,Tuesday
30969_2022-10-25,30969,2022-10-25,Tuesday
31027_2022-11-30,31027,2022-11-30,Wednesday
30555_2022-12-06,30555,2022-12-06,Tuesday
30827_2022-12-20,30827,2022-12-20,Tuesday
30749_2022-11-25,30749,2022-11-25,Friday
31141_2022-08-18,31141,2022-08-18,Thursday
30636_2022-11-07,30636,2022-11-07,Monday
31212_2022-10-17,31212,2022-10-17,Monday
31114_2022-11-07,31114,2022-11-07,Monday
30685_2022-11-11,30685,2022-11-11,Friday
31263_2022-12-27,31263,2022-12-27,Tuesday
31166_2022-12-12,31166,2022-12-12,Monday
30511_2022-09-29,30511,2022-09-29,Thursday
30277_2022-08-14,30277,2022-08-14,Sunday
30246_2022-07-25,30246,2022-07-25,Monday
30430_2022-09-26,30430,2022-09-26,Monday
30895_2022-09-05,30895,2022-09-05,Monday
30008_2022-12-09,30008,2022-12-09,Friday
31194_2022-12-20,31194,2022-12-20,Tuesday
30217_2022-10-08,30217,2022-10-08,Saturday
31017_2022-10-27,31017,2022-10-27,Thursday
30704_2022-11-11,30704,2022-11-11,Friday
30317_2022-11-15,30317,2022-11-15,Tuesday
31010_2022-11-04,31010,2022-11-04,Friday
30064_2023-01-13,30064,2023-01-13,Friday
30169_2022-10-08,30169,2022-10-08,Saturday
31047_2022-11-14,31047,2022-11-14,Monday
30089_2022-11-22,30089,2022-11-22,Tuesday
31087_2022-08-11,31087,2022-08-11,Thursday
31263_2023-01-03,31263,2023-01-03,Tuesday
30948_2022-12-28,30948,2022-12-28,Wednesday
30997_2022-12-11,30997,2022-12-11,Sunday
30872_2022-11-21,30872,2022-11-21,Monday
30544_2022-11-14,30544,2022-11-14,Monday
30847_2022-10-17,30847,2022-10-17,Monday
30246_2022-08-17,30246,2022-08-17,Wednesday
30592_2022-11-16,30592,2022-11-16,Wednesday
31071_2022-11-06,31071,2022-11-06,Sunday
30500_2022-08-20,30500,2022-08-20,Saturday
30229_2022-09-21,30229,2022-09-21,Wednesday
30176_2022-09-15,30176,2022-09-15,Thursday
30808_2022-11-22,30808,2022-11-22,Tuesday
30450_2022-08-28,30450,2022-08-28,Sunday
30819_2022-12-09,30819,2022-12-09,Friday
30699_2022-11-15,30699,2022-11-15,Tuesday
30057_2022-08-17,30057,2022-08-17,Wednesday
30064_2022-12-23,30064,2022-12-23,Friday
30467_2022-07-29,30467,2022-07-29,Friday
30800_2023-01-03,30800,2023-01-03,Tuesday
30278_2022-11-14,30278,2022-11-14,Monday
30277_2022-08-02,30277,2022-08-02,Tuesday
30246_2022-08-12,30246,2022-08-12,Friday
30819_2022-11-21,30819,2022-11-21,Monday
31166_2022-12-01,31166,2022-12-01,Thursday
30168_2022-09-22,30168,2022-09-22,Thursday
30685_2022-11-21,30685,2022-11-21,Monday
30631_2022-11-17,30631,2022-11-17,Thursday
30171_2022-12-10,30171,2022-12-10,Saturday
30567_2022-11-15,30567,2022-11-15,Tuesday
30430_2022-09-13,30430,2022-09-13,Tuesday
30320_2022-09-12,30320,2022-09-12,Monday
30995_2022-12-08,30995,2022-12-08,Thursday
30308_2022-11-29,30308,2022-11-29,Tuesday
30538_2022-11-15,30538,2022-11-15,Tuesday
30372_2022-12-22,30372,2022-12-22,Thursday
30796_2022-12-04,30796,2022-12-04,Sunday
30905_2022-09-13,30905,2022-09-13,Tuesday
31161_2022-12-15,31161,2022-12-15,Thursday
30435_2022-12-07,30435,2022-12-07,Wednesday
30558_2022-12-05,30558,2022-12-05,Monday
31224_2022-09-11,31224,2022-09-11,Sunday
30769_2022-10-18,30769,2022-10-18,Tuesday
31085_2022-10-03,31085,2022-10-03,Monday
30183_2022-11-15,30183,2022-11-15,Tuesday
30685_2022-12-05,30685,2022-12-05,Monday
31211_2022-10-24,31211,2022-10-24,Monday
30591_2023-01-15,30591,2023-01-15,Sunday
31071_2022-11-04,31071,2022-11-04,Friday
30729_2022-12-05,30729,2022-12-05,Monday
30231_2022-12-25,30231,2022-12-25,Sunday
31085_2022-09-20,31085,2022-09-20,Tuesday
30712_2022-09-24,30712,2022-09-24,Saturday
30450_2022-09-11,30450,2022-09-11,Sunday
30872_2022-11-14,30872,2022-11-14,Monday
30099_2022-09-03,30099,2022-09-03,Saturday
30149_2022-10-08,30149,2022-10-08,Saturday
30567_2022-11-17,30567,2022-11-17,Thursday
30640_2022-10-27,30640,2022-10-27,Thursday
30174_2022-09-05,30174,2022-09-05,Monday
30415_2022-11-18,30415,2022-11-18,Friday
30151_2022-08-04,30151,2022-08-04,Thursday
30028_2022-11-14,30028,2022-11-14,Monday
30517_2022-11-30,30517,2022-11-30,Wednesday
30830_2022-11-28,30830,2022-11-28,Monday
30252_2023-01-10,30252,2023-01-10,Tuesday
30517_2022-11-09,30517,2022-11-09,Wednesday
30861_2022-11-18,30861,2022-11-18,Friday
30105_2022-10-12,30105,2022-10-12,Wednesday
30938_2022-08-15,30938,2022-08-15,Monday
30802_2022-12-22,30802,2022-12-22,Thursday
31025_2022-11-16,31025,2022-11-16,Wednesday
30109_2022-12-19,30109,2022-12-19,Monday
30450_2022-09-21,30450,2022-09-21,Wednesday
30342_2022-10-31,30342,2022-10-31,Monday
30099_2022-08-29,30099,2022-08-29,Monday
30820_2022-12-05,30820,2022-12-05,Monday
30349_2022-10-10,30349,2022-10-10,Monday
30238_2022-07-22,30238,2022-07-22,Friday
30415_2022-11-16,30415,2022-11-16,Wednesday
31137_2022-12-07,31137,2022-12-07,Wednesday
30658_2022-10-03,30658,2022-10-03,Monday
30016_2022-11-26,30016,2022-11-26,Saturday
30544_2022-11-07,30544,2022-11-07,Monday
30168_2022-09-26,30168,2022-09-26,Monday
30679_2022-10-26,30679,2022-10-26,Wednesday
30699_2022-11-19,30699,2022-11-19,Saturday
30118_2022-11-30,30118,2022-11-30,Wednesday
30794_2022-12-05,30794,2022-12-05,Monday
30168_2022-09-11,30168,2022-09-11,Sunday
31284_2022-08-27,31284,2022-08-27,Saturday
31072_2022-11-10,31072,2022-11-10,Thursday
30448_2022-10-20,30448,2022-10-20,Thursday
30536_2022-10-03,30536,2022-10-03,Monday
31248_2022-11-25,31248,2022-11-25,Friday
30796_2022-12-08,30796,2022-12-08,Thursday
30591_2023-01-13,30591,2023-01-13,Friday
31006_2022-11-30,31006,2022-11-30,Wednesday
31022_2022-08-22,31022,2022-08-22,Monday
30636_2022-11-08,30636,2022-11-08,Tuesday
31234_2022-09-26,31234,2022-09-26,Monday
31100_2022-12-15,31100,2022-12-15,Thursday
30317_2022-11-02,30317,2022-11-02,Wednesday
30008_2022-12-17,30008,2022-12-17,Saturday
30500_2022-08-10,30500,2022-08-10,Wednesday
30049_2022-12-02,30049,2022-12-02,Friday
30838_2022-12-14,30838,2022-12-14,Wednesday
30102_2022-10-28,30102,2022-10-28,Friday
31002_2022-12-29,31002,2022-12-29,Thursday
30600_2022-08-03,30600,2022-08-03,Wednesday
30313_2022-10-27,30313,2022-10-27,Thursday
30601_2022-09-01,30601,2022-09-01,Thursday
30177_2022-11-02,30177,2022-11-02,Wednesday
31166_2022-12-02,31166,2022-12-02,Friday
30749_2022-11-23,30749,2022-11-23,Wednesday
30989_2022-12-02,30989,2022-12-02,Friday
31137_2022-12-22,31137,2022-12-22,Thursday
30875_2022-08-24,30875,2022-08-24,Wednesday
30236_2022-10-24,30236,2022-10-24,Monday
30789_2022-08-15,30789,2022-08-15,Monday
30385_2022-09-28,30385,2022-09-28,Wednesday
30987_2022-08-22,30987,2022-08-22,Monday
30115_2022-09-28,30115,2022-09-28,Wednesday
31096_2023-01-17,31096,2023-01-17,Tuesday
30211_2022-11-09,30211,2022-11-09,Wednesday
30177_2022-10-27,30177,2022-10-27,Thursday
30167_2022-11-08,30167,2022-11-08,Tuesday
30515_2022-10-04,30515,2022-10-04,Tuesday
30229_2022-09-18,30229,2022-09-18,Sunday
30134_2023-02-02,30134,2023-02-02,Thursday
30932_2022-10-30,30932,2022-10-30,Sunday
30938_2022-08-23,30938,2022-08-23,Tuesday
30303_2022-10-28,30303,2022-10-28,Friday
31158_2023-01-10,31158,2023-01-10,Tuesday
31251_2022-12-23,31251,2022-12-23,Friday
30116_2022-07-29,30116,2022-07-29,Friday
30511_2022-09-21,30511,2022-09-21,Wednesday
30517_2022-11-25,30517,2022-11-25,Friday
31116_2022-10-07,31116,2022-10-07,Friday
31215_2022-07-28,31215,2022-07-28,Thursday
31080_2022-10-05,31080,2022-10-05,Wednesday
30728_2022-11-18,30728,2022-11-18,Friday
30168_2022-09-14,30168,2022-09-14,Wednesday
31274_2022-11-25,31274,2022-11-25,Friday
30226_2022-12-01,30226,2022-12-01,Thursday
30391_2022-09-27,30391,2022-09-27,Tuesday
30256_2022-11-22,30256,2022-11-22,Tuesday
30439_2022-11-17,30439,2022-11-17,Thursday
31240_2022-12-29,31240,2022-12-29,Thursday
30989_2022-12-08,30989,2022-12-08,Thursday
30981_2022-09-07,30981,2022-09-07,Wednesday
30327_2022-12-15,30327,2022-12-15,Thursday
30339_2022-12-14,30339,2022-12-14,Wednesday
30008_2022-12-12,30008,2022-12-12,Monday
31094_2022-12-13,31094,2022-12-13,Tuesday
30009_2022-10-01,30009,2022-10-01,Saturday
30769_2022-11-09,30769,2022-11-09,Wednesday
31207_2022-11-15,31207,2022-11-15,Tuesday
30140_2022-12-01,30140,2022-12-01,Thursday
30186_2022-11-30,30186,2022-11-30,Wednesday
30617_2022-11-14,30617,2022-11-14,Monday
30704_2022-12-01,30704,2022-12-01,Thursday
30538_2022-11-17,30538,2022-11-17,Thursday
31193_2022-10-25,31193,2022-10-25,Tuesday
30847_2022-10-24,30847,2022-10-24,Monday
31234_2022-09-16,31234,2022-09-16,Friday
30439_2022-11-06,30439,2022-11-06,Sunday
30310_2022-09-20,30310,2022-09-20,Tuesday
31029_2022-12-15,31029,2022-12-15,Thursday
31093_2022-11-16,31093,2022-11-16,Wednesday
31206_2022-09-04,31206,2022-09-04,Sunday
30597_2022-11-08,30597,2022-11-08,Tuesday
30997_2022-12-20,30997,2022-12-20,Tuesday
31021_2022-11-18,31021,2022-11-18,Friday
31237_2022-11-22,31237,2022-11-22,Tuesday
30008_2022-12-15,30008,2022-12-15,Thursday
31021_2022-11-22,31021,2022-11-22,Tuesday
30932_2022-11-13,30932,2022-11-13,Sunday
30403_2022-12-02,30403,2022-12-02,Friday
30729_2022-11-21,30729,2022-11-21,Monday
30530_2022-09-07,30530,2022-09-07,Wednesday
31002_2022-12-06,31002,2022-12-06,Tuesday
30026_2022-12-26,30026,2022-12-26,Monday
30063_2022-09-08,30063,2022-09-08,Thursday
30995_2022-12-23,30995,2022-12-23,Friday
30119_2022-08-26,30119,2022-08-26,Friday
30808_2022-10-30,30808,2022-10-30,Sunday
30865_2022-10-27,30865,2022-10-27,Thursday
30433_2022-11-25,30433,2022-11-25,Friday
30385_2022-09-03,30385,2022-09-03,Saturday
30317_2022-11-04,30317,2022-11-04,Friday
30448_2022-11-15,30448,2022-11-15,Tuesday
31017_2022-11-03,31017,2022-11-03,Thursday
31116_2022-10-19,31116,2022-10-19,Wednesday
31163_2022-11-03,31163,2022-11-03,Thursday
31087_2022-08-15,31087,2022-08-15,Monday
30151_2022-08-06,30151,2022-08-06,Saturday
30074_2022-08-19,30074,2022-08-19,Friday
31070_2022-09-30,31070,2022-09-30,Friday
30268_2022-11-29,30268,2022-11-29,Tuesday
30083_2022-12-02,30083,2022-12-02,Friday
30796_2022-11-29,30796,2022-11-29,Tuesday
30848_2022-11-10,30848,2022-11-10,Thursday
31288_2022-12-14,31288,2022-12-14,Wednesday
30386_2022-12-02,30386,2022-12-02,Friday
31251_2022-12-02,31251,2022-12-02,Friday
30174_2022-09-19,30174,2022-09-19,Monday
30161_2022-11-10,30161,2022-11-10,Thursday
30502_2022-11-09,30502,2022-11-09,Wednesday
31084_2022-10-24,31084,2022-10-24,Monday
31295_2022-11-07,31295,2022-11-07,Monday
30633_2022-12-02,30633,2022-12-02,Friday
30433_2022-11-08,30433,2022-11-08,Tuesday
31040_2022-11-30,31040,2022-11-30,Wednesday
30080_2022-08-02,30080,2022-08-02,Tuesday
30517_2022-11-23,30517,2022-11-23,Wednesday
30118_2022-11-21,30118,2022-11-21,Monday
31080_2022-10-04,31080,2022-10-04,Tuesday
30622_2022-09-09,30622,2022-09-09,Friday
30938_2022-08-08,30938,2022-08-08,Monday
30905_2022-09-14,30905,2022-09-14,Wednesday
30113_2022-11-11,30113,2022-11-11,Friday
30092_2022-11-10,30092,2022-11-10,Thursday
30990_2022-12-20,30990,2022-12-20,Tuesday
30235_2022-11-21,30235,2022-11-21,Monday
30556_2023-02-05,30556,2023-02-05,Sunday
30704_2022-11-10,30704,2022-11-10,Thursday
31083_2022-11-06,31083,2022-11-06,Sunday
30009_2022-09-19,30009,2022-09-19,Monday
30830_2022-11-22,30830,2022-11-22,Tuesday
31251_2022-11-28,31251,2022-11-28,Monday
30010_2022-11-03,30010,2022-11-03,Thursday
31112_2022-12-21,31112,2022-12-21,Wednesday
31302_2022-11-04,31302,2022-11-04,Friday
30903_2022-12-10,30903,2022-12-10,Saturday
30989_2022-12-18,30989,2022-12-18,Sunday
30401_2022-11-16,30401,2022-11-16,Wednesday
30948_2023-01-05,30948,2023-01-05,Thursday
31221_2022-11-03,31221,2022-11-03,Thursday
31074_2022-08-18,31074,2022-08-18,Thursday
31072_2022-11-17,31072,2022-11-17,Thursday
30211_2022-10-28,30211,2022-10-28,Friday
31295_2022-10-27,31295,2022-10-27,Thursday
31087_2022-08-14,31087,2022-08-14,Sunday
30013_2022-11-02,30013,2022-11-02,Wednesday
30728_2022-11-10,30728,2022-11-10,Thursday
30663_2022-11-12,30663,2022-11-12,Saturday
30203_2022-09-19,30203,2022-09-19,Monday
30414_2022-09-16,30414,2022-09-16,Friday
30530_2022-09-13,30530,2022-09-13,Tuesday
31100_2023-01-06,31100,2023-01-06,Friday
30419_2022-09-23,30419,2022-09-23,Friday
30266_2022-12-21,30266,2022-12-21,Wednesday
31017_2022-10-20,31017,2022-10-20,Thursday
30724_2022-10-30,30724,2022-10-30,Sunday
30013_2022-11-01,30013,2022-11-01,Tuesday
30735_2022-11-02,30735,2022-11-02,Wednesday
31301_2022-11-08,31301,2022-11-08,Tuesday
30553_2022-09-26,30553,2022-09-26,Monday
31284_2022-09-12,31284,2022-09-12,Monday
30847_2022-10-28,30847,2022-10-28,Friday
30800_2022-12-29,30800,2022-12-29,Thursday
30921_2023-01-03,30921,2023-01-03,Tuesday
30063_2022-09-25,30063,2022-09-25,Sunday
30419_2022-10-06,30419,2022-10-06,Thursday
31305_2022-11-10,31305,2022-11-10,Thursday
30980_2022-10-22,30980,2022-10-22,Saturday
30987_2022-08-23,30987,2022-08-23,Tuesday
30729_2022-12-11,30729,2022-12-11,Sunday
31295_2022-11-04,31295,2022-11-04,Friday
30600_2022-08-15,30600,2022-08-15,Monday
31193_2022-10-26,31193,2022-10-26,Wednesday
30372_2022-12-19,30372,2022-12-19,Monday
30583_2022-10-12,30583,2022-10-12,Wednesday
30706_2022-11-11,30706,2022-11-11,Friday
30542_2022-11-21,30542,2022-11-21,Monday
30439_2022-11-08,30439,2022-11-08,Tuesday
30634_2022-09-26,30634,2022-09-26,Monday
30957_2022-08-30,30957,2022-08-30,Tuesday
30592_2022-11-17,30592,2022-11-17,Thursday
30872_2022-11-28,30872,2022-11-28,Monday
31122_2022-11-30,31122,2022-11-30,Wednesday
30365_2022-11-04,30365,2022-11-04,Friday
30769_2022-11-10,30769,2022-11-10,Thursday
30600_2022-08-08,30600,2022-08-08,Monday
30835_2022-11-16,30835,2022-11-16,Wednesday
30028_2022-11-24,30028,2022-11-24,Thursday
30317_2022-11-07,30317,2022-11-07,Monday
31100_2022-12-16,31100,2022-12-16,Friday
30517_2022-11-24,30517,2022-11-24,Thursday
30386_2022-12-22,30386,2022-12-22,Thursday
31100_2022-12-12,31100,2022-12-12,Monday
30297_2022-12-21,30297,2022-12-21,Wednesday
31029_2023-01-05,31029,2023-01-05,Thursday
30515_2022-10-24,30515,2022-10-24,Monday
30119_2022-08-31,30119,2022-08-31,Wednesday
31302_2022-11-25,31302,2022-11-25,Friday
30681_2022-12-14,30681,2022-12-14,Wednesday
30634_2022-10-04,30634,2022-10-04,Tuesday
30820_2022-12-04,30820,2022-12-04,Sunday
30012_2022-08-23,30012,2022-08-23,Tuesday
30243_2022-08-22,30243,2022-08-22,Monday
30617_2022-11-18,30617,2022-11-18,Friday
30105_2022-09-23,30105,2022-09-23,Friday
30308_2022-12-06,30308,2022-12-06,Tuesday
30401_2022-11-08,30401,2022-11-08,Tuesday
30803_2022-12-15,30803,2022-12-15,Thursday
30467_2022-07-24,30467,2022-07-24,Sunday
30869_2022-12-10,30869,2022-12-10,Saturday
31274_2022-11-24,31274,2022-11-24,Thursday
30433_2022-11-23,30433,2022-11-23,Wednesday
30339_2022-12-01,30339,2022-12-01,Thursday
31022_2022-08-18,31022,2022-08-18,Thursday
30713_2022-11-11,30713,2022-11-11,Friday
30544_2022-10-27,30544,2022-10-27,Thursday
30149_2022-10-02,30149,2022-10-02,Sunday
30450_2022-09-19,30450,2022-09-19,Monday
31096_2023-01-20,31096,2023-01-20,Friday
30009_2022-10-10,30009,2022-10-10,Monday
30905_2022-09-20,30905,2022-09-20,Tuesday
30997_2022-12-10,30997,2022-12-10,Saturday
31096_2023-01-05,31096,2023-01-05,Thursday
30385_2022-09-13,30385,2022-09-13,Tuesday
30735_2022-10-27,30735,2022-10-27,Thursday
30800_2023-01-01,30800,2023-01-01,Sunday
30701_2022-10-25,30701,2022-10-25,Tuesday
30870_2023-01-06,30870,2023-01-06,Friday
30092_2022-11-11,30092,2022-11-11,Friday
30388_2022-12-12,30388,2022-12-12,Monday
30102_2022-11-04,30102,2022-11-04,Friday
31071_2022-10-30,31071,2022-10-30,Sunday
30463_2022-09-25,30463,2022-09-25,Sunday
31094_2022-12-12,31094,2022-12-12,Monday
30349_2022-10-16,30349,2022-10-16,Sunday
30567_2022-11-29,30567,2022-11-29,Tuesday
31087_2022-08-07,31087,2022-08-07,Sunday
30119_2022-08-30,30119,2022-08-30,Tuesday
31114_2022-11-22,31114,2022-11-22,Tuesday
30236_2022-10-13,30236,2022-10-13,Thursday
31305_2022-10-27,31305,2022-10-27,Thursday
30064_2023-01-05,30064,2023-01-05,Thursday
31071_2022-11-03,31071,2022-11-03,Thursday
31034_2022-10-26,31034,2022-10-26,Wednesday
30749_2022-11-18,30749,2022-11-18,Friday
31027_2022-11-18,31027,2022-11-18,Friday
30415_2022-11-23,30415,2022-11-23,Wednesday
30327_2022-11-24,30327,2022-11-24,Thursday
30806_2022-07-29,30806,2022-07-29,Friday
30012_2022-08-24,30012,2022-08-24,Wednesday
30298_2022-12-05,30298,2022-12-05,Monday
31093_2022-11-01,31093,2022-11-01,Tuesday
30688_2022-12-05,30688,2022-12-05,Monday
30269_2022-12-16,30269,2022-12-16,Friday
30701_2022-10-24,30701,2022-10-24,Monday
30634_2022-10-13,30634,2022-10-13,Thursday
30140_2022-11-22,30140,2022-11-22,Tuesday
30171_2022-12-07,30171,2022-12-07,Wednesday
30028_2022-11-10,30028,2022-11-10,Thursday
30915_2022-12-09,30915,2022-12-09,Friday
30099_2022-08-26,30099,2022-08-26,Friday
31274_2022-11-23,31274,2022-11-23,Wednesday
30294_2023-01-14,30294,2023-01-14,Saturday
30796_2022-11-25,30796,2022-11-25,Friday
31084_2022-11-09,31084,2022-11-09,Wednesday
30118_2022-11-14,30118,2022-11-14,Monday
30328_2022-11-08,30328,2022-11-08,Tuesday
30435_2022-12-12,30435,2022-12-12,Monday
30076_2022-09-19,30076,2022-09-19,Monday
30341_2022-09-16,30341,2022-09-16,Friday
31085_2022-10-10,31085,2022-10-10,Monday
31085_2022-10-02,31085,2022-10-02,Sunday
31234_2022-10-07,31234,2022-10-07,Friday
30062_2022-11-17,30062,2022-11-17,Thursday
30203_2022-10-17,30203,2022-10-17,Monday
31145_2022-11-05,31145,2022-11-05,Saturday
31158_2023-01-03,31158,2023-01-03,Tuesday
30439_2022-11-23,30439,2022-11-23,Wednesday
30246_2022-08-16,30246,2022-08-16,Tuesday
30008_2022-12-01,30008,2022-12-01,Thursday
30448_2022-10-26,30448,2022-10-26,Wednesday
30005_2022-11-17,30005,2022-11-17,Thursday
31055_2022-09-24,31055,2022-09-24,Saturday
30502_2022-11-10,30502,2022-11-10,Thursday
30042_2023-01-06,30042,2023-01-06,Friday
30925_2022-11-22,30925,2022-11-22,Tuesday
30942_2022-11-26,30942,2022-11-26,Saturday
30782_2022-12-02,30782,2022-12-02,Friday
30872_2022-11-30,30872,2022-11-30,Wednesday
30583_2022-09-29,30583,2022-09-29,Thursday
31260_2022-11-28,31260,2022-11-28,Monday
30690_2022-08-31,30690,2022-08-31,Wednesday
31224_2022-09-21,31224,2022-09-21,Wednesday
30793_2022-09-30,30793,2022-09-30,Friday
30422_2022-12-02,30422,2022-12-02,Friday
30053_2022-11-16,30053,2022-11-16,Wednesday
30838_2022-12-08,30838,2022-12-08,Thursday
30430_2022-09-24,30430,2022-09-24,Saturday
30246_2022-08-09,30246,2022-08-09,Tuesday
31221_2022-10-12,31221,2022-10-12,Wednesday
30969_2022-10-18,30969,2022-10-18,Tuesday
30174_2022-09-11,30174,2022-09-11,Sunday
30413_2022-11-01,30413,2022-11-01,Tuesday
31087_2022-08-12,31087,2022-08-12,Friday
30214_2022-08-17,30214,2022-08-17,Wednesday
30236_2022-10-19,30236,2022-10-19,Wednesday
30704_2022-12-08,30704,2022-12-08,Thursday
30617_2022-11-23,30617,2022-11-23,Wednesday
30555_2022-12-12,30555,2022-12-12,Monday
31293_2022-11-21,31293,2022-11-21,Monday
30685_2022-12-02,30685,2022-12-02,Friday
30053_2022-10-28,30053,2022-10-28,Friday
30313_2022-11-09,30313,2022-11-09,Wednesday
31251_2022-12-09,31251,2022-12-09,Friday
30889_2022-11-07,30889,2022-11-07,Monday
30845_2022-12-01,30845,2022-12-01,Thursday
30869_2022-12-12,30869,2022-12-12,Monday
30093_2023-01-06,30093,2023-01-06,Friday
30351_2022-11-12,30351,2022-11-12,Saturday
31071_2022-11-01,31071,2022-11-01,Tuesday
30327_2022-12-09,30327,2022-12-09,Friday
30099_2022-08-15,30099,2022-08-15,Monday
31196_2022-11-13,31196,2022-11-13,Sunday
31101_2022-11-23,31101,2022-11-23,Wednesday
31145_2022-11-15,31145,2022-11-15,Tuesday
31021_2022-12-09,31021,2022-12-09,Friday
30115_2022-09-27,30115,2022-09-27,Tuesday
30663_2022-11-19,30663,2022-11-19,Saturday
31137_2022-12-21,31137,2022-12-21,Wednesday
30278_2022-11-30,30278,2022-11-30,Wednesday
30633_2022-11-17,30633,2022-11-17,Thursday
30168_2022-09-21,30168,2022-09-21,Wednesday
31206_2022-08-29,31206,2022-08-29,Monday
30699_2022-11-18,30699,2022-11-18,Friday
30553_2022-10-07,30553,2022-10-07,Friday
30794_2022-12-19,30794,2022-12-19,Monday
30435_2022-11-29,30435,2022-11-29,Tuesday
30185_2022-12-16,30185,2022-12-16,Friday
30760_2022-12-05,30760,2022-12-05,Monday
30544_2022-10-24,30544,2022-10-24,Monday
30461_2022-10-31,30461,2022-10-31,Monday
30500_2022-08-12,30500,2022-08-12,Friday
31261_2022-12-05,31261,2022-12-05,Monday
30467_2022-07-28,30467,2022-07-28,Thursday
30394_2022-11-25,30394,2022-11-25,Friday
30388_2022-12-08,30388,2022-12-08,Thursday
31017_2022-11-04,31017,2022-11-04,Friday
30925_2022-11-04,30925,2022-11-04,Friday
30148_2023-01-04,30148,2023-01-04,Wednesday
30114_2022-11-08,30114,2022-11-08,Tuesday
30597_2022-11-10,30597,2022-11-10,Thursday
30008_2022-12-14,30008,2022-12-14,Wednesday
30544_2022-11-04,30544,2022-11-04,Friday
30260_2022-11-03,30260,2022-11-03,Thursday
30072_2022-11-16,30072,2022-11-16,Wednesday
30013_2022-11-13,30013,2022-11-13,Sunday
30541_2022-09-07,30541,2022-09-07,Wednesday
31023_2022-12-23,31023,2022-12-23,Friday
30724_2022-10-18,30724,2022-10-18,Tuesday
31025_2022-11-17,31025,2022-11-17,Thursday
30168_2022-09-05,30168,2022-09-05,Monday
30838_2022-12-21,30838,2022-12-21,Wednesday
30938_2022-08-11,30938,2022-08-11,Thursday
30396_2022-08-30,30396,2022-08-30,Tuesday
30042_2023-01-18,30042,2023-01-18,Wednesday
30339_2022-12-21,30339,2022-12-21,Wednesday
30211_2022-11-03,30211,2022-11-03,Thursday
30536_2022-10-12,30536,2022-10-12,Wednesday
30064_2023-01-16,30064,2023-01-16,Monday
30492_2022-10-27,30492,2022-10-27,Thursday
30633_2022-11-21,30633,2022-11-21,Monday
30090_2022-12-13,30090,2022-12-13,Tuesday
30203_2022-09-24,30203,2022-09-24,Saturday
30294_2022-12-31,30294,2022-12-31,Saturday
30819_2022-12-12,30819,2022-12-12,Monday
30134_2023-02-06,30134,2023-02-06,Monday
31107_2022-12-21,31107,2022-12-21,Wednesday
30546_2022-10-25,30546,2022-10-25,Tuesday
30521_2022-10-24,30521,2022-10-24,Monday
30317_2022-11-01,30317,2022-11-01,Tuesday
30388_2022-12-11,30388,2022-12-11,Sunday
30265_2022-08-18,30265,2022-08-18,Thursday
30878_2022-09-09,30878,2022-09-09,Friday
30092_2022-11-03,30092,2022-11-03,Thursday
30502_2022-11-11,30502,2022-11-11,Friday
30468_2022-11-20,30468,2022-11-20,Sunday
31297_2022-07-30,31297,2022-07-30,Saturday
30800_2022-12-28,30800,2022-12-28,Wednesday
30369_2022-10-13,30369,2022-10-13,Thursday
30685_2022-11-13,30685,2022-11-13,Sunday
30235_2022-11-18,30235,2022-11-18,Friday
30026_2022-12-16,30026,2022-12-16,Friday
30217_2022-11-04,30217,2022-11-04,Friday
31011_2022-12-06,31011,2022-12-06,Tuesday
30076_2022-09-05,30076,2022-09-05,Monday
30403_2022-11-29,30403,2022-11-29,Tuesday
30724_2022-10-17,30724,2022-10-17,Monday
30274_2022-12-22,30274,2022-12-22,Thursday
30243_2022-09-04,30243,2022-09-04,Sunday
31224_2022-09-29,31224,2022-09-29,Thursday
30352_2022-10-28,30352,2022-10-28,Friday
30148_2023-01-06,30148,2023-01-06,Friday
31014_2022-12-09,31014,2022-12-09,Friday
30026_2022-12-28,30026,2022-12-28,Wednesday
31220_2022-08-16,31220,2022-08-16,Tuesday
31087_2022-08-19,31087,2022-08-19,Friday
31021_2022-11-30,31021,2022-11-30,Wednesday
30269_2022-11-29,30269,2022-11-29,Tuesday
30687_2022-10-28,30687,2022-10-28,Friday
31274_2022-12-01,31274,2022-12-01,Thursday
30974_2023-01-04,30974,2023-01-04,Wednesday
30522_2022-11-17,30522,2022-11-17,Thursday
30211_2022-10-27,30211,2022-10-27,Thursday
31085_2022-10-09,31085,2022-10-09,Sunday
30987_2022-09-13,30987,2022-09-13,Tuesday
30556_2023-01-17,30556,2023-01-17,Tuesday
30200_2022-09-02,30200,2022-09-02,Friday
30536_2022-09-30,30536,2022-09-30,Friday
30382_2022-08-12,30382,2022-08-12,Friday
30617_2022-11-12,30617,2022-11-12,Saturday
31017_2022-11-06,31017,2022-11-06,Sunday
31100_2022-12-23,31100,2022-12-23,Friday
31146_2022-10-04,31146,2022-10-04,Tuesday
30176_2022-09-27,30176,2022-09-27,Tuesday
30382_2022-08-17,30382,2022-08-17,Wednesday
30847_2022-10-19,30847,2022-10-19,Wednesday
31101_2022-11-21,31101,2022-11-21,Monday
30822_2022-12-06,30822,2022-12-06,Tuesday
30905_2022-09-07,30905,2022-09-07,Wednesday
30008_2022-11-20,30008,2022-11-20,Sunday
30339_2022-12-11,30339,2022-12-11,Sunday
31260_2022-11-07,31260,2022-11-07,Monday
30388_2022-12-16,30388,2022-12-16,Friday
31293_2022-10-30,31293,2022-10-30,Sunday
30489_2022-08-15,30489,2022-08-15,Monday
31107_2022-12-19,31107,2022-12-19,Monday
30211_2022-10-24,30211,2022-10-24,Monday
30444_2022-08-29,30444,2022-08-29,Monday
30685_2022-12-06,30685,2022-12-06,Tuesday
30005_2022-11-16,30005,2022-11-16,Wednesday
30450_2022-09-15,30450,2022-09-15,Thursday
30728_2022-11-15,30728,2022-11-15,Tuesday
30785_2022-11-25,30785,2022-11-25,Friday
30148_2023-01-11,30148,2023-01-11,Wednesday
31114_2022-11-15,31114,2022-11-15,Tuesday
30403_2022-11-24,30403,2022-11-24,Thursday
30119_2022-09-14,30119,2022-09-14,Wednesday
30297_2022-12-16,30297,2022-12-16,Friday
31274_2022-12-15,31274,2022-12-15,Thursday
30922_2022-11-02,30922,2022-11-02,Wednesday
30760_2022-11-30,30760,2022-11-30,Wednesday
31071_2022-11-15,31071,2022-11-15,Tuesday
30042_2023-01-17,30042,2023-01-17,Tuesday
30149_2022-10-15,30149,2022-10-15,Saturday
30028_2022-11-22,30028,2022-11-22,Tuesday
30875_2022-08-30,30875,2022-08-30,Tuesday
30905_2022-09-17,30905,2022-09-17,Saturday
31021_2022-11-29,31021,2022-11-29,Tuesday
30945_2022-11-23,30945,2022-11-23,Wednesday
30119_2022-09-17,30119,2022-09-17,Saturday
31295_2022-10-23,31295,2022-10-23,Sunday
31161_2022-12-17,31161,2022-12-17,Saturday
30861_2022-11-16,30861,2022-11-16,Wednesday
30713_2022-10-17,30713,2022-10-17,Monday
30663_2022-11-18,30663,2022-11-18,Friday
30869_2022-12-19,30869,2022-12-19,Monday
30679_2022-11-16,30679,2022-11-16,Wednesday
30028_2022-11-11,30028,2022-11-11,Friday
31201_2022-12-18,31201,2022-12-18,Sunday
30317_2022-11-09,30317,2022-11-09,Wednesday
30592_2022-11-15,30592,2022-11-15,Tuesday
30905_2022-09-09,30905,2022-09-09,Friday
31237_2022-11-16,31237,2022-11-16,Wednesday
30633_2022-11-11,30633,2022-11-11,Friday
31006_2022-11-28,31006,2022-11-28,Monday
30116_2022-07-18,30116,2022-07-18,Monday
31146_2022-10-15,31146,2022-10-15,Saturday
30064_2023-01-03,30064,2023-01-03,Tuesday
30229_2022-09-19,30229,2022-09-19,Monday
30617_2022-11-20,30617,2022-11-20,Sunday
30905_2022-09-22,30905,2022-09-22,Thursday
30083_2022-12-12,30083,2022-12-12,Monday
30180_2022-12-17,30180,2022-12-17,Saturday
30168_2022-09-28,30168,2022-09-28,Wednesday
30236_2022-10-26,30236,2022-10-26,Wednesday
30749_2022-11-15,30749,2022-11-15,Tuesday
30862_2022-11-15,30862,2022-11-15,Tuesday
31292_2022-11-13,31292,2022-11-13,Sunday
31166_2022-12-11,31166,2022-12-11,Sunday
30430_2022-10-03,30430,2022-10-03,Monday
31274_2022-12-08,31274,2022-12-08,Thursday
30633_2022-11-18,30633,2022-11-18,Friday
30099_2022-08-28,30099,2022-08-28,Sunday
30544_2022-10-23,30544,2022-10-23,Sunday
31145_2022-11-30,31145,2022-11-30,Wednesday
30544_2022-11-15,30544,2022-11-15,Tuesday
30905_2022-09-30,30905,2022-09-30,Friday
30544_2022-11-09,30544,2022-11-09,Wednesday
31284_2022-09-11,31284,2022-09-11,Sunday
31263_2023-01-10,31263,2023-01-10,Tuesday
30634_2022-09-28,30634,2022-09-28,Wednesday
30008_2022-11-21,30008,2022-11-21,Monday
30502_2022-11-15,30502,2022-11-15,Tuesday
30921_2023-01-04,30921,2023-01-04,Wednesday
30733_2023-01-09,30733,2023-01-09,Monday
30517_2022-12-01,30517,2022-12-01,Thursday
31114_2022-11-09,31114,2022-11-09,Wednesday
31055_2022-09-10,31055,2022-09-10,Saturday
30685_2022-11-24,30685,2022-11-24,Thursday
30161_2022-11-11,30161,2022-11-11,Friday
30800_2022-12-31,30800,2022-12-31,Saturday
30236_2022-10-03,30236,2022-10-03,Monday
30272_2022-11-09,30272,2022-11-09,Wednesday
30769_2022-11-03,30769,2022-11-03,Thursday
30823_2023-01-13,30823,2023-01-13,Friday
30922_2022-11-10,30922,2022-11-10,Thursday
30401_2022-11-22,30401,2022-11-22,Tuesday
30869_2022-12-06,30869,2022-12-06,Tuesday
30945_2022-12-07,30945,2022-12-07,Wednesday
30769_2022-10-24,30769,2022-10-24,Monday
30118_2022-12-02,30118,2022-12-02,Friday
30925_2022-11-15,30925,2022-11-15,Tuesday
30822_2022-11-24,30822,2022-11-24,Thursday
30435_2022-12-08,30435,2022-12-08,Thursday
30115_2022-09-09,30115,2022-09-09,Friday
31224_2022-09-09,31224,2022-09-09,Friday
30169_2022-10-09,30169,2022-10-09,Sunday
30561_2022-11-10,30561,2022-11-10,Thursday
30749_2022-12-02,30749,2022-12-02,Friday
30250_2022-11-23,30250,2022-11-23,Wednesday
30633_2022-11-16,30633,2022-11-16,Wednesday
30630_2022-12-04,30630,2022-12-04,Sunday
30323_2023-01-11,30323,2023-01-11,Wednesday
30464_2022-12-27,30464,2022-12-27,Tuesday
30981_2022-08-31,30981,2022-08-31,Wednesday
31080_2022-09-30,31080,2022-09-30,Friday
31263_2023-01-06,31263,2023-01-06,Friday
31163_2022-10-13,31163,2022-10-13,Thursday
30063_2022-09-09,30063,2022-09-09,Friday
30687_2022-10-21,30687,2022-10-21,Friday
30760_2022-11-23,30760,2022-11-23,Wednesday
30481_2023-01-12,30481,2023-01-12,Thursday
30350_2022-10-25,30350,2022-10-25,Tuesday
30177_2022-11-01,30177,2022-11-01,Tuesday
30203_2022-10-08,30203,2022-10-08,Saturday
31084_2022-10-14,31084,2022-10-14,Friday
31266_2022-12-07,31266,2022-12-07,Wednesday
31104_2022-11-29,31104,2022-11-29,Tuesday
31083_2022-11-15,31083,2022-11-15,Tuesday
30634_2022-09-20,30634,2022-09-20,Tuesday
30450_2022-08-31,30450,2022-08-31,Wednesday
30256_2022-11-11,30256,2022-11-11,Friday
30169_2022-10-04,30169,2022-10-04,Tuesday
30735_2022-11-22,30735,2022-11-22,Tuesday
30403_2022-12-03,30403,2022-12-03,Saturday
30184_2022-09-03,30184,2022-09-03,Saturday
30105_2022-10-13,30105,2022-10-13,Thursday
31080_2022-09-16,31080,2022-09-16,Friday
30502_2022-10-31,30502,2022-10-31,Monday
31234_2022-09-19,31234,2022-09-19,Monday
30100_2022-11-02,30100,2022-11-02,Wednesday
30872_2022-12-05,30872,2022-12-05,Monday
30118_2022-11-27,30118,2022-11-27,Sunday
30945_2022-11-14,30945,2022-11-14,Monday
30115_2022-09-17,30115,2022-09-17,Saturday
30895_2022-09-04,30895,2022-09-04,Sunday
30835_2022-11-23,30835,2022-11-23,Wednesday
31221_2022-10-19,31221,2022-10-19,Wednesday
30688_2022-12-13,30688,2022-12-13,Tuesday
31175_2022-08-24,31175,2022-08-24,Wednesday
30591_2023-01-09,30591,2023-01-09,Monday
31313_2022-09-05,31313,2022-09-05,Monday
30838_2022-11-27,30838,2022-11-27,Sunday
31087_2022-08-10,31087,2022-08-10,Wednesday
30339_2022-12-20,30339,2022-12-20,Tuesday
30211_2022-10-31,30211,2022-10-31,Monday
30736_2022-12-17,30736,2022-12-17,Saturday
30875_2022-09-01,30875,2022-09-01,Thursday
30862_2022-11-17,30862,2022-11-17,Thursday
30957_2022-08-09,30957,2022-08-09,Tuesday
30769_2022-11-02,30769,2022-11-02,Wednesday
30053_2022-11-02,30053,2022-11-02,Wednesday
30408_2022-11-27,30408,2022-11-27,Sunday
30076_2022-09-07,30076,2022-09-07,Wednesday
30517_2022-11-17,30517,2022-11-17,Thursday
30442_2022-12-22,30442,2022-12-22,Thursday
31297_2022-08-08,31297,2022-08-08,Monday
30659_2022-11-11,30659,2022-11-11,Friday
30842_2022-11-07,30842,2022-11-07,Monday
30990_2022-12-19,30990,2022-12-19,Monday
30980_2022-11-02,30980,2022-11-02,Wednesday
30878_2022-09-05,30878,2022-09-05,Monday
30379_2022-09-16,30379,2022-09-16,Friday
30921_2023-01-15,30921,2023-01-15,Sunday
31297_2022-08-02,31297,2022-08-02,Tuesday
30517_2022-11-06,30517,2022-11-06,Sunday
30905_2022-09-15,30905,2022-09-15,Thursday
30663_2022-11-25,30663,2022-11-25,Friday
30399_2022-12-21,30399,2022-12-21,Wednesday
30008_2022-12-06,30008,2022-12-06,Tuesday
30083_2022-12-01,30083,2022-12-01,Thursday
31049_2022-11-25,31049,2022-11-25,Friday
30403_2022-12-08,30403,2022-12-08,Thursday
30149_2022-09-30,30149,2022-09-30,Friday
30089_2022-11-19,30089,2022-11-19,Saturday
30944_2022-11-03,30944,2022-11-03,Thursday
30388_2022-12-02,30388,2022-12-02,Friday
31288_2022-12-13,31288,2022-12-13,Tuesday
31260_2022-12-01,31260,2022-12-01,Thursday
30819_2022-11-22,30819,2022-11-22,Tuesday
31248_2022-11-18,31248,2022-11-18,Friday
31268_2022-10-17,31268,2022-10-17,Monday
30697_2022-10-06,30697,2022-10-06,Thursday
30685_2022-12-04,30685,2022-12-04,Sunday
30875_2022-08-19,30875,2022-08-19,Friday
30403_2022-12-06,30403,2022-12-06,Tuesday
30847_2022-10-20,30847,2022-10-20,Thursday
30903_2022-12-12,30903,2022-12-12,Monday
30068_2022-12-15,30068,2022-12-15,Thursday
30785_2022-11-18,30785,2022-11-18,Friday
30842_2022-11-14,30842,2022-11-14,Monday
30612_2022-10-31,30612,2022-10-31,Monday
30687_2022-10-24,30687,2022-10-24,Monday
30167_2022-10-16,30167,2022-10-16,Sunday
30417_2022-10-12,30417,2022-10-12,Wednesday
31027_2022-11-16,31027,2022-11-16,Wednesday
30081_2022-11-24,30081,2022-11-24,Thursday
30561_2022-11-18,30561,2022-11-18,Friday
30980_2022-11-10,30980,2022-11-10,Thursday
30399_2022-12-01,30399,2022-12-01,Thursday
30617_2022-11-15,30617,2022-11-15,Tuesday
