person_day_id,trip_id,mode,start_time,end_time,duration,preceding_purpose,following_purpose
30819_2022-12-16,0.0,walk,29849.0,31822.0,1973.0,home,education
30819_2022-12-16,1.0,walk,39911.0,40025.0,114.0,education,home
30819_2022-12-16,2.0,walk,63852.0,64015.0,163.0,home,shop
30819_2022-12-16,3.0,walk,64779.0,65388.0,609.0,shop,home
30819_2022-12-16,4.0,walk,69409.0,70111.0,702.0,home,other
30819_2022-12-16,5.0,walk,70494.0,71230.0,736.0,other,home
31100_2022-12-22,0.0,pt,39662.0,40201.0,539.0,home,other
31100_2022-12-22,1.0,pt,40588.0,41906.0,1318.0,other,shop
31100_2022-12-22,2.0,pt,43740.0,45449.0,1709.0,shop,home
31100_2022-12-22,3.0,bike,64369.0,64923.0,554.0,home,leisure
31100_2022-12-22,4.0,bike,79487.0,80231.0,744.0,leisure,home
30007_2022-11-07,0.0,pt,30279.0,32354.0,2075.0,home,education
30007_2022-11-07,1.0,walk,36300.0,36747.0,447.0,education,work
30007_2022-11-07,2.0,mpt,62237.0,63159.0,922.0,work,home
30327_2022-12-08,0.0,pt,21209.0,22921.0,1712.0,home,other
30327_2022-12-08,1.0,pt,25218.0,25709.0,491.0,other,other
30327_2022-12-08,2.0,pt,26037.0,27069.0,1032.0,other,home
30327_2022-12-08,3.0,walk,36275.0,46424.0,10149.0,home,home
30081_2022-12-01,0.0,mpt,45450.0,45762.0,312.0,work,other
30081_2022-12-01,1.0,mpt,46834.0,46894.0,60.0,other,other
30081_2022-12-01,2.0,mpt,47471.0,47679.0,208.0,other,other
30081_2022-12-01,3.0,mpt,48979.0,49353.0,374.0,other,work
30081_2022-12-01,4.0,walk,80370.0,80604.0,234.0,work,home
30505_2022-12-15,0.0,pt,40136.0,40900.0,764.0,home,other
30505_2022-12-15,1.0,pt,41480.0,42010.0,530.0,other,leisure
30505_2022-12-15,2.0,walk,53276.0,54565.0,1289.0,leisure,leisure
30505_2022-12-15,3.0,walk,54947.0,55169.0,222.0,leisure,leisure
30505_2022-12-15,4.0,pt,60335.0,61578.0,1243.0,leisure,home
30617_2022-10-28,0.0,pt,24044.0,26383.0,2339.0,home,work
30617_2022-10-28,1.0,pt,50392.0,51748.0,1356.0,work,home
30760_2022-11-20,0.0,walk,29762.0,30190.0,428.0,home,home
30760_2022-11-20,1.0,mpt,51315.0,56188.0,4873.0,home,leisure
30760_2022-11-20,2.0,pt,72393.0,74730.0,2337.0,leisure,home
31071_2022-11-09,0.0,walk,25529.0,26328.0,799.0,home,shop
31071_2022-11-09,1.0,walk,30041.0,30805.0,764.0,shop,home
31071_2022-11-09,2.0,walk,37340.0,37746.0,406.0,home,home
30593_2022-10-20,0.0,pt,16194.0,17388.0,1194.0,home,other
30593_2022-10-20,1.0,pt,17880.0,19649.0,1769.0,other,work
30593_2022-10-20,2.0,walk,40388.0,42828.0,2440.0,work,shop
30593_2022-10-20,3.0,walk,43220.0,43415.0,195.0,shop,shop
30593_2022-10-20,4.0,walk,44966.0,45360.0,394.0,shop,shop
30593_2022-10-20,5.0,pt,46046.0,46911.0,865.0,shop,home
30769_2022-11-04,0.0,mpt,46397.0,47148.0,751.0,home,home
30769_2022-11-04,1.0,mpt,57235.0,58056.0,821.0,home,leisure
30769_2022-11-04,2.0,mpt,60135.0,60654.0,519.0,leisure,shop
30769_2022-11-04,3.0,mpt,65311.0,65804.0,493.0,shop,home
30704_2022-11-09,0.0,walk,34612.0,37317.0,2705.0,home,home
31297_2022-07-29,0.0,mpt,32433.0,33399.0,966.0,home,home
31297_2022-07-29,1.0,walk,34147.0,34544.0,397.0,home,home
31297_2022-07-29,2.0,walk,35192.0,36446.0,1254.0,home,leisure
31297_2022-07-29,3.0,mpt,37140.0,37555.0,415.0,leisure,home
30358_2022-10-12,0.0,bike,34649.0,36215.0,1566.0,home,education
30358_2022-10-12,1.0,walk,40740.0,41108.0,368.0,education,leisure
30358_2022-10-12,2.0,walk,41478.0,42855.0,1377.0,leisure,other
30358_2022-10-12,3.0,bike,45756.0,46711.0,955.0,other,shop
30358_2022-10-12,4.0,bike,47459.0,47751.0,292.0,shop,shop
30358_2022-10-12,5.0,bike,48163.0,49486.0,1323.0,shop,home
30168_2022-09-04,0.0,mpt,20932.0,24847.0,3915.0,home,other
30168_2022-09-04,1.0,mpt,26231.0,45225.0,18994.0,other,home
30151_2022-08-25,0.0,pt,22496.0,24696.0,2200.0,home,other
30151_2022-08-25,1.0,pt,25390.0,32754.0,7364.0,other,education
30151_2022-08-25,2.0,walk,38129.0,38497.0,368.0,education,leisure
30151_2022-08-25,3.0,walk,39759.0,40306.0,547.0,leisure,education
30151_2022-08-25,4.0,pt,46317.0,49459.0,3142.0,education,home
31003_2022-12-22,0.0,mpt,26337.0,30000.0,3663.0,home,education
31003_2022-12-22,1.0,mpt,31794.0,32244.0,450.0,education,education
31003_2022-12-22,2.0,mpt,36062.0,36844.0,782.0,education,education
31003_2022-12-22,3.0,mpt,37221.0,37381.0,160.0,education,home
30704_2022-11-17,0.0,walk,35022.0,36125.0,1103.0,home,home
30704_2022-11-17,1.0,mpt,47167.0,47656.0,489.0,home,leisure
30704_2022-11-17,2.0,mpt,50076.0,50811.0,735.0,leisure,home
30385_2022-09-21,0.0,pt,38360.0,38861.0,501.0,home,other
30385_2022-09-21,1.0,pt,39194.0,40906.0,1712.0,other,leisure
30385_2022-09-21,2.0,walk,43997.0,44127.0,130.0,leisure,other
30385_2022-09-21,3.0,walk,44458.0,44539.0,81.0,other,other
30385_2022-09-21,4.0,walk,45888.0,46701.0,813.0,other,shop
30385_2022-09-21,5.0,walk,48583.0,49131.0,548.0,shop,other
30385_2022-09-21,6.0,pt,50321.0,53176.0,2855.0,other,home
30630_2022-11-24,0.0,walk,24677.0,28210.0,3533.0,home,home
30171_2022-12-11,0.0,mpt,40163.0,41444.0,1281.0,home,home
30171_2022-12-11,1.0,mpt,55864.0,57467.0,1603.0,home,home
30728_2022-11-29,0.0,mpt,47692.0,48380.0,688.0,home,other
30728_2022-11-29,1.0,mpt,48888.0,49613.0,725.0,other,education
30728_2022-11-29,2.0,mpt,50824.0,51187.0,363.0,education,home
30728_2022-11-29,3.0,mpt,60374.0,61198.0,824.0,home,home
30728_2022-11-29,4.0,pt,62030.0,62186.0,156.0,home,home
30728_2022-11-29,5.0,mpt,63636.0,63992.0,356.0,home,leisure
30728_2022-11-29,6.0,mpt,65538.0,66156.0,618.0,leisure,home
30728_2022-11-29,7.0,mpt,66617.0,67444.0,827.0,home,home
30083_2022-11-23,0.0,bike,42542.0,42922.0,380.0,home,education
30083_2022-11-23,1.0,bike,46298.0,46490.0,192.0,education,education
30083_2022-11-23,2.0,walk,56261.0,56361.0,100.0,education,leisure
30083_2022-11-23,3.0,pt,59875.0,61063.0,1188.0,leisure,home
30724_2022-10-19,0.0,pt,16005.0,16238.0,233.0,home,other
30724_2022-10-19,1.0,pt,16867.0,18551.0,1684.0,other,education
30724_2022-10-19,2.0,walk,37095.0,37342.0,247.0,education,leisure
30724_2022-10-19,3.0,walk,40000.0,40138.0,138.0,leisure,education
30724_2022-10-19,4.0,walk,47046.0,47119.0,73.0,education,education
30724_2022-10-19,5.0,pt,54299.0,58027.0,3728.0,education,home
30724_2022-10-19,6.0,walk,61076.0,61118.0,42.0,home,home
30724_2022-10-19,7.0,walk,61609.0,61807.0,198.0,home,home
30005_2022-11-11,0.0,pt,21054.0,27433.0,6379.0,home,work
30005_2022-11-11,1.0,pt,54863.0,55635.0,772.0,work,other
30005_2022-11-11,2.0,pt,56285.0,61653.0,5368.0,other,home
31055_2022-09-20,0.0,mpt,22378.0,23099.0,721.0,home,education
31055_2022-09-20,1.0,walk,29683.0,29745.0,62.0,education,education
31055_2022-09-20,2.0,mpt,33028.0,33719.0,691.0,education,home
30403_2022-11-25,0.0,mpt,21187.0,21787.0,600.0,home,education
30403_2022-11-25,1.0,walk,22332.0,22396.0,64.0,education,education
30403_2022-11-25,2.0,mpt,37553.0,38023.0,470.0,education,home
30403_2022-11-25,3.0,bike,55328.0,56228.0,900.0,home,shop
30403_2022-11-25,4.0,bike,57525.0,57822.0,297.0,shop,home
30403_2022-11-25,5.0,walk,77554.0,77627.0,73.0,home,home
31288_2022-12-05,0.0,mpt,56440.0,56797.0,357.0,home,leisure
31288_2022-12-05,1.0,mpt,60435.0,61015.0,580.0,leisure,home
30630_2022-11-17,0.0,walk,51226.0,56514.0,5288.0,home,home
30235_2022-11-17,0.0,walk,18973.0,19860.0,887.0,home,home
30235_2022-11-17,1.0,mpt,22159.0,23920.0,1761.0,home,work
30235_2022-11-17,2.0,mpt,59578.0,60778.0,1200.0,work,home
30372_2022-12-12,0.0,bike,27912.0,28271.0,359.0,home,other
30372_2022-12-12,1.0,bike,28957.0,29094.0,137.0,other,education
30372_2022-12-12,2.0,bike,39081.0,39519.0,438.0,education,home
30372_2022-12-12,3.0,bike,50718.0,50822.0,104.0,home,other
30372_2022-12-12,4.0,bike,51240.0,52561.0,1321.0,other,other
30372_2022-12-12,5.0,bike,53782.0,54072.0,290.0,other,home
30372_2022-12-12,6.0,mpt,60559.0,64965.0,4406.0,home,home
30339_2022-12-06,0.0,walk,42706.0,42960.0,254.0,home,home
30339_2022-12-06,1.0,pt,43325.0,44619.0,1294.0,home,leisure
30339_2022-12-06,2.0,pt,57469.0,60037.0,2568.0,leisure,home
30109_2022-12-08,0.0,bike,35714.0,36377.0,663.0,home,home
30109_2022-12-08,1.0,bike,44966.0,48753.0,3787.0,home,leisure
30109_2022-12-08,2.0,bike,50074.0,51374.0,1300.0,leisure,home
30865_2022-11-07,0.0,bike,30038.0,30602.0,564.0,home,shop
30865_2022-11-07,1.0,walk,31044.0,31340.0,296.0,shop,leisure
30865_2022-11-07,2.0,bike,36655.0,37080.0,425.0,leisure,home
30789_2022-08-20,0.0,walk,29657.0,32380.0,2723.0,home,home
30789_2022-08-20,1.0,bike,53787.0,54927.0,1140.0,home,shop
30789_2022-08-20,2.0,walk,56859.0,57659.0,800.0,shop,leisure
30789_2022-08-20,3.0,bike,67303.0,68469.0,1166.0,leisure,home
30808_2022-11-12,0.0,mpt,25339.0,26163.0,824.0,home,shop
30808_2022-11-12,1.0,mpt,27168.0,27781.0,613.0,shop,home
30808_2022-11-12,2.0,mpt,32689.0,32777.0,88.0,home,leisure
30808_2022-11-12,3.0,mpt,34736.0,35343.0,607.0,leisure,other
30808_2022-11-12,4.0,mpt,36168.0,36618.0,450.0,other,leisure
30808_2022-11-12,5.0,pt,42397.0,42628.0,231.0,leisure,home
30808_2022-11-12,6.0,mpt,43418.0,43568.0,150.0,home,home
30808_2022-11-12,7.0,mpt,54229.0,54328.0,99.0,home,leisure
30808_2022-11-12,8.0,mpt,58597.0,58707.0,110.0,leisure,home
30337_2022-10-23,0.0,bike,40902.0,41003.0,101.0,home,leisure
30337_2022-10-23,1.0,bike,46105.0,46243.0,138.0,leisure,home
30337_2022-10-23,2.0,walk,46931.0,46996.0,65.0,home,leisure
30337_2022-10-23,3.0,walk,55782.0,55809.0,27.0,leisure,home
30831_2022-08-12,0.0,pt,19112.0,19746.0,634.0,home,other
30831_2022-08-12,1.0,pt,20159.0,22621.0,2462.0,other,other
30831_2022-08-12,2.0,pt,23130.0,24682.0,1552.0,other,other
30831_2022-08-12,3.0,pt,25077.0,25707.0,630.0,other,education
30831_2022-08-12,4.0,pt,44469.0,46434.0,1965.0,education,home
30831_2022-08-12,5.0,pt,61564.0,63136.0,1572.0,home,leisure
30869_2022-11-22,0.0,mpt,28532.0,29410.0,878.0,home,home
30869_2022-11-22,1.0,mpt,36659.0,37095.0,436.0,home,shop
30869_2022-11-22,2.0,mpt,38297.0,38501.0,204.0,shop,home
30869_2022-11-22,3.0,mpt,45211.0,46090.0,879.0,home,leisure
30869_2022-11-22,4.0,mpt,49234.0,50025.0,791.0,leisure,home
30869_2022-11-22,5.0,mpt,53131.0,54820.0,1689.0,home,other
30869_2022-11-22,6.0,mpt,58772.0,59699.0,927.0,other,other
30869_2022-11-22,7.0,mpt,60504.0,62471.0,1967.0,other,home
30869_2022-11-22,8.0,mpt,66822.0,68408.0,1586.0,home,home
30948_2023-01-17,0.0,mpt,26776.0,27845.0,1069.0,home,education
30948_2023-01-17,1.0,mpt,43327.0,44465.0,1138.0,education,education
30948_2023-01-17,2.0,mpt,62904.0,63150.0,246.0,education,leisure
30948_2023-01-17,3.0,mpt,72582.0,73690.0,1108.0,leisure,home
30505_2023-01-03,0.0,pt,46329.0,47418.0,1089.0,home,shop
30505_2023-01-03,1.0,pt,48646.0,49296.0,650.0,shop,home
30505_2023-01-03,2.0,mpt,61550.0,62679.0,1129.0,home,home
30505_2023-01-03,3.0,mpt,74013.0,75080.0,1067.0,home,home
30706_2022-10-20,0.0,bike,20321.0,20595.0,274.0,home,education
30706_2022-10-20,1.0,walk,23499.0,24754.0,1255.0,education,other
30706_2022-10-20,2.0,pt,25545.0,26395.0,850.0,other,education
30706_2022-10-20,3.0,pt,32812.0,35796.0,2984.0,education,education
30706_2022-10-20,4.0,bike,36973.0,37153.0,180.0,education,other
30706_2022-10-20,5.0,mpt,37715.0,38585.0,870.0,other,leisure
30706_2022-10-20,6.0,mpt,40621.0,41420.0,799.0,leisure,home
30706_2022-10-20,7.0,mpt,42207.0,44284.0,2077.0,home,shop
30706_2022-10-20,8.0,mpt,48697.0,51805.0,3108.0,shop,home
31175_2022-08-29,0.0,walk,53216.0,55626.0,2410.0,home,home
30913_2022-11-11,0.0,mpt,42810.0,43588.0,778.0,home,other
30913_2022-11-11,1.0,mpt,44656.0,45668.0,1012.0,other,home
30167_2022-10-17,0.0,pt,16768.0,18701.0,1933.0,home,work
30167_2022-10-17,1.0,pt,55872.0,57674.0,1802.0,work,home
30724_2022-11-02,0.0,pt,22566.0,22925.0,359.0,home,other
30724_2022-11-02,1.0,pt,23400.0,26488.0,3088.0,other,education
30724_2022-11-02,2.0,walk,40288.0,40418.0,130.0,education,home
30724_2022-11-02,3.0,walk,42062.0,42706.0,644.0,home,education
30724_2022-11-02,4.0,pt,54578.0,55946.0,1368.0,education,other
30724_2022-11-02,5.0,pt,56328.0,58653.0,2325.0,other,home
31178_2022-09-01,0.0,mpt,32134.0,36391.0,4257.0,home,shop
31178_2022-09-01,1.0,mpt,36851.0,37001.0,150.0,shop,other
31178_2022-09-01,2.0,mpt,43782.0,45199.0,1417.0,other,home
31178_2022-09-01,3.0,mpt,53453.0,54063.0,610.0,home,leisure
31178_2022-09-01,4.0,mpt,55434.0,56302.0,868.0,leisure,leisure
31178_2022-09-01,5.0,mpt,68083.0,68603.0,520.0,leisure,home
31284_2022-09-13,0.0,mpt,53055.0,54441.0,1386.0,home,home
30385_2022-09-27,0.0,mpt,18675.0,19083.0,408.0,home,home
30385_2022-09-27,1.0,walk,22758.0,23166.0,408.0,home,other
30385_2022-09-27,2.0,mpt,23733.0,24571.0,838.0,other,home
30385_2022-09-27,3.0,mpt,32819.0,33463.0,644.0,home,home
30385_2022-09-27,4.0,mpt,41715.0,43173.0,1458.0,home,shop
30385_2022-09-27,5.0,mpt,45071.0,46570.0,1499.0,shop,home
30385_2022-09-27,6.0,mpt,47894.0,48135.0,241.0,home,home
30385_2022-09-27,7.0,mpt,49840.0,50193.0,353.0,home,other
30385_2022-09-27,8.0,pt,51381.0,51662.0,281.0,other,home
30728_2022-11-16,0.0,pt,36435.0,37026.0,591.0,home,home
30728_2022-11-16,1.0,walk,58678.0,60009.0,1331.0,home,other
30728_2022-11-16,2.0,mpt,61984.0,63050.0,1066.0,other,home
30728_2022-11-16,3.0,mpt,64997.0,65669.0,672.0,home,other
30728_2022-11-16,4.0,pt,66896.0,68624.0,1728.0,other,home
30064_2023-01-08,0.0,walk,27581.0,30900.0,3319.0,home,home
30064_2023-01-08,1.0,mpt,33935.0,34109.0,174.0,home,education
30064_2023-01-08,2.0,mpt,34829.0,35200.0,371.0,education,leisure
30064_2023-01-08,3.0,walk,43225.0,43788.0,563.0,leisure,home
31240_2022-12-27,0.0,walk,58443.0,59700.0,1257.0,home,shop
31240_2022-12-27,1.0,walk,60085.0,61259.0,1174.0,shop,home
30827_2022-12-04,0.0,walk,51068.0,51268.0,200.0,home,home
30827_2022-12-04,1.0,walk,53729.0,53758.0,29.0,home,home
30310_2022-09-22,0.0,mpt,30123.0,30352.0,229.0,home,home
30310_2022-09-22,1.0,mpt,51993.0,52946.0,953.0,home,home
31087_2022-08-22,0.0,walk,15210.0,15339.0,129.0,home,home
31087_2022-08-22,1.0,walk,19998.0,23822.0,3824.0,home,home
31087_2022-08-22,2.0,mpt,37582.0,45183.0,7601.0,home,home
31087_2022-08-22,3.0,walk,45852.0,45870.0,18.0,home,home
31087_2022-08-22,4.0,mpt,52900.0,53299.0,399.0,home,shop
31087_2022-08-22,5.0,mpt,53849.0,54565.0,716.0,shop,home
31087_2022-08-22,6.0,walk,59744.0,63151.0,3407.0,home,home
30915_2022-12-05,0.0,walk,36885.0,37109.0,224.0,home,other
30915_2022-12-05,1.0,walk,37459.0,38041.0,582.0,other,education
30915_2022-12-05,2.0,pt,41127.0,41467.0,340.0,education,leisure
30915_2022-12-05,3.0,pt,44057.0,45107.0,1050.0,leisure,home
30915_2022-12-05,4.0,walk,70440.0,71991.0,1551.0,home,home
30310_2022-09-29,0.0,mpt,32733.0,38555.0,5822.0,home,shop
30310_2022-09-29,1.0,mpt,38957.0,40244.0,1287.0,shop,other
30310_2022-09-29,2.0,mpt,40860.0,40930.0,70.0,other,education
30310_2022-09-29,3.0,mpt,48834.0,54136.0,5302.0,education,shop
30310_2022-09-29,4.0,mpt,55569.0,57237.0,1668.0,shop,other
30310_2022-09-29,5.0,mpt,58041.0,58294.0,253.0,other,leisure
30310_2022-09-29,6.0,mpt,65723.0,66580.0,857.0,leisure,home
30870_2023-01-04,0.0,walk,18745.0,19627.0,882.0,home,home
30870_2023-01-04,1.0,pt,22425.0,24828.0,2403.0,home,education
30870_2023-01-04,2.0,bike,40099.0,40679.0,580.0,education,home
30870_2023-01-04,3.0,walk,41220.0,41296.0,76.0,home,work
30870_2023-01-04,4.0,pt,61477.0,63739.0,2262.0,work,home
30358_2022-10-13,0.0,bike,37144.0,37646.0,502.0,home,education
30358_2022-10-13,1.0,bike,46587.0,47325.0,738.0,education,leisure
30358_2022-10-13,2.0,bike,50997.0,51874.0,877.0,leisure,home
31218_2022-10-03,0.0,mpt,53788.0,55255.0,1467.0,home,leisure
31218_2022-10-03,1.0,mpt,65356.0,69410.0,4054.0,leisure,home
30266_2022-12-15,0.0,pt,38203.0,39905.0,1702.0,home,home
30266_2022-12-15,1.0,pt,45885.0,46672.0,787.0,home,other
30266_2022-12-15,2.0,pt,47409.0,48166.0,757.0,other,other
30266_2022-12-15,3.0,pt,48667.0,50187.0,1520.0,other,home
30388_2022-12-15,0.0,pt,27014.0,29820.0,2806.0,home,work
30388_2022-12-15,1.0,walk,58873.0,59192.0,319.0,work,education
30388_2022-12-15,2.0,pt,59595.0,60378.0,783.0,education,home
30704_2022-11-28,0.0,walk,34102.0,36735.0,2633.0,home,home
30704_2022-11-28,1.0,walk,75847.0,76253.0,406.0,home,home
30444_2022-09-02,0.0,walk,63174.0,63259.0,85.0,home,home
31297_2022-08-04,0.0,mpt,30080.0,31369.0,1289.0,home,home
31297_2022-08-04,1.0,walk,31942.0,32562.0,620.0,home,home
31297_2022-08-04,2.0,walk,33092.0,34170.0,1078.0,home,leisure
31297_2022-08-04,3.0,mpt,35011.0,35611.0,600.0,leisure,home
31101_2022-11-08,0.0,walk,45894.0,48380.0,2486.0,home,shop
31101_2022-11-08,1.0,walk,49457.0,50002.0,545.0,shop,shop
31101_2022-11-08,2.0,walk,52019.0,53564.0,1545.0,shop,home
30053_2022-11-15,0.0,walk,51003.0,51151.0,148.0,home,other
30053_2022-11-15,1.0,walk,51633.0,51972.0,339.0,other,home
31087_2022-08-09,0.0,walk,19189.0,23652.0,4463.0,home,home
31087_2022-08-09,1.0,mpt,29461.0,30628.0,1167.0,home,shop
31087_2022-08-09,2.0,mpt,37716.0,38230.0,514.0,shop,home
31087_2022-08-09,3.0,mpt,38772.0,39661.0,889.0,home,home
31087_2022-08-09,4.0,walk,40040.0,41214.0,1174.0,home,home
31087_2022-08-09,5.0,walk,56016.0,56132.0,116.0,home,home
31087_2022-08-09,6.0,mpt,64614.0,65015.0,401.0,home,home
31087_2022-08-09,7.0,walk,70756.0,70814.0,58.0,home,home
30092_2022-11-21,0.0,mpt,31789.0,32163.0,374.0,home,home
30092_2022-11-21,1.0,mpt,57311.0,57501.0,190.0,home,other
30092_2022-11-21,2.0,other,57982.0,62271.0,4289.0,other,leisure
30092_2022-11-21,3.0,mpt,65296.0,66280.0,984.0,leisure,leisure
30092_2022-11-21,4.0,mpt,78982.0,81317.0,2335.0,leisure,home
30561_2022-11-09,0.0,mpt,63768.0,64547.0,779.0,home,leisure
30561_2022-11-09,1.0,mpt,77498.0,78421.0,923.0,leisure,home
30229_2022-09-28,0.0,pt,28166.0,28919.0,753.0,home,shop
30229_2022-09-28,1.0,walk,35332.0,35498.0,166.0,shop,leisure
30229_2022-09-28,2.0,pt,35983.0,37136.0,1153.0,leisure,shop
30229_2022-09-28,3.0,walk,38265.0,38746.0,481.0,shop,home
31163_2022-10-12,0.0,pt,16383.0,16439.0,56.0,home,other
31163_2022-10-12,1.0,pt,16836.0,18868.0,2032.0,other,work
31163_2022-10-12,2.0,walk,42959.0,43570.0,611.0,work,education
31163_2022-10-12,3.0,pt,52589.0,53620.0,1031.0,education,other
31163_2022-10-12,4.0,pt,54013.0,55505.0,1492.0,other,home
30089_2022-11-21,0.0,walk,27378.0,30759.0,3381.0,home,home
30089_2022-11-21,1.0,walk,55596.0,55650.0,54.0,home,home
30785_2022-11-15,0.0,pt,24035.0,24594.0,559.0,home,other
30785_2022-11-15,1.0,pt,25026.0,28400.0,3374.0,other,other
30785_2022-11-15,2.0,pt,28785.0,29974.0,1189.0,other,home
30785_2022-11-15,3.0,pt,37300.0,38427.0,1127.0,home,other
30785_2022-11-15,4.0,pt,38791.0,42263.0,3472.0,other,home
30785_2022-11-15,5.0,mpt,64143.0,65156.0,1013.0,home,leisure
30785_2022-11-15,6.0,mpt,70037.0,70870.0,833.0,leisure,home
30339_2022-12-27,0.0,bike,43835.0,50124.0,6289.0,home,leisure
30339_2022-12-27,1.0,walk,51550.0,51633.0,83.0,leisure,other
30339_2022-12-27,2.0,walk,52200.0,52598.0,398.0,other,leisure
30339_2022-12-27,3.0,bike,55447.0,55659.0,212.0,leisure,home
30543_2022-10-07,0.0,pt,55408.0,57673.0,2265.0,home,other
30543_2022-10-07,1.0,pt,58413.0,64529.0,6116.0,other,shop
30543_2022-10-07,2.0,pt,65016.0,66960.0,1944.0,shop,home
30385_2022-09-20,0.0,mpt,19120.0,21163.0,2043.0,home,work
30385_2022-09-20,1.0,walk,43476.0,43637.0,161.0,work,education
30385_2022-09-20,2.0,mpt,52535.0,54545.0,2010.0,education,home
30688_2022-12-16,0.0,walk,39982.0,40462.0,480.0,home,home
30688_2022-12-16,1.0,walk,40887.0,40946.0,59.0,home,home
30377_2022-11-15,0.0,pt,24307.0,25484.0,1177.0,home,work
30377_2022-11-15,1.0,pt,57435.0,58421.0,986.0,work,home
31163_2022-10-14,0.0,mpt,20814.0,21390.0,576.0,home,other
31163_2022-10-14,1.0,mpt,22565.0,22995.0,430.0,other,home
31163_2022-10-14,2.0,walk,54238.0,54801.0,563.0,home,home
31163_2022-10-14,3.0,mpt,62289.0,63655.0,1366.0,home,leisure
31163_2022-10-14,4.0,walk,65129.0,65776.0,647.0,leisure,leisure
31163_2022-10-14,5.0,walk,66773.0,67425.0,652.0,leisure,leisure
31163_2022-10-14,6.0,walk,68016.0,68074.0,58.0,leisure,leisure
31163_2022-10-14,7.0,mpt,74200.0,75421.0,1221.0,leisure,home
30769_2022-11-07,0.0,mpt,24048.0,24676.0,628.0,home,education
30769_2022-11-07,1.0,mpt,27723.0,32177.0,4454.0,education,education
30769_2022-11-07,2.0,mpt,36640.0,36880.0,240.0,education,shop
30769_2022-11-07,3.0,mpt,40279.0,40487.0,208.0,shop,education
30769_2022-11-07,4.0,mpt,47447.0,50714.0,3267.0,education,home
30769_2022-11-07,5.0,mpt,56674.0,57248.0,574.0,home,other
30769_2022-11-07,6.0,mpt,60067.0,60527.0,460.0,other,leisure
30769_2022-11-07,7.0,mpt,62508.0,62991.0,483.0,leisure,shop
30769_2022-11-07,8.0,mpt,65043.0,65389.0,346.0,shop,home
30750_2022-11-01,0.0,mpt,24437.0,25643.0,1206.0,home,work
30750_2022-11-01,1.0,mpt,33509.0,34624.0,1115.0,work,home
30235_2022-11-16,0.0,walk,19104.0,20661.0,1557.0,home,home
30235_2022-11-16,1.0,mpt,22052.0,22384.0,332.0,home,home
30235_2022-11-16,2.0,walk,37873.0,39710.0,1837.0,home,home
30235_2022-11-16,3.0,walk,60544.0,61807.0,1263.0,home,home
31119_2023-01-14,0.0,mpt,26736.0,28142.0,1406.0,home,education
31119_2023-01-14,1.0,mpt,28965.0,33069.0,4104.0,education,leisure
31119_2023-01-14,2.0,walk,35104.0,36799.0,1695.0,leisure,shop
31119_2023-01-14,3.0,walk,37372.0,38122.0,750.0,shop,home
31119_2023-01-14,4.0,mpt,51746.0,52466.0,720.0,home,home
31119_2023-01-14,5.0,mpt,69739.0,70345.0,606.0,home,leisure
31119_2023-01-14,6.0,mpt,74610.0,75121.0,511.0,leisure,home
30385_2022-08-31,0.0,pt,15859.0,16282.0,423.0,home,other
30385_2022-08-31,1.0,pt,18394.0,22543.0,4149.0,other,education
30385_2022-08-31,2.0,walk,33303.0,33424.0,121.0,education,education
30385_2022-08-31,3.0,walk,49085.0,49306.0,221.0,education,education
30385_2022-08-31,4.0,pt,52919.0,59714.0,6795.0,education,home
30385_2022-09-25,0.0,other,43396.0,46700.0,3304.0,home,home
30140_2022-11-29,0.0,walk,23125.0,25318.0,2193.0,home,home
30140_2022-11-29,1.0,walk,61931.0,64141.0,2210.0,home,home
30140_2022-11-29,2.0,other,70836.0,71864.0,1028.0,home,home
30190_2022-09-16,0.0,mpt,52553.0,53529.0,976.0,home,leisure
30190_2022-09-16,1.0,mpt,54824.0,55143.0,319.0,leisure,shop
30190_2022-09-16,2.0,mpt,57185.0,58258.0,1073.0,shop,home
30945_2022-11-21,0.0,walk,24615.0,25258.0,643.0,home,leisure
30945_2022-11-21,1.0,walk,25612.0,26629.0,1017.0,leisure,home
30945_2022-11-21,2.0,mpt,31339.0,31953.0,614.0,home,work
30945_2022-11-21,3.0,mpt,39010.0,39765.0,755.0,work,home
30945_2022-11-21,4.0,mpt,58318.0,58859.0,541.0,home,other
30945_2022-11-21,5.0,mpt,62401.0,63251.0,850.0,other,other
30945_2022-11-21,6.0,mpt,63586.0,63902.0,316.0,other,home
31260_2022-11-23,0.0,walk,42339.0,42995.0,656.0,home,leisure
31260_2022-11-23,1.0,walk,45756.0,45996.0,240.0,leisure,home
31116_2022-10-06,0.0,pt,15434.0,17242.0,1808.0,home,work
31116_2022-10-06,1.0,walk,39789.0,39965.0,176.0,work,education
31116_2022-10-06,2.0,pt,56289.0,58471.0,2182.0,education,home
30246_2022-08-11,0.0,bike,21121.0,22192.0,1071.0,home,education
30246_2022-08-11,1.0,walk,38754.0,39203.0,449.0,education,education
30246_2022-08-11,2.0,bike,59254.0,60134.0,880.0,education,shop
30246_2022-08-11,3.0,bike,60526.0,60837.0,311.0,shop,home
30246_2022-08-11,4.0,walk,63838.0,68490.0,4652.0,home,home
30948_2023-01-03,0.0,mpt,22411.0,23166.0,755.0,home,education
30948_2023-01-03,1.0,walk,34010.0,34263.0,253.0,education,education
30948_2023-01-03,2.0,walk,35186.0,35394.0,208.0,education,education
30948_2023-01-03,3.0,walk,36685.0,36914.0,229.0,education,work
30948_2023-01-03,4.0,mpt,47370.0,48293.0,923.0,work,work
30948_2023-01-03,5.0,mpt,76077.0,76740.0,663.0,work,home
30222_2022-10-29,0.0,walk,37944.0,38157.0,213.0,home,shop
30222_2022-10-29,1.0,walk,39289.0,39601.0,312.0,shop,home
30222_2022-10-29,2.0,mpt,40921.0,41756.0,835.0,home,leisure
30222_2022-10-29,3.0,mpt,53492.0,54732.0,1240.0,leisure,home
30948_2023-01-02,0.0,mpt,27247.0,27801.0,554.0,home,work
30948_2023-01-02,1.0,mpt,60605.0,61073.0,468.0,work,home
30026_2022-12-19,0.0,walk,24589.0,24881.0,292.0,home,home
30026_2022-12-19,1.0,mpt,31810.0,34298.0,2488.0,home,other
30026_2022-12-19,2.0,mpt,38366.0,42483.0,4117.0,other,home
31034_2022-10-19,0.0,mpt,38431.0,38811.0,380.0,home,leisure
31034_2022-10-19,1.0,mpt,39622.0,40276.0,654.0,leisure,leisure
31034_2022-10-19,2.0,mpt,41334.0,42190.0,856.0,leisure,leisure
31034_2022-10-19,3.0,walk,43671.0,43776.0,105.0,leisure,other
31034_2022-10-19,4.0,walk,45606.0,46843.0,1237.0,other,other
31034_2022-10-19,5.0,walk,50134.0,50930.0,796.0,other,leisure
31034_2022-10-19,6.0,mpt,54079.0,55220.0,1141.0,leisure,shop
31034_2022-10-19,7.0,mpt,55615.0,56007.0,392.0,shop,home
31034_2022-10-19,8.0,mpt,59944.0,60675.0,731.0,home,leisure
31034_2022-10-19,9.0,mpt,64716.0,65450.0,734.0,leisure,home
30878_2022-08-29,0.0,mpt,18515.0,20232.0,1717.0,home,home
30878_2022-08-29,1.0,bike,40671.0,43387.0,2716.0,home,education
30878_2022-08-29,2.0,bike,52291.0,55820.0,3529.0,education,home
30394_2022-11-28,0.0,walk,31742.0,31816.0,74.0,home,home
30394_2022-11-28,1.0,mpt,62324.0,62905.0,581.0,home,home
30450_2022-09-14,0.0,walk,21350.0,21569.0,219.0,other,home
30450_2022-09-14,1.0,mpt,34450.0,35839.0,1389.0,home,home
30450_2022-09-14,2.0,mpt,56637.0,58510.0,1873.0,home,shop
30450_2022-09-14,3.0,mpt,61295.0,62411.0,1116.0,shop,leisure
30450_2022-09-14,4.0,mpt,65305.0,66324.0,1019.0,leisure,other
30679_2022-10-27,0.0,walk,54781.0,56493.0,1712.0,home,shop
30679_2022-10-27,1.0,walk,56864.0,57415.0,551.0,shop,home
30704_2022-12-05,0.0,walk,32279.0,32395.0,116.0,home,home
30704_2022-12-05,1.0,walk,34238.0,36111.0,1873.0,home,home
30704_2022-12-05,2.0,walk,79666.0,80155.0,489.0,home,home
30830_2022-12-07,0.0,pt,18039.0,19260.0,1221.0,home,education
30830_2022-12-07,1.0,walk,40531.0,40770.0,239.0,education,work
30830_2022-12-07,2.0,pt,57908.0,59647.0,1739.0,work,home
31145_2022-11-11,0.0,walk,43771.0,44130.0,359.0,home,shop
31145_2022-11-11,1.0,walk,44805.0,45399.0,594.0,shop,home
31145_2022-11-11,2.0,walk,48423.0,50285.0,1862.0,home,home
30695_2022-11-10,0.0,pt,16783.0,19372.0,2589.0,home,work
30695_2022-11-10,1.0,pt,62716.0,65820.0,3104.0,work,home
30905_2022-09-18,0.0,mpt,23547.0,24555.0,1008.0,home,leisure
30905_2022-09-18,1.0,walk,25087.0,25200.0,113.0,leisure,leisure
30905_2022-09-18,2.0,mpt,25580.0,27950.0,2370.0,leisure,home
31000_2022-12-09,0.0,mpt,57820.0,58988.0,1168.0,home,other
31000_2022-12-09,1.0,other,60478.0,61477.0,999.0,other,home
30617_2022-11-08,0.0,pt,33977.0,35732.0,1755.0,home,education
30617_2022-11-08,1.0,walk,36144.0,36162.0,18.0,education,education
30617_2022-11-08,2.0,walk,39897.0,39919.0,22.0,education,education
30617_2022-11-08,3.0,pt,57395.0,58902.0,1507.0,education,home
30990_2022-11-27,0.0,mpt,31340.0,31987.0,647.0,home,shop
30990_2022-11-27,1.0,walk,41348.0,43325.0,1977.0,shop,home
30217_2022-11-02,0.0,walk,39575.0,39790.0,215.0,home,other
30217_2022-11-02,1.0,mpt,40312.0,41099.0,787.0,other,leisure
30217_2022-11-02,2.0,mpt,43948.0,44045.0,97.0,leisure,home
30217_2022-11-02,3.0,mpt,44700.0,44825.0,125.0,home,home
30217_2022-11-02,4.0,mpt,47645.0,48881.0,1236.0,home,other
30217_2022-11-02,5.0,mpt,50737.0,52262.0,1525.0,other,leisure
30217_2022-11-02,6.0,walk,53544.0,54129.0,585.0,leisure,leisure
30217_2022-11-02,7.0,walk,54819.0,54969.0,150.0,leisure,leisure
30217_2022-11-02,8.0,walk,55853.0,55978.0,125.0,leisure,leisure
30217_2022-11-02,9.0,walk,56702.0,56727.0,25.0,leisure,leisure
30217_2022-11-02,10.0,walk,57097.0,58159.0,1062.0,leisure,leisure
30217_2022-11-02,11.0,mpt,59157.0,61256.0,2099.0,leisure,home
30399_2022-12-19,0.0,mpt,16358.0,17118.0,760.0,home,education
30399_2022-12-19,1.0,walk,37731.0,38192.0,461.0,education,shop
30399_2022-12-19,2.0,walk,38656.0,39106.0,450.0,shop,education
30399_2022-12-19,3.0,mpt,48704.0,49318.0,614.0,education,home
30399_2022-12-19,4.0,mpt,50979.0,51613.0,634.0,home,leisure
30399_2022-12-19,5.0,walk,53334.0,53422.0,88.0,leisure,other
30399_2022-12-19,6.0,mpt,53929.0,54617.0,688.0,other,home
30663_2022-11-07,0.0,bike,32200.0,32496.0,296.0,home,home
30663_2022-11-07,1.0,bike,33684.0,34015.0,331.0,home,home
31224_2022-09-08,0.0,bike,41349.0,41693.0,344.0,home,shop
31224_2022-09-08,1.0,bike,43706.0,44148.0,442.0,shop,home
31224_2022-09-08,2.0,walk,46744.0,46869.0,125.0,home,other
31224_2022-09-08,3.0,walk,47700.0,47998.0,298.0,other,home
31224_2022-09-08,4.0,bike,52539.0,52968.0,429.0,home,leisure
31224_2022-09-08,5.0,bike,54386.0,55830.0,1444.0,leisure,leisure
31224_2022-09-08,6.0,bike,56497.0,57478.0,981.0,leisure,home
30592_2022-11-07,0.0,mpt,23481.0,24129.0,648.0,home,education
30592_2022-11-07,1.0,walk,37361.0,37431.0,70.0,education,education
30592_2022-11-07,2.0,mpt,40235.0,41104.0,869.0,education,home
30592_2022-11-07,3.0,mpt,49091.0,50160.0,1069.0,home,home
30592_2022-11-07,4.0,mpt,54400.0,55704.0,1304.0,home,home
30401_2022-11-23,0.0,pt,28908.0,30151.0,1243.0,home,education
30401_2022-11-23,1.0,walk,36684.0,36864.0,180.0,education,shop
30401_2022-11-23,2.0,walk,37311.0,37387.0,76.0,shop,leisure
30401_2022-11-23,3.0,walk,40645.0,40781.0,136.0,leisure,home
30401_2022-11-23,4.0,pt,43251.0,44240.0,989.0,home,other
30401_2022-11-23,5.0,bike,44918.0,45478.0,560.0,other,home
30401_2022-11-23,6.0,bike,64704.0,65009.0,305.0,home,leisure
30401_2022-11-23,7.0,bike,70694.0,71137.0,443.0,leisure,home
30401_2022-11-23,8.0,walk,73453.0,73583.0,130.0,home,home
30092_2022-11-02,0.0,bike,49815.0,49966.0,151.0,home,shop
30092_2022-11-02,1.0,bike,50504.0,50851.0,347.0,shop,home
31010_2022-11-02,0.0,mpt,26061.0,26851.0,790.0,home,leisure
31010_2022-11-02,1.0,mpt,32829.0,33228.0,399.0,leisure,shop
31010_2022-11-02,2.0,mpt,33778.0,34461.0,683.0,shop,home
31010_2022-11-02,3.0,mpt,44164.0,45609.0,1445.0,home,education
31010_2022-11-02,4.0,mpt,59672.0,61385.0,1713.0,education,other
31010_2022-11-02,5.0,mpt,63220.0,63403.0,183.0,other,other
31010_2022-11-02,6.0,mpt,76455.0,76640.0,185.0,other,home
30948_2023-01-11,0.0,mpt,32307.0,33691.0,1384.0,home,other
30948_2023-01-11,1.0,walk,42490.0,42540.0,50.0,other,other
30948_2023-01-11,2.0,pt,42911.0,43126.0,215.0,other,education
30948_2023-01-11,3.0,walk,43528.0,43868.0,340.0,education,leisure
30948_2023-01-11,4.0,walk,56639.0,56796.0,157.0,leisure,education
30948_2023-01-11,5.0,mpt,61196.0,62414.0,1218.0,education,home
30848_2022-11-15,0.0,mpt,35445.0,37377.0,1932.0,home,home
30848_2022-11-15,1.0,mpt,41892.0,43281.0,1389.0,home,other
30848_2022-11-15,2.0,mpt,43709.0,44918.0,1209.0,other,home
30848_2022-11-15,3.0,mpt,66249.0,66746.0,497.0,home,home
30848_2022-11-15,4.0,mpt,68012.0,68473.0,461.0,home,other
30848_2022-11-15,5.0,mpt,68941.0,69485.0,544.0,other,home
30980_2022-11-14,0.0,mpt,52710.0,53151.0,441.0,home,other
30980_2022-11-14,1.0,walk,53597.0,53804.0,207.0,other,home
31085_2022-09-26,0.0,mpt,30559.0,30674.0,115.0,home,education
31085_2022-09-26,1.0,walk,31695.0,31749.0,54.0,education,work
31085_2022-09-26,2.0,mpt,45882.0,46309.0,427.0,work,shop
31085_2022-09-26,3.0,mpt,47282.0,47918.0,636.0,shop,home
30905_2022-09-16,0.0,mpt,29771.0,31685.0,1914.0,home,leisure
30905_2022-09-16,1.0,mpt,32061.0,33452.0,1391.0,leisure,home
30905_2022-09-16,2.0,mpt,41377.0,41986.0,609.0,home,shop
30905_2022-09-16,3.0,mpt,45339.0,45902.0,563.0,shop,other
30905_2022-09-16,4.0,walk,57206.0,57519.0,313.0,other,home
30351_2022-11-17,0.0,walk,64833.0,65434.0,601.0,home,home
30938_2022-08-04,0.0,walk,29497.0,30406.0,909.0,home,education
30938_2022-08-04,1.0,walk,62184.0,63234.0,1050.0,education,shop
30938_2022-08-04,2.0,walk,63598.0,63943.0,345.0,shop,home
30433_2022-11-20,0.0,mpt,23.0,1391.0,1368.0,leisure,home
30433_2022-11-20,1.0,walk,51380.0,54210.0,2830.0,home,leisure
30433_2022-11-20,2.0,mpt,61790.0,62823.0,1033.0,leisure,shop
30433_2022-11-20,3.0,mpt,64202.0,64874.0,672.0,shop,leisure
30433_2022-11-20,4.0,mpt,72580.0,72933.0,353.0,leisure,home
30366_2022-11-20,0.0,walk,53898.0,53953.0,55.0,home,home
30366_2022-11-20,1.0,mpt,57537.0,58533.0,996.0,home,home
31297_2022-07-28,0.0,mpt,29465.0,32897.0,3432.0,home,shop
31297_2022-07-28,1.0,mpt,33253.0,35914.0,2661.0,shop,home
31297_2022-07-28,2.0,mpt,53094.0,53993.0,899.0,home,home
31297_2022-07-28,3.0,walk,54867.0,56448.0,1581.0,home,home
31297_2022-07-28,4.0,walk,57327.0,58110.0,783.0,home,leisure
31297_2022-07-28,5.0,mpt,68585.0,69335.0,750.0,leisure,home
30555_2022-12-02,0.0,pt,40616.0,41174.0,558.0,home,shop
30555_2022-12-02,1.0,pt,42310.0,42597.0,287.0,shop,home
30741_2022-11-16,0.0,walk,27459.0,28020.0,561.0,home,education
30741_2022-11-16,1.0,walk,37631.0,38229.0,598.0,education,other
30741_2022-11-16,2.0,walk,43899.0,44708.0,809.0,other,education
30741_2022-11-16,3.0,walk,50141.0,50733.0,592.0,education,home
30741_2022-11-16,4.0,pt,59387.0,60237.0,850.0,home,education
30741_2022-11-16,5.0,pt,66658.0,67228.0,570.0,education,other
30741_2022-11-16,6.0,pt,67934.0,69533.0,1599.0,other,home
30174_2022-08-28,0.0,bike,21772.0,22615.0,843.0,home,home
30174_2022-08-28,1.0,pt,34550.0,36283.0,1733.0,home,leisure
30174_2022-08-28,2.0,bike,37951.0,39649.0,1698.0,leisure,other
30174_2022-08-28,3.0,bike,40548.0,43450.0,2902.0,other,home
30838_2022-12-01,0.0,pt,27870.0,28997.0,1127.0,home,education
30838_2022-12-01,1.0,walk,35078.0,35672.0,594.0,education,education
30838_2022-12-01,2.0,walk,37020.0,37437.0,417.0,education,education
30838_2022-12-01,3.0,walk,55824.0,57348.0,1524.0,education,home
30109_2022-12-20,0.0,bike,55199.0,55312.0,113.0,home,shop
30109_2022-12-20,1.0,bike,56009.0,56589.0,580.0,shop,other
30109_2022-12-20,2.0,bike,57700.0,58261.0,561.0,other,leisure
30109_2022-12-20,3.0,bike,60494.0,61038.0,544.0,leisure,home
30327_2022-12-07,0.0,mpt,34393.0,35355.0,962.0,home,home
30327_2022-12-07,1.0,walk,39666.0,45834.0,6168.0,home,home
30327_2022-12-07,2.0,pt,48555.0,49706.0,1151.0,home,shop
30327_2022-12-07,3.0,pt,54451.0,55593.0,1142.0,shop,home
30850_2023-01-13,0.0,pt,28407.0,31520.0,3113.0,home,other
30850_2023-01-13,1.0,pt,31955.0,33161.0,1206.0,other,education
30850_2023-01-13,2.0,pt,43689.0,48024.0,4335.0,education,other
30850_2023-01-13,3.0,pt,48652.0,49112.0,460.0,other,home
31297_2022-08-14,0.0,mpt,30560.0,32186.0,1626.0,home,home
31297_2022-08-14,1.0,mpt,32615.0,36357.0,3742.0,home,home
30045_2022-10-27,0.0,pt,15575.0,19272.0,3697.0,home,education
30045_2022-10-27,1.0,walk,35208.0,35262.0,54.0,education,work
30045_2022-10-27,2.0,pt,53528.0,57531.0,4003.0,work,home
30045_2022-10-27,3.0,bike,60423.0,60800.0,377.0,home,other
30045_2022-10-27,4.0,bike,66003.0,66127.0,124.0,other,home
30542_2022-11-23,0.0,pt,18929.0,19364.0,435.0,home,other
30542_2022-11-23,1.0,pt,19894.0,21241.0,1347.0,other,education
30542_2022-11-23,2.0,walk,39893.0,41621.0,1728.0,education,home
30542_2022-11-23,3.0,walk,63663.0,64916.0,1253.0,home,education
30542_2022-11-23,4.0,walk,72277.0,72789.0,512.0,education,home
30399_2022-12-16,0.0,mpt,39419.0,39841.0,422.0,home,leisure
30399_2022-12-16,1.0,mpt,42745.0,43066.0,321.0,leisure,home
30399_2022-12-16,2.0,mpt,50980.0,51231.0,251.0,home,leisure
30399_2022-12-16,3.0,mpt,53275.0,53518.0,243.0,leisure,home
31237_2022-12-05,0.0,mpt,44607.0,45322.0,715.0,home,other
31237_2022-12-05,1.0,mpt,46126.0,46445.0,319.0,other,leisure
31237_2022-12-05,2.0,pt,55174.0,55461.0,287.0,leisure,other
31237_2022-12-05,3.0,walk,56179.0,59632.0,3453.0,other,other
31237_2022-12-05,4.0,walk,60030.0,60416.0,386.0,other,home
30229_2022-09-26,0.0,walk,22309.0,22448.0,139.0,home,other
30229_2022-09-26,1.0,walk,23343.0,23664.0,321.0,other,home
30229_2022-09-26,2.0,walk,38981.0,39653.0,672.0,home,shop
30229_2022-09-26,3.0,walk,42066.0,42218.0,152.0,shop,shop
30229_2022-09-26,4.0,walk,42779.0,43311.0,532.0,shop,home
30229_2022-09-26,5.0,walk,50543.0,50769.0,226.0,home,home
30229_2022-09-26,6.0,walk,54766.0,54833.0,67.0,home,home
31284_2022-08-26,0.0,mpt,54212.0,55988.0,1776.0,home,leisure
31284_2022-08-26,1.0,mpt,56400.0,56909.0,509.0,leisure,home
30222_2022-10-28,0.0,walk,15758.0,15781.0,23.0,home,education
30222_2022-10-28,1.0,walk,30604.0,30728.0,124.0,education,education
30222_2022-10-28,2.0,walk,34821.0,35226.0,405.0,education,home
30222_2022-10-28,3.0,bike,45332.0,45508.0,176.0,home,home
30222_2022-10-28,4.0,walk,46273.0,46400.0,127.0,home,home
30222_2022-10-28,5.0,walk,48837.0,49121.0,284.0,home,education
30222_2022-10-28,6.0,bike,50575.0,51381.0,806.0,education,home
30222_2022-10-28,7.0,mpt,52490.0,55001.0,2511.0,home,home
30690_2022-09-08,0.0,walk,35241.0,35482.0,241.0,home,shop
30690_2022-09-08,1.0,walk,35978.0,36625.0,647.0,shop,shop
30690_2022-09-08,2.0,walk,37121.0,37136.0,15.0,shop,home
30690_2022-09-08,3.0,pt,42804.0,47966.0,5162.0,home,work
30690_2022-09-08,4.0,pt,61365.0,65459.0,4094.0,work,home
30995_2022-12-07,0.0,mpt,23441.0,24209.0,768.0,home,education
30995_2022-12-07,1.0,mpt,39122.0,39431.0,309.0,education,leisure
30995_2022-12-07,2.0,mpt,43703.0,44038.0,335.0,leisure,education
30995_2022-12-07,3.0,mpt,73304.0,73912.0,608.0,education,home
30636_2022-10-28,0.0,mpt,21423.0,22200.0,777.0,home,education
30636_2022-10-28,1.0,mpt,34714.0,35433.0,719.0,education,home
30636_2022-10-28,2.0,mpt,55742.0,56806.0,1064.0,home,shop
30636_2022-10-28,3.0,mpt,58774.0,59500.0,726.0,shop,leisure
30636_2022-10-28,4.0,mpt,61184.0,61925.0,741.0,leisure,home
31005_2022-11-13,0.0,walk,48192.0,48652.0,460.0,home,home
30136_2022-11-16,0.0,pt,25382.0,26591.0,1209.0,home,other
30136_2022-11-16,1.0,pt,27049.0,29774.0,2725.0,other,work
30136_2022-11-16,2.0,pt,60924.0,61599.0,675.0,work,other
30136_2022-11-16,3.0,pt,62289.0,62426.0,137.0,other,other
30136_2022-11-16,4.0,pt,63165.0,66653.0,3488.0,other,home
30648_2022-10-31,0.0,mpt,29778.0,45970.0,16192.0,home,shop
30648_2022-10-31,1.0,mpt,46423.0,48218.0,1795.0,shop,home
30648_2022-10-31,2.0,mpt,49919.0,51442.0,1523.0,home,home
30648_2022-10-31,3.0,mpt,51817.0,54937.0,3120.0,home,home
30294_2022-12-30,0.0,mpt,26454.0,28311.0,1857.0,home,shop
30294_2022-12-30,1.0,mpt,30778.0,32609.0,1831.0,shop,home
30294_2022-12-30,2.0,mpt,40766.0,46208.0,5442.0,home,home
30294_2022-12-30,3.0,walk,64809.0,67174.0,2365.0,home,home
30835_2022-11-09,0.0,mpt,18941.0,22103.0,3162.0,home,education
30835_2022-11-09,1.0,mpt,59188.0,63030.0,3842.0,education,home
30544_2022-11-06,0.0,walk,35129.0,42624.0,7495.0,home,home
30544_2022-11-06,1.0,walk,68513.0,69110.0,597.0,home,home
30544_2022-11-06,2.0,walk,76834.0,76867.0,33.0,home,home
31119_2023-01-06,0.0,mpt,19181.0,19495.0,314.0,education,education
31119_2023-01-06,1.0,mpt,22458.0,27017.0,4559.0,education,home
31119_2023-01-06,2.0,mpt,29928.0,30056.0,128.0,home,home
31119_2023-01-06,3.0,mpt,40495.0,41239.0,744.0,home,leisure
31119_2023-01-06,4.0,mpt,46094.0,46602.0,508.0,leisure,home
31119_2023-01-06,5.0,walk,54602.0,57160.0,2558.0,home,home
31119_2023-01-06,6.0,walk,71770.0,71922.0,152.0,home,home
30109_2022-12-21,0.0,bike,31271.0,31587.0,316.0,home,other
30109_2022-12-21,1.0,walk,35949.0,36098.0,149.0,other,other
30109_2022-12-21,2.0,bike,37696.0,38020.0,324.0,other,home
31080_2022-10-07,0.0,walk,38291.0,38820.0,529.0,home,home
30270_2022-11-07,0.0,bike,43397.0,44374.0,977.0,home,education
30270_2022-11-07,1.0,bike,62141.0,63240.0,1099.0,education,home
31261_2022-12-11,0.0,walk,11348.0,13011.0,1663.0,other,home
31261_2022-12-11,1.0,walk,42603.0,50732.0,8129.0,home,home
31261_2022-12-11,2.0,walk,56438.0,58202.0,1764.0,home,home
31261_2022-12-11,3.0,walk,69533.0,69979.0,446.0,home,other
31261_2022-12-11,4.0,pt,70428.0,71682.0,1254.0,other,home
30486_2022-11-18,0.0,mpt,40297.0,40711.0,414.0,home,home
30486_2022-11-18,1.0,mpt,49629.0,49689.0,60.0,home,shop
30486_2022-11-18,2.0,mpt,50152.0,50304.0,152.0,shop,home
30486_2022-11-18,3.0,mpt,71853.0,72401.0,548.0,home,home
30903_2022-12-14,0.0,mpt,63539.0,66801.0,3262.0,home,other
30903_2022-12-14,1.0,mpt,68614.0,70366.0,1752.0,other,home
30903_2022-12-14,2.0,mpt,80112.0,80603.0,491.0,home,other
30903_2022-12-14,3.0,mpt,81946.0,82496.0,550.0,other,home
30185_2022-12-11,0.0,mpt,58014.0,59714.0,1700.0,home,home
30013_2022-11-16,0.0,walk,25745.0,26421.0,676.0,home,other
30013_2022-11-16,1.0,walk,28957.0,29819.0,862.0,other,home
30013_2022-11-16,2.0,mpt,63054.0,63846.0,792.0,home,shop
30013_2022-11-16,3.0,walk,64305.0,64539.0,234.0,shop,other
30013_2022-11-16,4.0,mpt,64949.0,65679.0,730.0,other,leisure
30013_2022-11-16,5.0,mpt,66343.0,66603.0,260.0,leisure,home
30694_2022-08-31,0.0,walk,29406.0,29635.0,229.0,home,work
30694_2022-08-31,1.0,mpt,59491.0,59552.0,61.0,work,home
30694_2022-08-31,2.0,mpt,60812.0,62821.0,2009.0,home,leisure
30694_2022-08-31,3.0,walk,63503.0,63704.0,201.0,leisure,leisure
30694_2022-08-31,4.0,walk,71214.0,71401.0,187.0,leisure,leisure
30694_2022-08-31,5.0,mpt,75105.0,78137.0,3032.0,leisure,home
30591_2023-01-16,0.0,mpt,63979.0,64107.0,128.0,home,other
30591_2023-01-16,1.0,mpt,64725.0,64858.0,133.0,other,home
30932_2022-10-29,0.0,walk,49199.0,49933.0,734.0,home,shop
30932_2022-10-29,1.0,walk,50395.0,51160.0,765.0,shop,home
30932_2022-10-29,2.0,walk,52481.0,52871.0,390.0,home,home
30932_2022-10-29,3.0,walk,60892.0,61286.0,394.0,home,shop
30932_2022-10-29,4.0,walk,61965.0,62288.0,323.0,shop,home
30835_2022-11-10,0.0,mpt,38892.0,41297.0,2405.0,home,other
30835_2022-11-10,1.0,mpt,42350.0,44427.0,2077.0,other,home
30835_2022-11-10,2.0,mpt,59452.0,60759.0,1307.0,home,education
30835_2022-11-10,3.0,mpt,66069.0,66972.0,903.0,education,home
30327_2022-12-01,0.0,pt,21707.0,22788.0,1081.0,home,other
30327_2022-12-01,1.0,pt,25646.0,26009.0,363.0,other,other
30327_2022-12-01,2.0,pt,26676.0,27410.0,734.0,other,home
30327_2022-12-01,3.0,walk,52109.0,57751.0,5642.0,home,home
30099_2022-08-24,0.0,bike,22010.0,23529.0,1519.0,home,work
30099_2022-08-24,1.0,bike,42060.0,43072.0,1012.0,work,home
30099_2022-08-24,2.0,walk,64115.0,65949.0,1834.0,home,leisure
30099_2022-08-24,3.0,walk,67767.0,68783.0,1016.0,leisure,home
30448_2022-10-25,0.0,walk,59764.0,60187.0,423.0,home,education
30448_2022-10-25,1.0,walk,64162.0,65051.0,889.0,education,home
30060_2023-01-17,0.0,mpt,43806.0,44009.0,203.0,home,education
30060_2023-01-17,1.0,walk,51972.0,52238.0,266.0,education,education
30060_2023-01-17,2.0,walk,59956.0,60086.0,130.0,education,other
30060_2023-01-17,3.0,walk,60658.0,61090.0,432.0,other,home
31119_2023-01-07,0.0,mpt,24652.0,25111.0,459.0,home,leisure
31119_2023-01-07,1.0,mpt,26497.0,26777.0,280.0,leisure,home
31119_2023-01-07,2.0,walk,34533.0,34982.0,449.0,home,home
31119_2023-01-07,3.0,mpt,39959.0,40467.0,508.0,home,leisure
31119_2023-01-07,4.0,mpt,43455.0,44143.0,688.0,leisure,home
31119_2023-01-07,5.0,bike,46753.0,51350.0,4597.0,home,leisure
31119_2023-01-07,6.0,bike,52328.0,54593.0,2265.0,leisure,home
31119_2023-01-07,7.0,mpt,55590.0,57064.0,1474.0,home,home
30265_2022-08-24,0.0,mpt,21905.0,23874.0,1969.0,home,work
30265_2022-08-24,1.0,mpt,61435.0,63423.0,1988.0,work,home
31204_2022-11-09,0.0,mpt,22062.0,24846.0,2784.0,home,home
31204_2022-11-09,1.0,mpt,63605.0,66710.0,3105.0,home,leisure
31204_2022-11-09,2.0,mpt,74105.0,74995.0,890.0,leisure,home
31027_2022-12-14,0.0,walk,28834.0,35528.0,6694.0,home,shop
31027_2022-12-14,1.0,mpt,36326.0,36622.0,296.0,shop,home
31027_2022-12-14,2.0,pt,61235.0,63238.0,2003.0,home,home
31027_2022-12-14,3.0,pt,68254.0,69793.0,1539.0,home,home
30932_2022-10-23,0.0,walk,29882.0,30047.0,165.0,home,home
30932_2022-10-23,1.0,walk,34946.0,37856.0,2910.0,home,home
30932_2022-10-23,2.0,mpt,57867.0,59044.0,1177.0,home,home
30932_2022-10-23,3.0,pt,65019.0,65261.0,242.0,home,other
30932_2022-10-23,4.0,pt,65882.0,68174.0,2292.0,other,other
30932_2022-10-23,5.0,pt,68840.0,69739.0,899.0,other,home
30690_2022-08-30,0.0,pt,33902.0,34692.0,790.0,home,other
30690_2022-08-30,1.0,pt,35084.0,36573.0,1489.0,other,home
30690_2022-08-30,2.0,walk,37689.0,38446.0,757.0,home,work
30690_2022-08-30,3.0,pt,60902.0,64834.0,3932.0,work,other
30690_2022-08-30,4.0,pt,65251.0,65777.0,526.0,other,leisure
30690_2022-08-30,5.0,pt,74801.0,76548.0,1747.0,leisure,home
30989_2022-12-12,0.0,mpt,56799.0,58969.0,2170.0,home,other
30989_2022-12-12,1.0,mpt,59726.0,63198.0,3472.0,other,home
30217_2022-10-10,0.0,mpt,33854.0,35968.0,2114.0,home,other
30217_2022-10-10,1.0,walk,37739.0,38439.0,700.0,other,leisure
30217_2022-10-10,2.0,walk,39347.0,40666.0,1319.0,leisure,leisure
30217_2022-10-10,3.0,walk,42600.0,43597.0,997.0,leisure,leisure
30217_2022-10-10,4.0,walk,45223.0,46617.0,1394.0,leisure,leisure
30217_2022-10-10,5.0,walk,48709.0,49126.0,417.0,leisure,leisure
30217_2022-10-10,6.0,walk,49965.0,50901.0,936.0,leisure,other
30217_2022-10-10,7.0,walk,51670.0,51771.0,101.0,other,home
30217_2022-10-10,8.0,mpt,52525.0,53282.0,757.0,home,other
30217_2022-10-10,9.0,mpt,53629.0,54478.0,849.0,other,leisure
30217_2022-10-10,10.0,walk,55528.0,56200.0,672.0,leisure,leisure
30217_2022-10-10,11.0,walk,63635.0,63959.0,324.0,leisure,other
30217_2022-10-10,12.0,mpt,64341.0,66165.0,1824.0,other,home
30544_2022-11-18,0.0,walk,25060.0,25183.0,123.0,home,shop
30544_2022-11-18,1.0,walk,26236.0,26953.0,717.0,shop,home
30544_2022-11-18,2.0,walk,27839.0,27904.0,65.0,home,home
30544_2022-11-18,3.0,walk,59758.0,60560.0,802.0,home,other
30544_2022-11-18,4.0,walk,62222.0,62952.0,730.0,other,home
31171_2022-10-19,0.0,walk,59474.0,59835.0,361.0,home,leisure
31171_2022-10-19,1.0,walk,63959.0,64328.0,369.0,leisure,leisure
31171_2022-10-19,2.0,walk,64868.0,65433.0,565.0,leisure,home
30105_2022-09-16,0.0,mpt,44188.0,45023.0,835.0,home,home
30105_2022-09-16,1.0,mpt,46262.0,47121.0,859.0,home,home
30105_2022-09-16,2.0,mpt,51816.0,52674.0,858.0,home,other
30105_2022-09-16,3.0,mpt,53035.0,54165.0,1130.0,other,home
30064_2022-12-27,0.0,walk,27066.0,27350.0,284.0,home,education
30064_2022-12-27,1.0,walk,28708.0,28772.0,64.0,education,work
30064_2022-12-27,2.0,walk,39811.0,40146.0,335.0,work,home
30064_2022-12-27,3.0,walk,61565.0,61746.0,181.0,home,home
30659_2022-11-10,0.0,walk,55578.0,55733.0,155.0,home,work
30659_2022-11-10,1.0,walk,77669.0,78586.0,917.0,work,education
30659_2022-11-10,2.0,walk,79692.0,79800.0,108.0,education,education
30659_2022-11-10,3.0,walk,81282.0,81375.0,93.0,education,education
30659_2022-11-10,4.0,walk,82075.0,82324.0,249.0,education,home
31150_2022-12-21,0.0,bike,23711.0,23799.0,88.0,home,other
31150_2022-12-21,1.0,bike,24285.0,24421.0,136.0,other,home
31150_2022-12-21,2.0,bike,60158.0,60349.0,191.0,home,other
31150_2022-12-21,3.0,bike,61317.0,61541.0,224.0,other,home
30357_2022-12-16,0.0,walk,55045.0,55092.0,47.0,home,home
30252_2023-01-05,0.0,mpt,16455.0,18009.0,1554.0,home,home
30252_2023-01-05,1.0,mpt,23310.0,24999.0,1689.0,home,home
30252_2023-01-05,2.0,walk,25416.0,25588.0,172.0,home,home
30252_2023-01-05,3.0,mpt,35345.0,35468.0,123.0,home,home
30252_2023-01-05,4.0,walk,40315.0,40896.0,581.0,home,home
30252_2023-01-05,5.0,pt,48636.0,49130.0,494.0,home,home
30252_2023-01-05,6.0,mpt,50172.0,54455.0,4283.0,home,home
30252_2023-01-05,7.0,mpt,61097.0,62381.0,1284.0,home,home
31251_2022-12-21,0.0,mpt,56458.0,59157.0,2699.0,home,home
31266_2022-12-09,0.0,pt,28572.0,30735.0,2163.0,home,home
31266_2022-12-09,1.0,pt,40470.0,41290.0,820.0,home,other
31266_2022-12-09,2.0,walk,41678.0,42531.0,853.0,other,home
30167_2022-11-09,0.0,pt,43042.0,44919.0,1877.0,home,education
30167_2022-11-09,1.0,walk,53404.0,53782.0,378.0,education,education
30167_2022-11-09,2.0,walk,57918.0,58015.0,97.0,education,education
30167_2022-11-09,3.0,mpt,61777.0,61860.0,83.0,education,education
30167_2022-11-09,4.0,pt,66035.0,68626.0,2591.0,education,home
30980_2022-10-23,0.0,mpt,27790.0,28390.0,600.0,home,leisure
30980_2022-10-23,1.0,mpt,35917.0,36625.0,708.0,leisure,home
30980_2022-10-23,2.0,mpt,39475.0,52056.0,12581.0,home,home
30980_2022-10-23,3.0,mpt,52600.0,52843.0,243.0,home,leisure
30980_2022-10-23,4.0,mpt,58301.0,61154.0,2853.0,leisure,home
30008_2022-12-04,0.0,walk,59631.0,60940.0,1309.0,home,home
30835_2022-11-22,0.0,mpt,39275.0,39568.0,293.0,home,home
30835_2022-11-22,1.0,mpt,43140.0,43426.0,286.0,home,home
30838_2022-12-20,0.0,walk,37405.0,38286.0,881.0,home,leisure
30838_2022-12-20,1.0,walk,43728.0,44355.0,627.0,leisure,home
30838_2022-12-20,2.0,walk,61108.0,61589.0,481.0,home,other
30838_2022-12-20,3.0,walk,62127.0,62174.0,47.0,other,leisure
30838_2022-12-20,4.0,walk,82450.0,83106.0,656.0,leisure,home
30872_2022-11-18,0.0,mpt,25185.0,25501.0,316.0,home,other
30872_2022-11-18,1.0,mpt,25962.0,26160.0,198.0,other,home
30872_2022-11-18,2.0,mpt,37619.0,37871.0,252.0,home,other
30872_2022-11-18,3.0,mpt,38816.0,39417.0,601.0,other,shop
30872_2022-11-18,4.0,mpt,41667.0,42170.0,503.0,shop,home
30872_2022-11-18,5.0,bike,52226.0,52541.0,315.0,home,shop
30872_2022-11-18,6.0,bike,52918.0,53422.0,504.0,shop,home
30872_2022-11-18,7.0,walk,55884.0,57703.0,1819.0,home,home
30168_2022-09-06,0.0,walk,33168.0,35440.0,2272.0,home,home
30168_2022-09-06,1.0,walk,53291.0,56394.0,3103.0,home,home
30064_2023-01-11,0.0,mpt,44333.0,44492.0,159.0,home,work
30064_2023-01-11,1.0,mpt,66354.0,66550.0,196.0,work,home
30500_2022-08-19,0.0,bike,11880.0,14464.0,2584.0,home,education
30500_2022-08-19,1.0,mpt,24120.0,24730.0,610.0,education,work
30500_2022-08-19,2.0,mpt,35114.0,37299.0,2185.0,work,leisure
30500_2022-08-19,3.0,mpt,40070.0,41459.0,1389.0,leisure,home
30500_2022-08-19,4.0,mpt,41869.0,42604.0,735.0,home,home
31027_2022-11-23,0.0,walk,27006.0,27379.0,373.0,home,home
31027_2022-11-23,1.0,walk,39043.0,39586.0,543.0,home,home
31027_2022-11-23,2.0,walk,45007.0,46162.0,1155.0,home,home
31027_2022-11-23,3.0,other,66296.0,67487.0,1191.0,home,leisure
31027_2022-11-23,4.0,pt,77276.0,78504.0,1228.0,leisure,home
30789_2022-08-16,0.0,bike,40863.0,41701.0,838.0,home,education
30789_2022-08-16,1.0,walk,46920.0,47428.0,508.0,education,other
30789_2022-08-16,2.0,bike,47826.0,48514.0,688.0,other,home
31114_2022-11-06,0.0,mpt,53219.0,54496.0,1277.0,home,home
31114_2022-11-06,1.0,mpt,55221.0,59013.0,3792.0,home,leisure
31114_2022-11-06,2.0,mpt,67995.0,68672.0,677.0,leisure,home
30454_2022-09-21,0.0,pt,15002.0,15259.0,257.0,home,other
30454_2022-09-21,1.0,pt,15655.0,18059.0,2404.0,other,work
30454_2022-09-21,2.0,walk,50623.0,51521.0,898.0,work,education
30454_2022-09-21,3.0,pt,54031.0,57311.0,3280.0,education,home
30294_2023-01-10,0.0,pt,19582.0,20320.0,738.0,home,other
30294_2023-01-10,1.0,pt,20807.0,22250.0,1443.0,other,work
30294_2023-01-10,2.0,pt,55338.0,57416.0,2078.0,work,home
31145_2022-11-13,0.0,walk,65116.0,66328.0,1212.0,home,home
30200_2022-08-15,0.0,pt,22552.0,24201.0,1649.0,home,work
30200_2022-08-15,1.0,pt,57863.0,60201.0,2338.0,work,home
30148_2022-12-22,0.0,bike,39101.0,43438.0,4337.0,home,home
30083_2022-11-16,0.0,bike,42384.0,42987.0,603.0,home,education
30083_2022-11-16,1.0,walk,50703.0,51149.0,446.0,education,education
30083_2022-11-16,2.0,walk,61012.0,61148.0,136.0,education,education
30083_2022-11-16,3.0,bike,61879.0,62641.0,762.0,education,home
30313_2022-11-04,0.0,bike,24804.0,25265.0,461.0,home,education
30313_2022-11-04,1.0,bike,27378.0,28031.0,653.0,education,home
30313_2022-11-04,2.0,bike,37236.0,38100.0,864.0,home,shop
30313_2022-11-04,3.0,walk,39763.0,39856.0,93.0,shop,leisure
30313_2022-11-04,4.0,walk,44885.0,44970.0,85.0,leisure,work
30313_2022-11-04,5.0,bike,60447.0,61568.0,1121.0,work,home
30313_2022-11-04,6.0,bike,65836.0,66014.0,178.0,home,leisure
30313_2022-11-04,7.0,bike,75332.0,75537.0,205.0,leisure,home
30408_2022-12-04,0.0,walk,56637.0,59781.0,3144.0,home,home
30252_2023-01-13,0.0,mpt,16507.0,18192.0,1685.0,home,home
30252_2023-01-13,1.0,mpt,23246.0,25265.0,2019.0,home,home
30252_2023-01-13,2.0,walk,43095.0,43927.0,832.0,home,leisure
30252_2023-01-13,3.0,mpt,44857.0,47680.0,2823.0,leisure,home
30252_2023-01-13,4.0,mpt,60549.0,61917.0,1368.0,home,home
30252_2023-01-13,5.0,walk,62728.0,62943.0,215.0,home,home
30687_2022-11-11,0.0,bike,56753.0,57365.0,612.0,home,other
30687_2022-11-11,1.0,bike,59726.0,60630.0,904.0,other,leisure
30687_2022-11-11,2.0,walk,61093.0,61740.0,647.0,leisure,shop
30687_2022-11-11,3.0,walk,63252.0,64101.0,849.0,shop,home
30011_2022-09-28,0.0,bike,20171.0,21515.0,1344.0,home,education
30011_2022-09-28,1.0,bike,56113.0,57282.0,1169.0,education,leisure
30011_2022-09-28,2.0,walk,58075.0,58297.0,222.0,leisure,home
30861_2022-11-04,0.0,mpt,63807.0,64548.0,741.0,home,home
30819_2022-11-20,0.0,walk,35595.0,39633.0,4038.0,home,home
30963_2022-10-21,0.0,mpt,25904.0,31185.0,5281.0,home,home
30963_2022-10-21,1.0,mpt,43721.0,46486.0,2765.0,home,shop
30963_2022-10-21,2.0,mpt,49804.0,50624.0,820.0,shop,shop
30963_2022-10-21,3.0,mpt,53950.0,56395.0,2445.0,shop,home
30433_2022-11-10,0.0,mpt,49114.0,50462.0,1348.0,home,other
30433_2022-11-10,1.0,walk,51602.0,51678.0,76.0,other,education
30433_2022-11-10,2.0,walk,53551.0,53724.0,173.0,education,education
30433_2022-11-10,3.0,walk,58275.0,58414.0,139.0,education,education
30433_2022-11-10,4.0,mpt,65067.0,65378.0,311.0,education,leisure
30433_2022-11-10,5.0,mpt,68223.0,68528.0,305.0,leisure,leisure
30433_2022-11-10,6.0,mpt,72493.0,72959.0,466.0,leisure,home
31070_2022-09-28,0.0,mpt,22219.0,22810.0,591.0,home,education
31070_2022-09-28,1.0,walk,37556.0,38058.0,502.0,education,work
31070_2022-09-28,2.0,mpt,58889.0,59597.0,708.0,work,home
31094_2023-01-05,0.0,walk,19083.0,20178.0,1095.0,home,home
31094_2023-01-05,1.0,mpt,54494.0,59823.0,5329.0,home,home
31017_2022-10-16,0.0,walk,44239.0,46995.0,2756.0,home,home
30658_2022-09-15,0.0,mpt,18847.0,19844.0,997.0,home,education
30658_2022-09-15,1.0,walk,30623.0,30834.0,211.0,education,other
30658_2022-09-15,2.0,mpt,34293.0,35338.0,1045.0,other,home
30450_2022-09-16,0.0,mpt,58070.0,59784.0,1714.0,work,leisure
30450_2022-09-16,1.0,mpt,75079.0,77309.0,2230.0,leisure,other
30800_2022-12-26,0.0,walk,26058.0,27754.0,1696.0,home,home
30800_2022-12-26,1.0,walk,40099.0,40944.0,845.0,home,other
30800_2022-12-26,2.0,pt,43237.0,46771.0,3534.0,other,other
30800_2022-12-26,3.0,pt,47262.0,48106.0,844.0,other,other
30800_2022-12-26,4.0,pt,48958.0,50201.0,1243.0,other,work
30800_2022-12-26,5.0,walk,76122.0,76566.0,444.0,work,home
30861_2022-11-02,0.0,mpt,24457.0,26458.0,2001.0,home,work
30861_2022-11-02,1.0,mpt,59781.0,61772.0,1991.0,work,home
30861_2022-11-02,2.0,walk,79360.0,79412.0,52.0,home,home
30861_2022-11-02,3.0,walk,79978.0,80169.0,191.0,home,home
31114_2022-11-11,0.0,mpt,25950.0,26055.0,105.0,home,home
31114_2022-11-11,1.0,mpt,37049.0,39541.0,2492.0,home,home
31114_2022-11-11,2.0,mpt,44315.0,44629.0,314.0,home,shop
31114_2022-11-11,3.0,mpt,47186.0,47501.0,315.0,shop,other
31114_2022-11-11,4.0,mpt,51837.0,57031.0,5194.0,other,home
30180_2022-12-28,0.0,walk,23117.0,24794.0,1677.0,home,home
30180_2022-12-28,1.0,mpt,26849.0,28580.0,1731.0,home,education
30180_2022-12-28,2.0,mpt,40567.0,43870.0,3303.0,education,shop
30180_2022-12-28,3.0,mpt,45471.0,48924.0,3453.0,shop,home
30180_2022-12-28,4.0,walk,63034.0,64190.0,1156.0,home,home
31010_2022-11-17,0.0,mpt,24915.0,25233.0,318.0,home,leisure
31010_2022-11-17,1.0,mpt,31229.0,31518.0,289.0,leisure,home
30502_2022-11-01,0.0,walk,43298.0,47836.0,4538.0,home,home
30502_2022-11-01,1.0,walk,67633.0,67993.0,360.0,home,home
30663_2022-11-14,0.0,bike,55453.0,55649.0,196.0,home,other
30663_2022-11-14,1.0,bike,56263.0,56622.0,359.0,other,home
30199_2022-11-21,0.0,bike,33113.0,34151.0,1038.0,home,education
30199_2022-11-21,1.0,walk,48030.0,48285.0,255.0,education,education
30199_2022-11-21,2.0,bike,56904.0,57661.0,757.0,education,other
30199_2022-11-21,3.0,bike,63441.0,64165.0,724.0,other,home
30028_2022-11-07,0.0,mpt,53246.0,53625.0,379.0,home,other
30028_2022-11-07,1.0,mpt,57586.0,58147.0,561.0,other,home
30411_2022-11-20,0.0,walk,22760.0,25488.0,2728.0,home,home
30411_2022-11-20,1.0,walk,27902.0,30991.0,3089.0,home,home
30411_2022-11-20,2.0,mpt,42888.0,43295.0,407.0,home,other
30411_2022-11-20,3.0,walk,43727.0,44863.0,1136.0,other,other
30411_2022-11-20,4.0,mpt,45511.0,48458.0,2947.0,other,home
30411_2022-11-20,5.0,mpt,57322.0,58052.0,730.0,home,home
30411_2022-11-20,6.0,mpt,64436.0,65273.0,837.0,home,leisure
30411_2022-11-20,7.0,mpt,66823.0,67511.0,688.0,leisure,leisure
30411_2022-11-20,8.0,mpt,68651.0,70099.0,1448.0,leisure,home
30411_2022-11-20,9.0,mpt,71698.0,73074.0,1376.0,home,home
30221_2022-11-15,0.0,pt,22201.0,22960.0,759.0,education,other
30221_2022-11-15,1.0,pt,23352.0,25043.0,1691.0,other,home
30221_2022-11-15,2.0,mpt,66548.0,67373.0,825.0,home,leisure
30221_2022-11-15,3.0,mpt,75749.0,76679.0,930.0,leisure,home
30887_2023-01-11,0.0,walk,40835.0,41023.0,188.0,home,home
30887_2023-01-11,1.0,walk,68383.0,68661.0,278.0,home,home
30134_2023-01-26,0.0,bike,36848.0,37529.0,681.0,home,leisure
30134_2023-01-26,1.0,bike,46370.0,46844.0,474.0,leisure,other
30134_2023-01-26,2.0,bike,50391.0,51471.0,1080.0,other,home
30134_2023-01-26,3.0,walk,62269.0,63918.0,1649.0,home,leisure
30134_2023-01-26,4.0,mpt,64744.0,64821.0,77.0,leisure,shop
30134_2023-01-26,5.0,mpt,65236.0,65529.0,293.0,shop,home
30502_2022-11-07,0.0,mpt,21550.0,24753.0,3203.0,home,education
30502_2022-11-07,1.0,pt,38916.0,41925.0,3009.0,education,home
30502_2022-11-07,2.0,walk,61764.0,62690.0,926.0,home,leisure
30502_2022-11-07,3.0,mpt,71832.0,76973.0,5141.0,leisure,leisure
30502_2022-11-07,4.0,walk,77822.0,82247.0,4425.0,leisure,home
30277_2022-08-15,0.0,pt,38933.0,40453.0,1520.0,home,work
30277_2022-08-15,1.0,pt,57760.0,59687.0,1927.0,work,home
30630_2022-11-29,0.0,bike,24631.0,27354.0,2723.0,home,education
30630_2022-11-29,1.0,walk,38673.0,38995.0,322.0,education,work
30630_2022-11-29,2.0,bike,54377.0,57723.0,3346.0,work,home
30492_2022-10-26,0.0,mpt,19940.0,21004.0,1064.0,home,education
30492_2022-10-26,1.0,walk,26266.0,26965.0,699.0,education,work
30492_2022-10-26,2.0,mpt,37231.0,38105.0,874.0,work,home
30492_2022-10-26,3.0,walk,41261.0,41319.0,58.0,home,shop
30492_2022-10-26,4.0,walk,41879.0,42091.0,212.0,shop,home
30062_2022-11-14,0.0,mpt,28157.0,28787.0,630.0,home,other
30062_2022-11-14,1.0,mpt,30702.0,33476.0,2774.0,other,shop
30062_2022-11-14,2.0,mpt,36261.0,38335.0,2074.0,shop,home
30062_2022-11-14,3.0,mpt,64528.0,65044.0,516.0,home,leisure
30062_2022-11-14,4.0,mpt,70622.0,71160.0,538.0,leisure,home
30116_2022-07-25,0.0,walk,65319.0,65559.0,240.0,home,home
30211_2022-10-25,0.0,walk,36278.0,39062.0,2784.0,home,home
30211_2022-10-25,1.0,mpt,56497.0,57559.0,1062.0,home,leisure
30211_2022-10-25,2.0,walk,58118.0,61285.0,3167.0,leisure,leisure
30211_2022-10-25,3.0,mpt,61695.0,62571.0,876.0,leisure,home
31138_2022-09-25,0.0,mpt,24036.0,24289.0,253.0,home,other
31138_2022-09-25,1.0,walk,24842.0,24887.0,45.0,other,leisure
31138_2022-09-25,2.0,mpt,33714.0,33844.0,130.0,leisure,leisure
31138_2022-09-25,3.0,mpt,38448.0,38568.0,120.0,leisure,home
31138_2022-09-25,4.0,mpt,46219.0,46732.0,513.0,home,home
31138_2022-09-25,5.0,mpt,47796.0,48263.0,467.0,home,home
31138_2022-09-25,6.0,mpt,49192.0,49501.0,309.0,home,work
31138_2022-09-25,7.0,mpt,63808.0,64083.0,275.0,work,home
30083_2022-12-08,0.0,bike,24490.0,25075.0,585.0,home,education
30083_2022-12-08,1.0,walk,36824.0,37258.0,434.0,education,education
30083_2022-12-08,2.0,walk,39694.0,40234.0,540.0,education,work
30083_2022-12-08,3.0,bike,58305.0,59342.0,1037.0,work,home
30083_2022-12-08,4.0,walk,61157.0,61334.0,177.0,home,leisure
30083_2022-12-08,5.0,walk,62858.0,62983.0,125.0,leisure,home
30521_2022-11-03,0.0,mpt,22977.0,26068.0,3091.0,home,work
30521_2022-11-03,1.0,mpt,53429.0,55287.0,1858.0,work,home
30028_2022-11-04,0.0,pt,24311.0,27285.0,2974.0,home,work
30028_2022-11-04,1.0,pt,43625.0,47108.0,3483.0,work,home
30294_2023-01-13,0.0,other,19355.0,20885.0,1530.0,home,education
30294_2023-01-13,1.0,walk,35679.0,35873.0,194.0,education,work
30294_2023-01-13,2.0,other,39411.0,40708.0,1297.0,work,home
30294_2023-01-13,3.0,mpt,52086.0,53131.0,1045.0,home,leisure
30294_2023-01-13,4.0,mpt,57278.0,60111.0,2833.0,leisure,home
30294_2023-01-13,5.0,walk,64480.0,64633.0,153.0,home,other
30294_2023-01-13,6.0,walk,67801.0,67949.0,148.0,other,home
31055_2022-09-28,0.0,walk,26580.0,27361.0,781.0,home,leisure
31055_2022-09-28,1.0,mpt,35797.0,37030.0,1233.0,leisure,leisure
31055_2022-09-28,2.0,mpt,47317.0,48145.0,828.0,leisure,home
30670_2022-12-23,0.0,walk,45340.0,45807.0,467.0,home,shop
30670_2022-12-23,1.0,walk,46281.0,46404.0,123.0,shop,shop
30670_2022-12-23,2.0,walk,47268.0,47647.0,379.0,shop,home
30670_2022-12-23,3.0,pt,65436.0,66945.0,1509.0,home,leisure
30670_2022-12-23,4.0,pt,76266.0,77479.0,1213.0,leisure,home
30243_2022-08-24,0.0,walk,19978.0,22470.0,2492.0,home,education
30243_2022-08-24,1.0,pt,45858.0,48609.0,2751.0,education,home
31201_2022-12-20,0.0,mpt,35655.0,35951.0,296.0,home,shop
31201_2022-12-20,1.0,mpt,39361.0,39786.0,425.0,shop,home
31201_2022-12-20,2.0,walk,48331.0,52176.0,3845.0,home,home
30246_2022-08-10,0.0,bike,35064.0,35301.0,237.0,home,leisure
30246_2022-08-10,1.0,bike,40249.0,40612.0,363.0,leisure,home
30246_2022-08-10,2.0,bike,53477.0,54035.0,558.0,home,other
30246_2022-08-10,3.0,bike,55860.0,56290.0,430.0,other,home
30246_2022-08-10,4.0,pt,58660.0,59113.0,453.0,home,other
30246_2022-08-10,5.0,pt,59521.0,64361.0,4840.0,other,leisure
30246_2022-08-10,6.0,pt,73205.0,78297.0,5092.0,leisure,home
31017_2022-10-17,0.0,walk,38916.0,40613.0,1697.0,home,home
31297_2022-08-10,0.0,mpt,29078.0,29810.0,732.0,home,home
31297_2022-08-10,1.0,mpt,30575.0,34113.0,3538.0,home,home
30835_2022-11-14,0.0,mpt,24092.0,24619.0,527.0,home,home
30835_2022-11-14,1.0,mpt,38893.0,39230.0,337.0,home,home
30835_2022-11-14,2.0,mpt,43316.0,43542.0,226.0,home,home
30835_2022-11-14,3.0,mpt,70135.0,70458.0,323.0,home,home
30872_2022-12-08,0.0,walk,23622.0,25247.0,1625.0,home,other
30872_2022-12-08,1.0,walk,25840.0,27313.0,1473.0,other,home
31201_2022-12-23,0.0,mpt,31653.0,33171.0,1518.0,home,shop
31201_2022-12-23,1.0,mpt,34935.0,36893.0,1958.0,shop,home
31025_2022-11-02,0.0,mpt,24548.0,24892.0,344.0,home,education
31025_2022-11-02,1.0,mpt,26180.0,26790.0,610.0,education,education
31025_2022-11-02,2.0,mpt,27251.0,27529.0,278.0,education,education
31025_2022-11-02,3.0,mpt,29274.0,30237.0,963.0,education,work
31025_2022-11-02,4.0,bike,51314.0,60102.0,8788.0,work,home
30168_2022-09-27,0.0,mpt,30817.0,31532.0,715.0,home,home
30168_2022-09-27,1.0,mpt,38060.0,38272.0,212.0,home,home
30433_2022-11-19,0.0,mpt,42470.0,44150.0,1680.0,home,leisure
30433_2022-11-19,1.0,mpt,45664.0,46586.0,922.0,leisure,leisure
30433_2022-11-19,2.0,mpt,68059.0,72310.0,4251.0,leisure,leisure
30433_2022-11-19,3.0,mpt,81515.0,84235.0,2720.0,leisure,leisure
30699_2022-11-23,0.0,walk,57328.0,58024.0,696.0,home,leisure
30699_2022-11-23,1.0,pt,74488.0,74876.0,388.0,leisure,other
30699_2022-11-23,2.0,pt,75199.0,75450.0,251.0,other,home
30016_2022-11-30,0.0,pt,21463.0,23473.0,2010.0,home,other
30016_2022-11-30,1.0,pt,23844.0,28479.0,4635.0,other,education
30016_2022-11-30,2.0,walk,55186.0,55687.0,501.0,education,leisure
30016_2022-11-30,3.0,pt,58196.0,63517.0,5321.0,leisure,other
30016_2022-11-30,4.0,pt,63817.0,64727.0,910.0,other,home
30948_2023-01-10,0.0,mpt,23812.0,25306.0,1494.0,home,education
30948_2023-01-10,1.0,walk,34001.0,34424.0,423.0,education,education
30948_2023-01-10,2.0,walk,43661.0,43743.0,82.0,education,leisure
30948_2023-01-10,3.0,walk,44432.0,44738.0,306.0,leisure,education
30948_2023-01-10,4.0,walk,50017.0,50336.0,319.0,education,education
30948_2023-01-10,5.0,pt,64564.0,64806.0,242.0,education,leisure
30948_2023-01-10,6.0,mpt,73605.0,74845.0,1240.0,leisure,home
30905_2022-09-29,0.0,mpt,24142.0,26113.0,1971.0,home,education
30905_2022-09-29,1.0,walk,27321.0,27510.0,189.0,education,education
30905_2022-09-29,2.0,mpt,36755.0,38959.0,2204.0,education,home
30905_2022-09-29,3.0,mpt,41534.0,43945.0,2411.0,home,leisure
30905_2022-09-29,4.0,walk,46706.0,47277.0,571.0,leisure,leisure
30905_2022-09-29,5.0,mpt,48984.0,52146.0,3162.0,leisure,shop
30905_2022-09-29,6.0,mpt,52648.0,53343.0,695.0,shop,home
31248_2022-11-26,0.0,mpt,34515.0,35266.0,751.0,home,shop
31248_2022-11-26,1.0,pt,38225.0,38550.0,325.0,shop,other
31248_2022-11-26,2.0,bike,41901.0,42937.0,1036.0,other,leisure
31248_2022-11-26,3.0,bike,43340.0,50726.0,7386.0,leisure,leisure
31248_2022-11-26,4.0,bike,51798.0,55206.0,3408.0,leisure,home
30342_2022-10-18,0.0,bike,19679.0,20966.0,1287.0,home,education
30342_2022-10-18,1.0,walk,36517.0,36625.0,108.0,education,education
30342_2022-10-18,2.0,walk,38591.0,39125.0,534.0,education,work
30342_2022-10-18,3.0,bike,58819.0,59748.0,929.0,work,home
30294_2023-01-18,0.0,walk,48358.0,49973.0,1615.0,home,home
30294_2023-01-18,1.0,bike,52390.0,53423.0,1033.0,home,home
30294_2023-01-18,2.0,bike,58090.0,58748.0,658.0,home,home
30124_2022-08-15,0.0,walk,23173.0,23961.0,788.0,home,education
30124_2022-08-15,1.0,walk,30067.0,30312.0,245.0,education,home
30124_2022-08-15,2.0,walk,49643.0,51297.0,1654.0,home,home
30064_2022-12-28,0.0,walk,33956.0,36041.0,2085.0,home,education
30064_2022-12-28,1.0,walk,36721.0,36814.0,93.0,education,other
30064_2022-12-28,2.0,walk,37396.0,38088.0,692.0,other,shop
30064_2022-12-28,3.0,pt,41292.0,42564.0,1272.0,shop,home
31170_2022-11-02,0.0,mpt,24696.0,26062.0,1366.0,home,home
31170_2022-11-02,1.0,pt,32040.0,32712.0,672.0,home,other
31170_2022-11-02,2.0,pt,33212.0,37920.0,4708.0,other,leisure
31170_2022-11-02,3.0,walk,43958.0,44250.0,292.0,leisure,leisure
31170_2022-11-02,4.0,pt,45298.0,50751.0,5453.0,leisure,other
31170_2022-11-02,5.0,walk,52638.0,52946.0,308.0,other,leisure
31170_2022-11-02,6.0,pt,53663.0,64835.0,11172.0,leisure,home
31170_2022-11-02,7.0,walk,66554.0,67234.0,680.0,home,leisure
31170_2022-11-02,8.0,walk,69645.0,69772.0,127.0,leisure,work
30925_2022-11-08,0.0,walk,25840.0,27077.0,1237.0,home,home
30925_2022-11-08,1.0,walk,34781.0,34995.0,214.0,home,home
30925_2022-11-08,2.0,walk,47009.0,47293.0,284.0,home,home
30925_2022-11-08,3.0,walk,60698.0,60901.0,203.0,home,home
30303_2022-11-15,0.0,mpt,20492.0,21822.0,1330.0,home,education
30303_2022-11-15,1.0,walk,22441.0,22944.0,503.0,education,education
30303_2022-11-15,2.0,mpt,38916.0,39703.0,787.0,education,home
30303_2022-11-15,3.0,mpt,57061.0,58665.0,1604.0,home,home
30303_2022-11-15,4.0,walk,69442.0,69945.0,503.0,home,home
31251_2022-12-06,0.0,mpt,22358.0,23990.0,1632.0,home,home
31251_2022-12-06,1.0,mpt,56783.0,59331.0,2548.0,home,home
30403_2022-11-28,0.0,mpt,33906.0,35677.0,1771.0,home,leisure
30403_2022-11-28,1.0,mpt,42971.0,43336.0,365.0,leisure,leisure
30403_2022-11-28,2.0,mpt,45602.0,47505.0,1903.0,leisure,home
30403_2022-11-28,3.0,walk,50786.0,52167.0,1381.0,home,other
30403_2022-11-28,4.0,mpt,52983.0,54166.0,1183.0,other,education
30403_2022-11-28,5.0,mpt,61256.0,61850.0,594.0,education,home
30426_2022-12-05,0.0,pt,38898.0,39192.0,294.0,home,other
30426_2022-12-05,1.0,pt,41022.0,42591.0,1569.0,other,education
30426_2022-12-05,2.0,pt,61143.0,61556.0,413.0,education,leisure
30426_2022-12-05,3.0,pt,68158.0,68600.0,442.0,leisure,home
30426_2022-12-05,4.0,walk,71953.0,72489.0,536.0,home,work
30735_2022-11-15,0.0,mpt,17023.0,17421.0,398.0,home,shop
30735_2022-11-15,1.0,mpt,17837.0,20209.0,2372.0,shop,shop
30735_2022-11-15,2.0,mpt,20780.0,23513.0,2733.0,shop,education
30735_2022-11-15,3.0,walk,39517.0,39691.0,174.0,education,leisure
30735_2022-11-15,4.0,walk,45581.0,45948.0,367.0,leisure,education
30735_2022-11-15,5.0,pt,49978.0,52006.0,2028.0,education,education
30735_2022-11-15,6.0,mpt,62179.0,67692.0,5513.0,education,home
31085_2022-10-12,0.0,mpt,27171.0,28103.0,932.0,home,education
31085_2022-10-12,1.0,mpt,49088.0,50376.0,1288.0,education,education
31085_2022-10-12,2.0,walk,51086.0,51140.0,54.0,education,education
31085_2022-10-12,3.0,mpt,52014.0,53426.0,1412.0,education,home
30887_2023-01-08,0.0,walk,45908.0,47013.0,1105.0,home,leisure
30887_2023-01-08,1.0,walk,47412.0,48492.0,1080.0,leisure,home
30887_2023-01-08,2.0,walk,49846.0,51706.0,1860.0,home,home
30995_2022-12-20,0.0,mpt,59633.0,60916.0,1283.0,home,shop
30995_2022-12-20,1.0,mpt,64650.0,65991.0,1341.0,shop,home
31083_2022-11-03,0.0,walk,35833.0,36135.0,302.0,other,home
31083_2022-11-03,1.0,walk,60459.0,60789.0,330.0,home,leisure
31083_2022-11-03,2.0,walk,68260.0,68358.0,98.0,leisure,home
30388_2022-12-06,0.0,mpt,27696.0,32082.0,4386.0,home,education
30388_2022-12-06,1.0,walk,44002.0,44281.0,279.0,education,work
30388_2022-12-06,2.0,walk,56857.0,58890.0,2033.0,work,home
30252_2023-01-17,0.0,mpt,16321.0,18080.0,1759.0,home,home
30252_2023-01-17,1.0,mpt,20080.0,21563.0,1483.0,home,leisure
30252_2023-01-17,2.0,mpt,23737.0,25239.0,1502.0,leisure,home
30252_2023-01-17,3.0,pt,38258.0,38871.0,613.0,home,home
30252_2023-01-17,4.0,mpt,40053.0,41552.0,1499.0,home,home
30252_2023-01-17,5.0,mpt,44116.0,46691.0,2575.0,home,home
30252_2023-01-17,6.0,mpt,54335.0,57571.0,3236.0,home,home
30252_2023-01-17,7.0,pt,58118.0,58244.0,126.0,home,home
30252_2023-01-17,8.0,mpt,65687.0,66062.0,375.0,home,leisure
30252_2023-01-17,9.0,mpt,70914.0,72803.0,1889.0,leisure,home
31112_2022-12-14,0.0,mpt,22704.0,22942.0,238.0,home,education
31112_2022-12-14,1.0,mpt,39548.0,40126.0,578.0,education,home
31112_2022-12-14,2.0,mpt,44223.0,44656.0,433.0,home,shop
31112_2022-12-14,3.0,mpt,47496.0,47864.0,368.0,shop,home
30026_2022-12-09,0.0,walk,25610.0,25695.0,85.0,home,home
30005_2022-11-15,0.0,pt,36196.0,44014.0,7818.0,home,education
30005_2022-11-15,1.0,pt,49125.0,57401.0,8276.0,education,leisure
30005_2022-11-15,2.0,mpt,68630.0,69252.0,622.0,leisure,home
30092_2022-11-17,0.0,mpt,54968.0,55611.0,643.0,home,shop
30092_2022-11-17,1.0,mpt,58040.0,58705.0,665.0,shop,home
30411_2022-11-27,0.0,walk,27426.0,31735.0,4309.0,home,home
30411_2022-11-27,1.0,walk,50854.0,53515.0,2661.0,home,home
30411_2022-11-27,2.0,walk,68507.0,69480.0,973.0,home,home
30980_2022-10-25,0.0,mpt,26650.0,26841.0,191.0,home,education
30980_2022-10-25,1.0,mpt,31922.0,32307.0,385.0,education,home
30980_2022-10-25,2.0,mpt,56292.0,56554.0,262.0,home,leisure
30980_2022-10-25,3.0,mpt,61837.0,62357.0,520.0,leisure,home
31003_2023-01-06,0.0,mpt,47427.0,56382.0,8955.0,home,leisure
31003_2023-01-06,1.0,mpt,58657.0,60122.0,1465.0,leisure,home
30878_2022-09-08,0.0,mpt,28599.0,28785.0,186.0,home,other
30878_2022-09-08,1.0,mpt,29749.0,30465.0,716.0,other,home
30878_2022-09-08,2.0,bike,57817.0,58626.0,809.0,home,leisure
30878_2022-09-08,3.0,bike,78652.0,79094.0,442.0,leisure,home
30878_2022-09-08,4.0,bike,79200.0,79409.0,209.0,home,home
30677_2022-11-11,0.0,walk,54154.0,57283.0,3129.0,home,other
30677_2022-11-11,1.0,mpt,62330.0,63674.0,1344.0,other,leisure
30677_2022-11-11,2.0,mpt,75666.0,77286.0,1620.0,leisure,home
31119_2023-01-13,0.0,mpt,25049.0,25588.0,539.0,home,education
31119_2023-01-13,1.0,mpt,59037.0,59060.0,23.0,education,home
31119_2023-01-13,2.0,mpt,61924.0,63274.0,1350.0,home,leisure
31119_2023-01-13,3.0,mpt,76915.0,77529.0,614.0,leisure,home
31313_2022-09-02,0.0,mpt,52954.0,54270.0,1316.0,home,home
31313_2022-09-02,1.0,mpt,59766.0,61111.0,1345.0,home,leisure
31313_2022-09-02,2.0,mpt,62725.0,63485.0,760.0,leisure,leisure
31313_2022-09-02,3.0,mpt,64894.0,65305.0,411.0,leisure,leisure
31313_2022-09-02,4.0,mpt,65889.0,67061.0,1172.0,leisure,home
30335_2022-11-24,0.0,walk,25812.0,28951.0,3139.0,home,home
30231_2022-12-26,0.0,bike,28446.0,29243.0,797.0,home,education
30231_2022-12-26,1.0,bike,58117.0,59422.0,1305.0,education,home
31003_2023-01-01,0.0,mpt,45407.0,48919.0,3512.0,home,leisure
31003_2023-01-01,1.0,walk,51191.0,51717.0,526.0,leisure,leisure
31003_2023-01-01,2.0,mpt,52091.0,55279.0,3188.0,leisure,home
30401_2022-11-30,0.0,pt,29252.0,30448.0,1196.0,home,education
30401_2022-11-30,1.0,walk,36452.0,36601.0,149.0,education,shop
30401_2022-11-30,2.0,pt,37306.0,38298.0,992.0,shop,home
30401_2022-11-30,3.0,bike,50050.0,50449.0,399.0,home,shop
30401_2022-11-30,4.0,bike,51310.0,51740.0,430.0,shop,home
30401_2022-11-30,5.0,bike,64140.0,64465.0,325.0,home,leisure
30401_2022-11-30,6.0,bike,71092.0,71368.0,276.0,leisure,home
30433_2022-11-15,0.0,mpt,61928.0,62418.0,490.0,home,home
30433_2022-11-15,1.0,mpt,69905.0,70691.0,786.0,home,home
30269_2022-12-21,0.0,walk,41918.0,42154.0,236.0,home,home
30269_2022-12-21,1.0,other,42550.0,43349.0,799.0,home,home
30269_2022-12-21,2.0,other,47374.0,47458.0,84.0,home,other
30269_2022-12-21,3.0,other,47940.0,49998.0,2058.0,other,home
30269_2022-12-21,4.0,walk,51001.0,51059.0,58.0,home,home
30269_2022-12-21,5.0,walk,51473.0,51525.0,52.0,home,home
30269_2022-12-21,6.0,walk,54642.0,54704.0,62.0,home,leisure
30269_2022-12-21,7.0,walk,58290.0,58601.0,311.0,leisure,home
30869_2022-11-28,0.0,mpt,19627.0,19989.0,362.0,home,home
30869_2022-11-28,1.0,mpt,56668.0,57065.0,397.0,home,home
30433_2022-11-02,0.0,mpt,30798.0,31101.0,303.0,home,education
30433_2022-11-02,1.0,mpt,38207.0,38583.0,376.0,education,home
30433_2022-11-02,2.0,mpt,47493.0,48528.0,1035.0,home,leisure
30433_2022-11-02,3.0,mpt,63588.0,63770.0,182.0,leisure,leisure
30433_2022-11-02,4.0,mpt,65545.0,67439.0,1894.0,leisure,home
30433_2022-11-02,5.0,mpt,77751.0,78205.0,454.0,home,leisure
30741_2022-12-01,0.0,walk,23136.0,23615.0,479.0,other,education
30741_2022-12-01,1.0,walk,29102.0,29203.0,101.0,education,education
30741_2022-12-01,2.0,walk,54801.0,55482.0,681.0,education,home
30741_2022-12-01,3.0,walk,59760.0,62774.0,3014.0,home,education
30741_2022-12-01,4.0,pt,66357.0,68531.0,2174.0,education,work
31006_2022-12-19,0.0,pt,56615.0,57453.0,838.0,home,shop
31006_2022-12-19,1.0,pt,59208.0,59562.0,354.0,shop,home
31006_2022-12-19,2.0,walk,66983.0,67346.0,363.0,home,leisure
31006_2022-12-19,3.0,walk,71381.0,71769.0,388.0,leisure,home
30099_2022-08-17,0.0,bike,25810.0,27079.0,1269.0,home,work
30099_2022-08-17,1.0,bike,46651.0,48076.0,1425.0,work,home
30099_2022-08-17,2.0,walk,52303.0,52496.0,193.0,home,leisure
30099_2022-08-17,3.0,walk,56867.0,57599.0,732.0,leisure,home
31085_2022-10-07,0.0,mpt,24572.0,25803.0,1231.0,home,education
31085_2022-10-07,1.0,mpt,26392.0,27188.0,796.0,education,education
31085_2022-10-07,2.0,mpt,27687.0,28716.0,1029.0,education,education
31085_2022-10-07,3.0,walk,30207.0,30239.0,32.0,education,education
31085_2022-10-07,4.0,walk,30656.0,30695.0,39.0,education,education
31085_2022-10-07,5.0,walk,49815.0,49935.0,120.0,education,education
31085_2022-10-07,6.0,mpt,50390.0,54669.0,4279.0,education,education
31085_2022-10-07,7.0,walk,55689.0,55927.0,238.0,education,other
31085_2022-10-07,8.0,mpt,56416.0,57236.0,820.0,other,education
31085_2022-10-07,9.0,mpt,68401.0,69606.0,1205.0,education,home
30558_2022-11-21,0.0,pt,20089.0,20580.0,491.0,home,other
30558_2022-11-21,1.0,pt,20894.0,21962.0,1068.0,other,work
30558_2022-11-21,2.0,pt,57631.0,60161.0,2530.0,work,home
30558_2022-11-21,3.0,bike,68986.0,69250.0,264.0,home,home
30388_2022-12-01,0.0,walk,27701.0,30037.0,2336.0,home,education
30388_2022-12-01,1.0,walk,32316.0,32420.0,104.0,education,work
30388_2022-12-01,2.0,walk,58277.0,59970.0,1693.0,work,home
30185_2022-11-29,0.0,mpt,18205.0,19784.0,1579.0,home,home
30185_2022-11-29,1.0,mpt,36861.0,38111.0,1250.0,home,other
30185_2022-11-29,2.0,mpt,40372.0,41419.0,1047.0,other,home
30541_2022-09-12,0.0,walk,16367.0,19266.0,2899.0,home,leisure
30541_2022-09-12,1.0,pt,21911.0,23765.0,1854.0,leisure,work
30541_2022-09-12,2.0,walk,34667.0,35161.0,494.0,work,leisure
30541_2022-09-12,3.0,walk,39043.0,39167.0,124.0,leisure,shop
30541_2022-09-12,4.0,walk,39712.0,42633.0,2921.0,shop,leisure
30541_2022-09-12,5.0,walk,44410.0,45159.0,749.0,leisure,education
30541_2022-09-12,6.0,walk,56274.0,57627.0,1353.0,education,leisure
30541_2022-09-12,7.0,walk,69905.0,70190.0,285.0,leisure,other
30541_2022-09-12,8.0,pt,70603.0,72802.0,2199.0,other,home
30114_2022-11-07,0.0,pt,34745.0,41973.0,7228.0,home,work
30114_2022-11-07,1.0,pt,58038.0,58349.0,311.0,work,education
30114_2022-11-07,2.0,pt,63338.0,72452.0,9114.0,education,work
30171_2022-12-22,0.0,mpt,34532.0,35769.0,1237.0,home,shop
30171_2022-12-22,1.0,mpt,37865.0,37996.0,131.0,shop,shop
30171_2022-12-22,2.0,mpt,38405.0,39076.0,671.0,shop,home
30869_2022-12-15,0.0,walk,19821.0,20097.0,276.0,home,home
30869_2022-12-15,1.0,mpt,25076.0,27672.0,2596.0,home,work
30869_2022-12-15,2.0,mpt,38739.0,40863.0,2124.0,work,home
30869_2022-12-15,3.0,mpt,43553.0,44006.0,453.0,home,education
30869_2022-12-15,4.0,mpt,57435.0,57797.0,362.0,education,home
30180_2022-12-20,0.0,walk,20849.0,22456.0,1607.0,home,home
30180_2022-12-20,1.0,mpt,31550.0,33067.0,1517.0,home,education
30180_2022-12-20,2.0,mpt,38388.0,42247.0,3859.0,education,home
30180_2022-12-20,3.0,mpt,45881.0,47706.0,1825.0,home,work
30180_2022-12-20,4.0,mpt,62356.0,64352.0,1996.0,work,other
30180_2022-12-20,5.0,mpt,64988.0,65767.0,779.0,other,leisure
30180_2022-12-20,6.0,mpt,75679.0,77809.0,2130.0,leisure,home
30167_2022-10-26,0.0,pt,15966.0,17896.0,1930.0,home,education
30167_2022-10-26,1.0,walk,24011.0,24310.0,299.0,education,education
30167_2022-10-26,2.0,pt,35402.0,37168.0,1766.0,education,home
30167_2022-10-26,3.0,pt,52841.0,56151.0,3310.0,home,leisure
30167_2022-10-26,4.0,pt,69237.0,71292.0,2055.0,leisure,leisure
30167_2022-10-26,5.0,pt,71825.0,73023.0,1198.0,leisure,home
31034_2022-11-08,0.0,mpt,31071.0,33522.0,2451.0,home,education
31034_2022-11-08,1.0,walk,41375.0,41505.0,130.0,education,leisure
31034_2022-11-08,2.0,walk,43909.0,44060.0,151.0,leisure,education
31034_2022-11-08,3.0,mpt,58687.0,60533.0,1846.0,education,shop
31034_2022-11-08,4.0,mpt,62441.0,63379.0,938.0,shop,home
30511_2022-09-28,0.0,walk,13161.0,13436.0,275.0,home,home
30511_2022-09-28,1.0,mpt,19487.0,20494.0,1007.0,home,work
30511_2022-09-28,2.0,mpt,40723.0,40918.0,195.0,work,education
30511_2022-09-28,3.0,walk,46443.0,46553.0,110.0,education,shop
30511_2022-09-28,4.0,mpt,47794.0,48808.0,1014.0,shop,home
30511_2022-09-28,5.0,mpt,55742.0,58071.0,2329.0,home,leisure
30511_2022-09-28,6.0,walk,58687.0,58900.0,213.0,leisure,shop
30511_2022-09-28,7.0,mpt,62584.0,62888.0,304.0,shop,other
30511_2022-09-28,8.0,mpt,64511.0,65743.0,1232.0,other,home
31080_2022-09-23,0.0,walk,45625.0,46731.0,1106.0,home,other
31080_2022-09-23,1.0,walk,50126.0,51615.0,1489.0,other,home
31080_2022-09-23,2.0,walk,60566.0,65437.0,4871.0,home,shop
31080_2022-09-23,3.0,walk,66217.0,66376.0,159.0,shop,home
30785_2022-12-06,0.0,pt,24050.0,24595.0,545.0,home,other
30785_2022-12-06,1.0,pt,25076.0,29581.0,4505.0,other,education
30785_2022-12-06,2.0,walk,37986.0,38461.0,475.0,education,other
30785_2022-12-06,3.0,mpt,39282.0,39601.0,319.0,other,home
30785_2022-12-06,4.0,pt,54378.0,58335.0,3957.0,home,home
30785_2022-12-06,5.0,mpt,65517.0,66277.0,760.0,home,leisure
30785_2022-12-06,6.0,mpt,70996.0,71926.0,930.0,leisure,home
30538_2022-11-22,0.0,walk,51080.0,51883.0,803.0,home,leisure
30538_2022-11-22,1.0,walk,54993.0,56323.0,1330.0,leisure,home
30612_2022-10-27,0.0,bike,24569.0,25034.0,465.0,other,leisure
30612_2022-10-27,1.0,bike,29983.0,30121.0,138.0,leisure,education
30612_2022-10-27,2.0,bike,34155.0,34760.0,605.0,education,education
30612_2022-10-27,3.0,bike,35884.0,36423.0,539.0,education,home
30612_2022-10-27,4.0,bike,41371.0,41488.0,117.0,home,leisure
30612_2022-10-27,5.0,bike,42516.0,43034.0,518.0,leisure,home
30612_2022-10-27,6.0,bike,51827.0,52571.0,744.0,home,shop
30612_2022-10-27,7.0,bike,53377.0,53868.0,491.0,shop,other
30612_2022-10-27,8.0,bike,54233.0,55034.0,801.0,other,shop
30612_2022-10-27,9.0,bike,55873.0,56077.0,204.0,shop,home
30612_2022-10-27,10.0,bike,62371.0,63148.0,777.0,home,leisure
30612_2022-10-27,11.0,bike,71918.0,72480.0,562.0,leisure,leisure
30612_2022-10-27,12.0,bike,73601.0,73934.0,333.0,leisure,home
30989_2022-12-19,0.0,walk,40408.0,41302.0,894.0,home,home
30989_2022-12-19,1.0,pt,62442.0,62531.0,89.0,home,other
30989_2022-12-19,2.0,mpt,63094.0,63201.0,107.0,other,home
30989_2022-12-19,3.0,mpt,70397.0,71621.0,1224.0,home,home
30989_2022-12-19,4.0,mpt,73745.0,74457.0,712.0,home,other
30989_2022-12-19,5.0,mpt,74953.0,75286.0,333.0,other,other
30989_2022-12-19,6.0,mpt,75660.0,76180.0,520.0,other,home
31027_2022-12-03,0.0,mpt,34272.0,39870.0,5598.0,home,home
31027_2022-12-03,1.0,mpt,42544.0,43396.0,852.0,home,home
31027_2022-12-03,2.0,walk,44261.0,44346.0,85.0,home,home
31027_2022-12-03,3.0,mpt,48043.0,49318.0,1275.0,home,shop
31027_2022-12-03,4.0,walk,51956.0,52190.0,234.0,shop,shop
31027_2022-12-03,5.0,mpt,53578.0,55576.0,1998.0,shop,home
30089_2022-11-17,0.0,mpt,29385.0,29947.0,562.0,home,other
30089_2022-11-17,1.0,walk,30349.0,34391.0,4042.0,other,education
30089_2022-11-17,2.0,mpt,35902.0,36777.0,875.0,education,home
30089_2022-11-17,3.0,walk,61841.0,62336.0,495.0,home,home
30180_2022-12-23,0.0,walk,22233.0,22966.0,733.0,home,home
30180_2022-12-23,1.0,mpt,26188.0,27876.0,1688.0,home,education
30180_2022-12-23,2.0,mpt,40685.0,42291.0,1606.0,education,shop
30180_2022-12-23,3.0,mpt,44401.0,44606.0,205.0,shop,home
30180_2022-12-23,4.0,walk,45036.0,45308.0,272.0,home,home
30180_2022-12-23,5.0,walk,62555.0,64494.0,1939.0,home,home
31202_2022-11-30,0.0,walk,19795.0,20179.0,384.0,home,home
31202_2022-11-30,1.0,walk,27435.0,28359.0,924.0,home,education
31202_2022-11-30,2.0,walk,36185.0,36327.0,142.0,education,home
31202_2022-11-30,3.0,pt,67461.0,68094.0,633.0,home,leisure
31202_2022-11-30,4.0,pt,78331.0,79202.0,871.0,leisure,home
30591_2023-01-17,0.0,pt,37866.0,41358.0,3492.0,home,education
30591_2023-01-17,1.0,pt,57344.0,59061.0,1717.0,education,other
30591_2023-01-17,2.0,pt,59598.0,60044.0,446.0,other,home
30176_2022-09-16,0.0,mpt,25080.0,25284.0,204.0,home,home
30176_2022-09-16,1.0,mpt,28715.0,28978.0,263.0,home,home
30176_2022-09-16,2.0,mpt,54136.0,57553.0,3417.0,home,other
30176_2022-09-16,3.0,mpt,58862.0,61107.0,2245.0,other,home
30080_2022-08-03,0.0,mpt,42974.0,47546.0,4572.0,home,home
30080_2022-08-03,1.0,mpt,60029.0,61076.0,1047.0,home,leisure
30080_2022-08-03,2.0,mpt,67619.0,68312.0,693.0,leisure,home
30341_2022-09-21,0.0,mpt,47566.0,47886.0,320.0,home,home
31021_2022-11-24,0.0,walk,25001.0,25585.0,584.0,home,home
31021_2022-11-24,1.0,walk,38979.0,39099.0,120.0,home,other
31021_2022-11-24,2.0,walk,39601.0,39848.0,247.0,other,home
31021_2022-11-24,3.0,mpt,42852.0,43728.0,876.0,home,education
31021_2022-11-24,4.0,mpt,55364.0,56620.0,1256.0,education,leisure
31021_2022-11-24,5.0,mpt,72387.0,74115.0,1728.0,leisure,home
31076_2022-10-01,0.0,bike,50981.0,51370.0,389.0,home,shop
31076_2022-10-01,1.0,bike,54950.0,55819.0,869.0,shop,home
30042_2023-01-19,0.0,walk,63375.0,64571.0,1196.0,home,home
31070_2022-10-06,0.0,mpt,61148.0,62320.0,1172.0,home,home
31070_2022-10-06,1.0,mpt,70663.0,72132.0,1469.0,home,home
30827_2022-12-16,0.0,walk,38277.0,38386.0,109.0,home,home
30827_2022-12-16,1.0,walk,38971.0,39096.0,125.0,home,home
30827_2022-12-16,2.0,walk,42128.0,44597.0,2469.0,home,home
30827_2022-12-16,3.0,walk,54355.0,56033.0,1678.0,home,home
30134_2023-02-03,0.0,pt,22586.0,25829.0,3243.0,home,education
30134_2023-02-03,1.0,walk,39518.0,39582.0,64.0,education,other
30134_2023-02-03,2.0,mpt,42037.0,44676.0,2639.0,other,home
30473_2022-12-19,0.0,walk,32627.0,33118.0,491.0,home,shop
30473_2022-12-19,1.0,walk,34893.0,35636.0,743.0,shop,home
30473_2022-12-19,2.0,walk,53819.0,53972.0,153.0,home,home
30473_2022-12-19,3.0,walk,55640.0,55867.0,227.0,home,home
30473_2022-12-19,4.0,walk,56783.0,56877.0,94.0,home,home
30008_2022-11-22,0.0,bike,36785.0,39100.0,2315.0,home,work
30008_2022-11-22,1.0,bike,54710.0,56663.0,1953.0,work,home
30433_2022-11-29,0.0,mpt,20373.0,21790.0,1417.0,home,education
30433_2022-11-29,1.0,walk,22229.0,22393.0,164.0,education,education
30433_2022-11-29,2.0,walk,28900.0,29400.0,500.0,education,education
30433_2022-11-29,3.0,walk,29945.0,30293.0,348.0,education,education
30433_2022-11-29,4.0,walk,36609.0,37197.0,588.0,education,education
30433_2022-11-29,5.0,walk,41798.0,41975.0,177.0,education,education
30433_2022-11-29,6.0,walk,42345.0,42406.0,61.0,education,education
30433_2022-11-29,7.0,mpt,55005.0,57088.0,2083.0,education,other
30433_2022-11-29,8.0,mpt,58865.0,59607.0,742.0,other,home
30433_2022-11-29,9.0,mpt,63732.0,64161.0,429.0,home,leisure
30433_2022-11-29,10.0,mpt,67246.0,68100.0,854.0,leisure,leisure
30433_2022-11-29,11.0,mpt,76052.0,76601.0,549.0,leisure,home
30820_2022-11-22,0.0,pt,34359.0,37421.0,3062.0,home,work
30820_2022-11-22,1.0,pt,56155.0,59442.0,3287.0,work,shop
30820_2022-11-22,2.0,bike,59812.0,59996.0,184.0,shop,home
30820_2022-11-22,3.0,pt,64453.0,66416.0,1963.0,home,leisure
30820_2022-11-22,4.0,pt,76832.0,78758.0,1926.0,leisure,home
31002_2022-12-28,0.0,walk,28526.0,29217.0,691.0,home,leisure
31002_2022-12-28,1.0,walk,40128.0,40815.0,687.0,leisure,home
31002_2022-12-28,2.0,walk,42850.0,43779.0,929.0,home,home
30211_2022-11-11,0.0,mpt,31124.0,31372.0,248.0,home,home
30211_2022-11-11,1.0,mpt,36964.0,37172.0,208.0,home,home
30211_2022-11-11,2.0,mpt,40162.0,43161.0,2999.0,home,leisure
30211_2022-11-11,3.0,mpt,43541.0,46510.0,2969.0,leisure,education
30211_2022-11-11,4.0,mpt,51237.0,56890.0,5653.0,education,home
30211_2022-11-11,5.0,mpt,57788.0,58069.0,281.0,home,other
30211_2022-11-11,6.0,mpt,60243.0,60804.0,561.0,other,home
30064_2023-01-04,0.0,mpt,26532.0,28322.0,1790.0,home,leisure
30064_2023-01-04,1.0,mpt,32030.0,33870.0,1840.0,leisure,other
30064_2023-01-04,2.0,walk,35486.0,36017.0,531.0,other,work
30064_2023-01-04,3.0,walk,44755.0,45043.0,288.0,work,home
30064_2023-01-04,4.0,walk,49549.0,50812.0,1263.0,home,other
30064_2023-01-04,5.0,pt,59366.0,60087.0,721.0,other,home
30064_2023-01-04,6.0,walk,62213.0,62737.0,524.0,home,work
30064_2023-01-04,7.0,walk,68261.0,68612.0,351.0,work,home
30688_2022-11-25,0.0,mpt,40930.0,45485.0,4555.0,home,home
30688_2022-11-25,1.0,mpt,50184.0,50603.0,419.0,home,home
30688_2022-11-25,2.0,pt,51757.0,58358.0,6601.0,home,education
30688_2022-11-25,3.0,mpt,81418.0,85925.0,4507.0,education,home
30444_2022-08-28,0.0,mpt,32725.0,35104.0,2379.0,home,leisure
30444_2022-08-28,1.0,mpt,57054.0,59353.0,2299.0,leisure,home
30872_2022-12-02,0.0,walk,23563.0,27118.0,3555.0,home,home
30872_2022-12-02,1.0,mpt,53213.0,53520.0,307.0,home,other
30872_2022-12-02,2.0,mpt,53895.0,54285.0,390.0,other,shop
30872_2022-12-02,3.0,mpt,56471.0,56831.0,360.0,shop,home
31040_2022-11-29,0.0,walk,37663.0,37830.0,167.0,home,shop
31040_2022-11-29,1.0,walk,38331.0,38574.0,243.0,shop,home
31087_2022-08-06,0.0,walk,20128.0,25904.0,5776.0,home,home
31087_2022-08-06,1.0,walk,43649.0,45385.0,1736.0,home,home
31087_2022-08-06,2.0,mpt,46038.0,47108.0,1070.0,home,leisure
31087_2022-08-06,3.0,mpt,47730.0,53040.0,5310.0,leisure,home
31087_2022-08-06,4.0,walk,70705.0,72695.0,1990.0,home,home
30704_2022-11-20,0.0,walk,28560.0,28903.0,343.0,home,home
30704_2022-11-20,1.0,walk,36629.0,40159.0,3530.0,home,home
30704_2022-11-20,2.0,walk,55135.0,55491.0,356.0,home,home
30704_2022-11-20,3.0,walk,81892.0,82385.0,493.0,home,home
30385_2022-09-12,0.0,mpt,34077.0,34612.0,535.0,home,other
30385_2022-09-12,1.0,mpt,38385.0,39036.0,651.0,other,home
30385_2022-09-12,2.0,bike,40098.0,40260.0,162.0,home,other
30385_2022-09-12,3.0,bike,43309.0,43617.0,308.0,other,home
30820_2022-12-01,0.0,bike,30632.0,31736.0,1104.0,home,home
30820_2022-12-01,1.0,bike,54827.0,54944.0,117.0,home,leisure
30820_2022-12-01,2.0,bike,60019.0,60187.0,168.0,leisure,home
30820_2022-12-01,3.0,bike,67416.0,67811.0,395.0,home,leisure
30820_2022-12-01,4.0,bike,76859.0,76974.0,115.0,leisure,leisure
30820_2022-12-01,5.0,bike,80055.0,80495.0,440.0,leisure,home
30055_2022-10-13,0.0,walk,34521.0,36481.0,1960.0,home,home
30055_2022-10-13,1.0,walk,41869.0,42338.0,469.0,home,home
30055_2022-10-13,2.0,pt,51531.0,52887.0,1356.0,home,home
30055_2022-10-13,3.0,walk,60755.0,71198.0,10443.0,home,home
31074_2022-08-10,0.0,walk,36534.0,37117.0,583.0,home,work
31074_2022-08-10,1.0,pt,59851.0,60849.0,998.0,work,home
30558_2022-11-29,0.0,pt,20736.0,22907.0,2171.0,home,work
30558_2022-11-29,1.0,pt,58384.0,59853.0,1469.0,work,leisure
30558_2022-11-29,2.0,pt,60201.0,60476.0,275.0,leisure,home
30558_2022-11-29,3.0,mpt,67392.0,68005.0,613.0,home,leisure
30558_2022-11-29,4.0,mpt,76246.0,76951.0,705.0,leisure,home
30544_2022-10-28,0.0,walk,21574.0,21682.0,108.0,home,other
30544_2022-10-28,1.0,walk,22268.0,22854.0,586.0,other,home
30544_2022-10-28,2.0,walk,34720.0,34864.0,144.0,home,home
30803_2022-12-06,0.0,mpt,59590.0,60688.0,1098.0,home,leisure
30803_2022-12-06,1.0,mpt,68001.0,69091.0,1090.0,leisure,home
30108_2022-11-28,0.0,pt,36776.0,38345.0,1569.0,home,leisure
30108_2022-11-28,1.0,pt,39818.0,43350.0,3532.0,leisure,education
30108_2022-11-28,2.0,pt,43785.0,44122.0,337.0,education,home
30704_2022-11-25,0.0,walk,33564.0,36407.0,2843.0,home,home
30704_2022-11-25,1.0,mpt,47327.0,49324.0,1997.0,home,other
30704_2022-11-25,2.0,mpt,51616.0,54205.0,2589.0,other,home
30704_2022-11-25,3.0,mpt,68779.0,69059.0,280.0,home,leisure
30842_2022-10-28,0.0,mpt,58463.0,60195.0,1732.0,home,home
30842_2022-10-28,1.0,walk,63203.0,63883.0,680.0,home,leisure
30842_2022-10-28,2.0,walk,75187.0,75952.0,765.0,leisure,home
30252_2023-01-16,0.0,mpt,23958.0,25249.0,1291.0,home,home
30252_2023-01-16,1.0,mpt,31747.0,32349.0,602.0,home,leisure
30252_2023-01-16,2.0,mpt,33608.0,34305.0,697.0,leisure,home
30252_2023-01-16,3.0,mpt,39275.0,41042.0,1767.0,home,home
30252_2023-01-16,4.0,mpt,55933.0,57390.0,1457.0,home,home
31234_2022-09-25,0.0,walk,28804.0,29151.0,347.0,home,home
30180_2023-01-05,0.0,walk,23446.0,25733.0,2287.0,home,home
30180_2023-01-05,1.0,walk,40939.0,41592.0,653.0,home,home
30180_2023-01-05,2.0,walk,65021.0,68407.0,3386.0,home,home
30760_2022-11-27,0.0,pt,30440.0,32149.0,1709.0,home,leisure
30760_2022-11-27,1.0,mpt,38260.0,38429.0,169.0,leisure,other
30760_2022-11-27,2.0,mpt,39383.0,40567.0,1184.0,other,home
30760_2022-11-27,3.0,mpt,42449.0,43336.0,887.0,home,home
30430_2022-10-05,0.0,walk,56343.0,56838.0,495.0,home,education
30430_2022-10-05,1.0,walk,68944.0,69392.0,448.0,education,home
30800_2023-01-02,0.0,walk,56074.0,56486.0,412.0,home,other
30800_2023-01-02,1.0,walk,56871.0,58038.0,1167.0,other,home
31014_2022-12-08,0.0,pt,35910.0,42332.0,6422.0,home,education
31014_2022-12-08,1.0,pt,63983.0,69070.0,5087.0,education,home
30049_2022-12-12,0.0,walk,24445.0,25730.0,1285.0,home,education
30049_2022-12-12,1.0,mpt,32416.0,33377.0,961.0,education,education
30049_2022-12-12,2.0,walk,39799.0,43409.0,3610.0,education,education
30049_2022-12-12,3.0,walk,59546.0,60045.0,499.0,education,home
30769_2022-10-27,0.0,walk,18373.0,19337.0,964.0,home,home
30769_2022-10-27,1.0,pt,49544.0,50109.0,565.0,home,home
30769_2022-10-27,2.0,mpt,60420.0,60916.0,496.0,home,home
30769_2022-10-27,3.0,mpt,67771.0,68162.0,391.0,home,leisure
30769_2022-10-27,4.0,mpt,68846.0,69149.0,303.0,leisure,home
30769_2022-10-27,5.0,walk,69935.0,70044.0,109.0,home,leisure
30769_2022-10-27,6.0,mpt,73583.0,73709.0,126.0,leisure,other
30769_2022-10-27,7.0,mpt,74104.0,74321.0,217.0,other,home
30435_2022-12-21,0.0,mpt,29954.0,31305.0,1351.0,home,education
30435_2022-12-21,1.0,bike,31717.0,35367.0,3650.0,education,work
30005_2022-11-10,0.0,walk,26703.0,26936.0,233.0,home,education
30005_2022-11-10,1.0,walk,30668.0,30943.0,275.0,education,home
30311_2022-11-15,0.0,walk,20893.0,22098.0,1205.0,home,home
30311_2022-11-15,1.0,walk,27319.0,27359.0,40.0,home,education
30311_2022-11-15,2.0,pt,30559.0,32419.0,1860.0,education,other
30311_2022-11-15,3.0,pt,33274.0,34681.0,1407.0,other,other
30311_2022-11-15,4.0,pt,35114.0,35520.0,406.0,other,other
30311_2022-11-15,5.0,pt,40055.0,42939.0,2884.0,other,other
30311_2022-11-15,6.0,mpt,43588.0,44782.0,1194.0,other,education
30311_2022-11-15,7.0,walk,55298.0,57849.0,2551.0,education,home
30827_2022-12-14,0.0,walk,25832.0,26182.0,350.0,home,other
30827_2022-12-14,1.0,walk,26579.0,27272.0,693.0,other,home
30827_2022-12-14,2.0,bike,43255.0,43855.0,600.0,home,other
30827_2022-12-14,3.0,bike,47416.0,47968.0,552.0,other,home
30827_2022-12-14,4.0,walk,54066.0,54697.0,631.0,home,other
30827_2022-12-14,5.0,walk,58354.0,58475.0,121.0,other,home
30009_2022-09-15,0.0,mpt,17861.0,20496.0,2635.0,home,work
30009_2022-09-15,1.0,mpt,53548.0,56668.0,3120.0,work,home
30542_2022-11-08,0.0,walk,35113.0,35388.0,275.0,home,other
30542_2022-11-08,1.0,walk,38107.0,38184.0,77.0,other,home
30542_2022-11-08,2.0,mpt,60373.0,61144.0,771.0,home,education
30542_2022-11-08,3.0,mpt,67054.0,67709.0,655.0,education,home
30433_2022-11-09,0.0,mpt,25902.0,29133.0,3231.0,home,education
30433_2022-11-09,1.0,mpt,37344.0,39556.0,2212.0,education,home
30433_2022-11-09,2.0,walk,65811.0,65954.0,143.0,home,home
31207_2022-11-16,0.0,mpt,49178.0,49869.0,691.0,home,other
31207_2022-11-16,1.0,mpt,53057.0,53779.0,722.0,other,home
30442_2022-12-08,0.0,walk,25067.0,26521.0,1454.0,home,education
30442_2022-12-08,1.0,mpt,28593.0,29137.0,544.0,education,education
30442_2022-12-08,2.0,mpt,32947.0,33329.0,382.0,education,education
30442_2022-12-08,3.0,walk,52323.0,53491.0,1168.0,education,home
30185_2022-12-21,0.0,mpt,21307.0,26334.0,5027.0,home,education
30185_2022-12-21,1.0,walk,40100.0,40705.0,605.0,education,other
30185_2022-12-21,2.0,pt,41602.0,42265.0,663.0,other,leisure
30185_2022-12-21,3.0,walk,43076.0,43940.0,864.0,leisure,education
30185_2022-12-21,4.0,pt,57452.0,61193.0,3741.0,education,shop
30185_2022-12-21,5.0,walk,61911.0,63278.0,1367.0,shop,home
30467_2022-08-01,0.0,mpt,2913.0,6208.0,3295.0,leisure,home
30467_2022-08-01,1.0,mpt,36386.0,37585.0,1199.0,home,other
30467_2022-08-01,2.0,mpt,41384.0,42740.0,1356.0,other,home
30467_2022-08-01,3.0,mpt,45070.0,48603.0,3533.0,home,home
30467_2022-08-01,4.0,mpt,69418.0,72353.0,2935.0,home,other
30467_2022-08-01,5.0,mpt,73080.0,73522.0,442.0,other,home
31025_2022-11-15,0.0,mpt,28004.0,28410.0,406.0,home,education
31025_2022-11-15,1.0,mpt,33683.0,35242.0,1559.0,education,home
31025_2022-11-15,2.0,mpt,49266.0,50309.0,1043.0,home,education
31025_2022-11-15,3.0,walk,50809.0,51009.0,200.0,education,education
31025_2022-11-15,4.0,mpt,57708.0,60100.0,2392.0,education,leisure
31025_2022-11-15,5.0,mpt,69052.0,69699.0,647.0,leisure,home
30118_2022-11-15,0.0,bike,24874.0,26110.0,1236.0,home,leisure
30118_2022-11-15,1.0,walk,28519.0,28850.0,331.0,leisure,education
30118_2022-11-15,2.0,bike,37317.0,37980.0,663.0,education,leisure
30118_2022-11-15,3.0,bike,38502.0,38991.0,489.0,leisure,home
30118_2022-11-15,4.0,bike,43905.0,44901.0,996.0,home,home
30118_2022-11-15,5.0,mpt,49759.0,50781.0,1022.0,home,shop
30118_2022-11-15,6.0,walk,52568.0,53024.0,456.0,shop,shop
30118_2022-11-15,7.0,mpt,53406.0,53621.0,215.0,shop,home
30505_2022-12-16,0.0,pt,51913.0,54373.0,2460.0,home,education
30505_2022-12-16,1.0,pt,57872.0,58707.0,835.0,education,home
30505_2022-12-16,2.0,mpt,73882.0,75889.0,2007.0,home,leisure
30505_2022-12-16,3.0,mpt,76305.0,77626.0,1321.0,leisure,home
31101_2022-11-15,0.0,walk,47795.0,51305.0,3510.0,home,home
30922_2022-11-13,0.0,bike,41548.0,47477.0,5929.0,home,home
30922_2022-11-13,1.0,walk,50480.0,53531.0,3051.0,home,home
31119_2022-12-31,0.0,mpt,31951.0,32700.0,749.0,home,shop
31119_2022-12-31,1.0,walk,33192.0,33717.0,525.0,shop,home
31119_2022-12-31,2.0,walk,35976.0,36194.0,218.0,home,shop
31119_2022-12-31,3.0,mpt,36658.0,37432.0,774.0,shop,home
31119_2022-12-31,4.0,bike,44727.0,47316.0,2589.0,home,leisure
31119_2022-12-31,5.0,bike,48421.0,48680.0,259.0,leisure,home
31234_2022-10-08,0.0,bike,22276.0,22692.0,416.0,home,work
31234_2022-10-08,1.0,bike,49829.0,50179.0,350.0,work,home
30049_2022-12-22,0.0,walk,27523.0,27691.0,168.0,home,education
30049_2022-12-22,1.0,walk,28484.0,28785.0,301.0,education,other
30049_2022-12-22,2.0,walk,29172.0,29274.0,102.0,other,education
30049_2022-12-22,3.0,other,43301.0,44270.0,969.0,education,home
30049_2022-12-22,4.0,other,46931.0,47874.0,943.0,home,education
30049_2022-12-22,5.0,walk,61500.0,62035.0,535.0,education,home
30115_2022-09-07,0.0,pt,21920.0,22136.0,216.0,home,education
30115_2022-09-07,2.0,mpt,22523.0,28341.0,5818.0,education,education
30115_2022-09-07,3.0,mpt,42526.0,48730.0,6204.0,education,education
30115_2022-09-07,4.0,walk,49172.0,49459.0,287.0,education,other
30115_2022-09-07,5.0,walk,56455.0,56833.0,378.0,other,home
30819_2022-12-08,0.0,bike,25543.0,26717.0,1174.0,home,education
30819_2022-12-08,1.0,walk,33279.0,33510.0,231.0,education,work
30819_2022-12-08,2.0,bike,37661.0,38221.0,560.0,work,home
30819_2022-12-08,3.0,walk,38611.0,39078.0,467.0,home,leisure
30819_2022-12-08,4.0,bike,43755.0,44843.0,1088.0,leisure,home
30819_2022-12-08,5.0,walk,63180.0,63324.0,144.0,home,shop
30819_2022-12-08,6.0,walk,63816.0,63956.0,140.0,shop,home
30802_2022-12-15,0.0,mpt,12996.0,14028.0,1032.0,home,work
30802_2022-12-15,1.0,mpt,44655.0,45203.0,548.0,work,shop
30802_2022-12-15,2.0,mpt,45576.0,45891.0,315.0,shop,home
30802_2022-12-15,3.0,walk,51375.0,52666.0,1291.0,home,home
30802_2022-12-15,4.0,mpt,66003.0,67511.0,1508.0,home,leisure
30802_2022-12-15,5.0,mpt,74521.0,75526.0,1005.0,leisure,home
30980_2022-10-24,0.0,mpt,34620.0,35579.0,959.0,home,leisure
30980_2022-10-24,1.0,mpt,40986.0,41677.0,691.0,leisure,home
30980_2022-10-24,2.0,mpt,47567.0,47764.0,197.0,home,leisure
30980_2022-10-24,3.0,mpt,52335.0,52802.0,467.0,leisure,work
30980_2022-10-24,4.0,mpt,70552.0,71371.0,819.0,work,home
30042_2023-01-05,0.0,mpt,20515.0,21498.0,983.0,home,education
30042_2023-01-05,1.0,mpt,62525.0,62986.0,461.0,education,home
31087_2022-07-28,0.0,walk,17594.0,23921.0,6327.0,home,work
31087_2022-07-28,1.0,mpt,38576.0,41134.0,2558.0,work,home
31087_2022-07-28,2.0,mpt,42527.0,42749.0,222.0,home,education
31087_2022-07-28,3.0,walk,60330.0,60562.0,232.0,education,shop
31087_2022-07-28,4.0,walk,62145.0,62833.0,688.0,shop,home
31087_2022-07-28,5.0,mpt,63313.0,63684.0,371.0,home,home
31087_2022-07-28,6.0,mpt,72204.0,72412.0,208.0,home,other
31087_2022-07-28,7.0,mpt,73460.0,75732.0,2272.0,other,home
30969_2022-11-11,0.0,mpt,44549.0,45529.0,980.0,home,leisure
30969_2022-11-11,1.0,mpt,46278.0,46440.0,162.0,leisure,leisure
30969_2022-11-11,2.0,mpt,48320.0,48685.0,365.0,leisure,shop
30969_2022-11-11,3.0,mpt,49072.0,49647.0,575.0,shop,leisure
30969_2022-11-11,4.0,mpt,50386.0,52700.0,2314.0,leisure,work
30969_2022-11-11,5.0,mpt,62863.0,65470.0,2607.0,work,leisure
30969_2022-11-11,6.0,mpt,71567.0,72030.0,463.0,leisure,shop
30969_2022-11-11,7.0,mpt,72472.0,74017.0,1545.0,shop,home
30439_2022-11-30,0.0,mpt,24301.0,27543.0,3242.0,home,education
30439_2022-11-30,1.0,walk,39288.0,39351.0,63.0,education,work
30439_2022-11-30,2.0,mpt,58059.0,61485.0,3426.0,work,leisure
30439_2022-11-30,3.0,mpt,67403.0,69377.0,1974.0,leisure,home
31302_2022-11-07,0.0,bike,21339.0,21754.0,415.0,home,work
31302_2022-11-07,1.0,bike,53863.0,54240.0,377.0,work,home
30796_2022-12-01,0.0,walk,55129.0,55886.0,757.0,home,home
30695_2022-11-05,0.0,mpt,49250.0,49984.0,734.0,home,other
30695_2022-11-05,1.0,mpt,52537.0,52764.0,227.0,other,leisure
30695_2022-11-05,2.0,mpt,55058.0,55463.0,405.0,leisure,home
30695_2022-11-05,3.0,mpt,61131.0,62603.0,1472.0,home,leisure
30695_2022-11-05,4.0,mpt,78790.0,79920.0,1130.0,leisure,home
30989_2022-12-13,0.0,walk,39866.0,40285.0,419.0,home,home
30989_2022-12-13,1.0,mpt,57469.0,61657.0,4188.0,home,leisure
30989_2022-12-13,2.0,mpt,65911.0,67251.0,1340.0,leisure,home
30989_2022-12-13,3.0,walk,68130.0,68720.0,590.0,home,home
30063_2022-09-23,0.0,walk,30205.0,30262.0,57.0,home,home
30063_2022-09-23,1.0,walk,48277.0,48756.0,479.0,home,shop
30063_2022-09-23,2.0,walk,51600.0,51792.0,192.0,shop,home
30100_2022-11-14,0.0,mpt,24519.0,25078.0,559.0,home,work
30100_2022-11-14,1.0,pt,62105.0,62876.0,771.0,work,other
30100_2022-11-14,2.0,pt,63255.0,63670.0,415.0,other,home
30538_2022-11-07,0.0,mpt,24486.0,25705.0,1219.0,home,education
30538_2022-11-07,1.0,mpt,38470.0,40534.0,2064.0,education,home
30538_2022-11-07,2.0,pt,49592.0,49796.0,204.0,home,other
30538_2022-11-07,3.0,pt,51520.0,51995.0,475.0,other,home
30538_2022-11-07,4.0,walk,68405.0,69003.0,598.0,home,leisure
30538_2022-11-07,5.0,walk,74124.0,74813.0,689.0,leisure,home
30634_2022-09-17,0.0,mpt,25337.0,25469.0,132.0,home,home
30634_2022-09-17,1.0,mpt,61857.0,62054.0,197.0,home,home
30688_2022-12-01,0.0,mpt,34555.0,36295.0,1740.0,home,leisure
30688_2022-12-01,1.0,walk,42182.0,42437.0,255.0,leisure,leisure
30688_2022-12-01,2.0,walk,43647.0,44064.0,417.0,leisure,education
30688_2022-12-01,3.0,mpt,48690.0,50300.0,1610.0,education,other
30688_2022-12-01,4.0,pt,51108.0,51308.0,200.0,other,home
30688_2022-12-01,5.0,walk,52730.0,57479.0,4749.0,home,home
30963_2022-10-17,0.0,mpt,25461.0,29060.0,3599.0,home,other
30963_2022-10-17,1.0,other,44698.0,45297.0,599.0,other,other
30963_2022-10-17,2.0,walk,46221.0,46300.0,79.0,other,other
30963_2022-10-17,3.0,mpt,47055.0,51053.0,3998.0,other,home
30963_2022-10-17,4.0,mpt,51478.0,58748.0,7270.0,home,home
30963_2022-10-17,5.0,mpt,59183.0,62463.0,3280.0,home,home
30434_2022-10-31,0.0,mpt,18952.0,20055.0,1103.0,home,work
30434_2022-10-31,1.0,mpt,50890.0,51662.0,772.0,work,home
30266_2022-12-20,0.0,mpt,23761.0,27531.0,3770.0,home,home
30266_2022-12-20,1.0,mpt,40087.0,40307.0,220.0,home,home
30266_2022-12-20,2.0,mpt,44343.0,44689.0,346.0,home,home
30266_2022-12-20,3.0,pt,45359.0,48130.0,2771.0,home,education
30266_2022-12-20,4.0,walk,48833.0,50253.0,1420.0,education,leisure
30266_2022-12-20,5.0,pt,73770.0,77478.0,3708.0,leisure,other
30266_2022-12-20,6.0,pt,78755.0,79230.0,475.0,other,home
30089_2022-11-26,0.0,walk,27422.0,31846.0,4424.0,home,home
30847_2022-10-29,0.0,pt,40939.0,41316.0,377.0,home,shop
30847_2022-10-29,1.0,other,41942.0,43480.0,1538.0,shop,leisure
30847_2022-10-29,2.0,walk,43881.0,44991.0,1110.0,leisure,home
30847_2022-10-29,3.0,walk,47154.0,49965.0,2811.0,home,leisure
30847_2022-10-29,4.0,mpt,53106.0,54721.0,1615.0,leisure,home
30847_2022-10-29,5.0,pt,56738.0,58626.0,1888.0,home,other
30847_2022-10-29,6.0,pt,59068.0,60852.0,1784.0,other,leisure
30847_2022-10-29,7.0,pt,73736.0,78392.0,4656.0,leisure,home
30887_2023-01-12,0.0,walk,52809.0,56024.0,3215.0,home,home
30887_2023-01-12,1.0,walk,57006.0,57937.0,931.0,home,other
30887_2023-01-12,2.0,walk,58442.0,59416.0,974.0,other,home
30317_2022-11-11,0.0,walk,35199.0,36304.0,1105.0,home,shop
30317_2022-11-11,1.0,walk,37058.0,37634.0,576.0,shop,other
30317_2022-11-11,2.0,walk,38127.0,38671.0,544.0,other,home
30724_2022-10-29,0.0,mpt,61349.0,62059.0,710.0,home,leisure
30724_2022-10-29,1.0,mpt,82863.0,83715.0,852.0,leisure,home
30796_2022-12-03,0.0,mpt,27898.0,29122.0,1224.0,home,home
30796_2022-12-03,1.0,mpt,29811.0,31202.0,1391.0,home,home
30796_2022-12-03,2.0,mpt,37141.0,37709.0,568.0,home,other
30796_2022-12-03,3.0,mpt,38170.0,38980.0,810.0,other,home
30796_2022-12-03,4.0,mpt,41806.0,42130.0,324.0,home,shop
30796_2022-12-03,5.0,mpt,42675.0,42950.0,275.0,shop,other
30796_2022-12-03,6.0,mpt,43442.0,43764.0,322.0,other,home
30796_2022-12-03,7.0,walk,52902.0,54758.0,1856.0,home,home
30116_2022-07-28,0.0,walk,59689.0,59791.0,102.0,home,leisure
30116_2022-07-28,1.0,walk,60397.0,60626.0,229.0,leisure,home
30633_2022-12-07,0.0,walk,24864.0,26767.0,1903.0,home,home
30633_2022-12-07,1.0,walk,30530.0,30818.0,288.0,home,home
30633_2022-12-07,2.0,walk,37628.0,38259.0,631.0,home,other
30633_2022-12-07,3.0,walk,39062.0,39790.0,728.0,other,shop
30633_2022-12-07,4.0,walk,40387.0,41914.0,1527.0,shop,home
30633_2022-12-07,5.0,mpt,57923.0,59389.0,1466.0,home,shop
30633_2022-12-07,6.0,mpt,62908.0,63645.0,737.0,shop,home
30320_2022-09-11,0.0,bike,43278.0,44453.0,1175.0,home,leisure
30320_2022-09-11,1.0,bike,46417.0,46643.0,226.0,leisure,home
30313_2022-10-24,0.0,bike,24208.0,24855.0,647.0,home,education
30313_2022-10-24,1.0,bike,28712.0,29012.0,300.0,education,work
30313_2022-10-24,2.0,bike,57273.0,57863.0,590.0,work,home
30819_2022-12-11,0.0,mpt,32010.0,32977.0,967.0,home,home
30819_2022-12-11,1.0,mpt,39842.0,40579.0,737.0,home,home
30819_2022-12-11,2.0,mpt,59352.0,60192.0,840.0,home,home
30819_2022-12-11,3.0,mpt,69101.0,69933.0,832.0,home,home
31145_2022-11-10,0.0,pt,23240.0,25437.0,2197.0,home,education
31145_2022-11-10,1.0,walk,35629.0,36060.0,431.0,education,education
31145_2022-11-10,2.0,walk,42182.0,42594.0,412.0,education,work
31145_2022-11-10,3.0,pt,59927.0,62238.0,2311.0,work,home
30342_2022-10-23,0.0,mpt,15935.0,35512.0,19577.0,home,leisure
30342_2022-10-23,1.0,mpt,36093.0,37531.0,1438.0,leisure,home
30092_2022-11-16,0.0,bike,52169.0,52527.0,358.0,home,shop
30092_2022-11-16,1.0,bike,53142.0,53239.0,97.0,shop,home
30704_2022-12-07,0.0,walk,33738.0,36411.0,2673.0,home,home
30704_2022-12-07,1.0,walk,80696.0,81245.0,549.0,home,home
30903_2022-11-29,0.0,mpt,40045.0,41384.0,1339.0,home,other
30903_2022-11-29,1.0,mpt,43009.0,43230.0,221.0,other,home
30903_2022-11-29,2.0,mpt,45730.0,47238.0,1508.0,home,home
30903_2022-11-29,3.0,mpt,79143.0,79804.0,661.0,home,shop
30903_2022-11-29,4.0,mpt,83744.0,84197.0,453.0,shop,home
31101_2022-11-14,0.0,walk,68171.0,70985.0,2814.0,home,home
30013_2022-10-26,0.0,walk,32769.0,34710.0,1941.0,home,work
30013_2022-10-26,1.0,mpt,56602.0,58419.0,1817.0,work,shop
30013_2022-10-26,2.0,walk,60129.0,60949.0,820.0,shop,other
30013_2022-10-26,3.0,mpt,61409.0,62359.0,950.0,other,home
30542_2022-11-07,0.0,pt,19146.0,19378.0,232.0,home,other
30542_2022-11-07,1.0,pt,19824.0,21816.0,1992.0,other,leisure
30542_2022-11-07,2.0,walk,22370.0,22468.0,98.0,leisure,education
30542_2022-11-07,3.0,pt,36893.0,38716.0,1823.0,education,education
30542_2022-11-07,4.0,pt,50741.0,50864.0,123.0,education,other
30542_2022-11-07,5.0,pt,51225.0,52670.0,1445.0,other,home
30905_2022-09-03,0.0,mpt,16033.0,19907.0,3874.0,other,other
30905_2022-09-03,1.0,mpt,21712.0,22148.0,436.0,other,leisure
30905_2022-09-03,2.0,walk,24137.0,24650.0,513.0,leisure,leisure
30905_2022-09-03,3.0,walk,25150.0,25217.0,67.0,leisure,leisure
30905_2022-09-03,4.0,walk,27637.0,27943.0,306.0,leisure,leisure
30905_2022-09-03,5.0,walk,29006.0,29772.0,766.0,leisure,leisure
30905_2022-09-03,6.0,walk,31936.0,32747.0,811.0,leisure,leisure
30905_2022-09-03,7.0,walk,33730.0,34090.0,360.0,leisure,leisure
30905_2022-09-03,8.0,mpt,35564.0,40438.0,4874.0,leisure,home
30905_2022-09-03,9.0,mpt,52086.0,52213.0,127.0,home,leisure
30905_2022-09-03,10.0,mpt,52965.0,53104.0,139.0,leisure,home
30905_2022-09-03,11.0,mpt,57357.0,60129.0,2772.0,home,home
30490_2022-11-10,0.0,walk,36194.0,36586.0,392.0,home,home
30490_2022-11-10,1.0,pt,73799.0,73847.0,48.0,home,home
30490_2022-11-10,2.0,pt,74267.0,74363.0,96.0,home,home
30697_2022-10-27,0.0,mpt,15006.0,15985.0,979.0,home,education
30697_2022-10-27,1.0,mpt,30969.0,31535.0,566.0,education,education
30697_2022-10-27,2.0,walk,31918.0,32159.0,241.0,education,education
30697_2022-10-27,3.0,mpt,36785.0,38006.0,1221.0,education,education
30697_2022-10-27,4.0,mpt,48257.0,49410.0,1153.0,education,education
30697_2022-10-27,5.0,walk,61651.0,62012.0,361.0,education,leisure
30697_2022-10-27,6.0,mpt,73174.0,74617.0,1443.0,leisure,home
30687_2022-11-04,0.0,walk,56338.0,57228.0,890.0,home,other
30687_2022-11-04,1.0,walk,60302.0,61651.0,1349.0,other,home
30706_2022-11-04,0.0,bike,23055.0,23510.0,455.0,home,education
30706_2022-11-04,1.0,bike,40323.0,40604.0,281.0,education,home
30706_2022-11-04,2.0,mpt,47537.0,48725.0,1188.0,home,shop
30706_2022-11-04,3.0,walk,49797.0,50033.0,236.0,shop,shop
30706_2022-11-04,4.0,mpt,52181.0,55390.0,3209.0,shop,home
30706_2022-11-04,5.0,mpt,60811.0,61917.0,1106.0,home,home
30706_2022-11-04,6.0,walk,65146.0,68292.0,3146.0,home,leisure
30706_2022-11-04,7.0,walk,70534.0,73389.0,2855.0,leisure,leisure
30706_2022-11-04,8.0,walk,74110.0,74969.0,859.0,leisure,leisure
30706_2022-11-04,9.0,walk,83009.0,83492.0,483.0,leisure,other
30706_2022-11-04,10.0,pt,83970.0,85377.0,1407.0,other,home
30728_2022-11-22,0.0,mpt,23086.0,29074.0,5988.0,home,education
30728_2022-11-22,1.0,mpt,32405.0,38675.0,6270.0,education,education
30728_2022-11-22,2.0,mpt,49259.0,50941.0,1682.0,education,home
30728_2022-11-22,3.0,mpt,51732.0,52631.0,899.0,home,education
30728_2022-11-22,4.0,mpt,60246.0,61391.0,1145.0,education,other
30728_2022-11-22,5.0,mpt,65477.0,66249.0,772.0,other,other
30728_2022-11-22,6.0,mpt,67042.0,67426.0,384.0,other,home
30887_2023-01-20,0.0,mpt,3744.0,4550.0,806.0,education,home
30887_2023-01-20,1.0,pt,46726.0,47584.0,858.0,home,education
30887_2023-01-20,2.0,walk,48139.0,49232.0,1093.0,education,education
30887_2023-01-20,3.0,walk,49713.0,51929.0,2216.0,education,education
30887_2023-01-20,4.0,walk,52689.0,53614.0,925.0,education,education
30887_2023-01-20,5.0,pt,54381.0,59432.0,5051.0,education,home
30887_2023-01-20,6.0,mpt,76590.0,78473.0,1883.0,home,leisure
30887_2023-01-20,7.0,mpt,80811.0,81723.0,912.0,leisure,home
30339_2022-12-02,0.0,bike,39179.0,39434.0,255.0,home,leisure
30339_2022-12-02,1.0,bike,45396.0,45665.0,269.0,leisure,home
30274_2022-12-18,0.0,walk,54204.0,56573.0,2369.0,home,home
30168_2022-09-29,0.0,mpt,31678.0,32158.0,480.0,home,leisure
30168_2022-09-29,1.0,mpt,40173.0,40617.0,444.0,leisure,home
30631_2022-11-10,0.0,walk,25408.0,30843.0,5435.0,home,home
30631_2022-11-10,1.0,walk,51847.0,51930.0,83.0,home,home
30631_2022-11-10,2.0,bike,53063.0,54038.0,975.0,home,shop
30631_2022-11-10,3.0,bike,54404.0,54517.0,113.0,shop,home
30631_2022-11-10,4.0,mpt,60600.0,63443.0,2843.0,home,leisure
30631_2022-11-10,5.0,mpt,74469.0,76979.0,2510.0,leisure,home
30817_2022-10-31,0.0,mpt,31415.0,33252.0,1837.0,home,shop
30817_2022-10-31,1.0,walk,34692.0,35498.0,806.0,shop,leisure
30817_2022-10-31,2.0,walk,36432.0,36675.0,243.0,leisure,other
30817_2022-10-31,3.0,mpt,37581.0,45519.0,7938.0,other,leisure
30817_2022-10-31,4.0,mpt,47124.0,57094.0,9970.0,leisure,shop
30817_2022-10-31,5.0,mpt,57592.0,58660.0,1068.0,shop,home
30012_2022-08-11,0.0,mpt,26533.0,27583.0,1050.0,home,education
30012_2022-08-11,1.0,walk,29059.0,29157.0,98.0,education,education
30012_2022-08-11,2.0,walk,37276.0,37389.0,113.0,education,leisure
30012_2022-08-11,3.0,mpt,40382.0,42200.0,1818.0,leisure,education
30012_2022-08-11,4.0,mpt,43793.0,45609.0,1816.0,education,home
30012_2022-08-11,5.0,walk,47406.0,47804.0,398.0,home,shop
30012_2022-08-11,6.0,mpt,49350.0,50921.0,1571.0,shop,education
30012_2022-08-11,7.0,pt,57385.0,57889.0,504.0,education,leisure
30012_2022-08-11,8.0,mpt,65503.0,67262.0,1759.0,leisure,home
30171_2022-12-12,0.0,walk,34221.0,34371.0,150.0,home,home
30171_2022-12-12,1.0,pt,38076.0,39790.0,1714.0,home,home
30171_2022-12-12,2.0,walk,40510.0,40838.0,328.0,home,other
30171_2022-12-12,3.0,pt,42294.0,43185.0,891.0,other,other
30171_2022-12-12,4.0,pt,43690.0,44611.0,921.0,other,home
30171_2022-12-12,5.0,walk,53256.0,56955.0,3699.0,home,home
30351_2022-11-10,0.0,other,47881.0,48929.0,1048.0,home,work
31014_2022-12-11,0.0,walk,39800.0,40434.0,634.0,home,leisure
31014_2022-12-11,1.0,pt,45718.0,47865.0,2147.0,leisure,other
31014_2022-12-11,2.0,pt,48642.0,50519.0,1877.0,other,home
30439_2022-11-18,0.0,walk,33648.0,33800.0,152.0,home,home
30439_2022-11-18,1.0,walk,40595.0,42152.0,1557.0,home,home
30439_2022-11-18,2.0,mpt,59017.0,59347.0,330.0,home,shop
30439_2022-11-18,3.0,mpt,60886.0,61307.0,421.0,shop,shop
30439_2022-11-18,4.0,mpt,61712.0,61954.0,242.0,shop,home
30439_2022-11-18,5.0,walk,62410.0,63676.0,1266.0,home,home
31224_2022-09-30,0.0,walk,28747.0,29126.0,379.0,home,leisure
31224_2022-09-30,1.0,walk,29514.0,29617.0,103.0,leisure,leisure
31224_2022-09-30,2.0,walk,31037.0,31603.0,566.0,leisure,home
30696_2022-11-06,0.0,mpt,52501.0,53374.0,873.0,home,shop
30696_2022-11-06,1.0,walk,54263.0,54831.0,568.0,shop,shop
30696_2022-11-06,2.0,mpt,55843.0,56788.0,945.0,shop,home
30310_2022-09-08,0.0,mpt,53486.0,53738.0,252.0,home,home
30688_2022-11-24,0.0,mpt,48686.0,52671.0,3985.0,work,home
30688_2022-11-24,1.0,walk,57120.0,57291.0,171.0,home,home
30985_2022-09-18,0.0,walk,31700.0,35104.0,3404.0,home,leisure
30985_2022-09-18,1.0,walk,36149.0,39513.0,3364.0,leisure,home
31020_2022-07-30,0.0,mpt,25071.0,27833.0,2762.0,home,home
31020_2022-07-30,1.0,other,35407.0,46628.0,11221.0,home,other
31020_2022-07-30,2.0,pt,48677.0,57892.0,9215.0,other,home
30980_2022-11-05,0.0,walk,42002.0,43701.0,1699.0,home,shop
30980_2022-11-05,1.0,walk,45457.0,46308.0,851.0,shop,shop
30980_2022-11-05,2.0,mpt,48268.0,48810.0,542.0,shop,home
30980_2022-11-05,3.0,mpt,52395.0,52806.0,411.0,home,leisure
30980_2022-11-05,4.0,mpt,57994.0,58516.0,522.0,leisure,leisure
30980_2022-11-05,5.0,walk,60036.0,61516.0,1480.0,leisure,leisure
30980_2022-11-05,6.0,walk,66375.0,67999.0,1624.0,leisure,home
30578_2022-10-12,0.0,pt,51110.0,51408.0,298.0,home,other
30578_2022-10-12,1.0,pt,52213.0,56805.0,4592.0,other,shop
30578_2022-10-12,2.0,walk,58485.0,58910.0,425.0,shop,leisure
30578_2022-10-12,3.0,pt,67641.0,70958.0,3317.0,leisure,home
30450_2022-08-30,0.0,mpt,18673.0,22422.0,3749.0,other,education
30450_2022-08-30,1.0,mpt,36542.0,36977.0,435.0,education,home
30450_2022-08-30,2.0,mpt,40001.0,40342.0,341.0,home,education
30450_2022-08-30,3.0,mpt,55939.0,55994.0,55.0,education,shop
30450_2022-08-30,4.0,mpt,56357.0,60306.0,3949.0,shop,home
30211_2022-11-04,0.0,mpt,63908.0,64183.0,275.0,home,leisure
30211_2022-11-04,1.0,pt,64566.0,65689.0,1123.0,leisure,leisure
30211_2022-11-04,2.0,pt,75440.0,76929.0,1489.0,leisure,home
31021_2022-11-25,0.0,walk,21201.0,21459.0,258.0,home,home
31021_2022-11-25,1.0,mpt,23936.0,24929.0,993.0,home,education
31021_2022-11-25,2.0,mpt,38428.0,39256.0,828.0,education,other
31021_2022-11-25,3.0,walk,39633.0,39866.0,233.0,other,home
31021_2022-11-25,4.0,mpt,44991.0,45796.0,805.0,home,home
31021_2022-11-25,5.0,mpt,48678.0,49114.0,436.0,home,leisure
31021_2022-11-25,6.0,mpt,52225.0,52568.0,343.0,leisure,home
31224_2022-09-15,0.0,pt,49062.0,50184.0,1122.0,home,other
31224_2022-09-15,1.0,walk,50912.0,51195.0,283.0,other,leisure
31224_2022-09-15,2.0,walk,52319.0,53008.0,689.0,leisure,other
31224_2022-09-15,3.0,pt,54161.0,58753.0,4592.0,other,leisure
31224_2022-09-15,4.0,pt,72270.0,76411.0,4141.0,leisure,home
30185_2022-12-02,0.0,mpt,17865.0,19480.0,1615.0,home,home
30185_2022-12-02,1.0,pt,47583.0,53136.0,5553.0,home,other
30185_2022-12-02,2.0,walk,53607.0,53692.0,85.0,other,home
30185_2022-12-02,3.0,pt,57926.0,63329.0,5403.0,home,leisure
30185_2022-12-02,4.0,mpt,65338.0,66141.0,803.0,leisure,leisure
30185_2022-12-02,5.0,mpt,78902.0,81734.0,2832.0,leisure,home
31107_2022-12-22,0.0,mpt,22896.0,24799.0,1903.0,home,home
31107_2022-12-22,1.0,mpt,40794.0,42895.0,2101.0,home,home
30454_2022-09-23,0.0,pt,14971.0,17894.0,2923.0,home,education
30454_2022-09-23,1.0,walk,35953.0,36564.0,611.0,education,leisure
30454_2022-09-23,2.0,walk,37224.0,38203.0,979.0,leisure,leisure
30454_2022-09-23,3.0,walk,42345.0,42573.0,228.0,leisure,education
30454_2022-09-23,4.0,walk,55804.0,56138.0,334.0,education,leisure
30454_2022-09-23,5.0,pt,64820.0,67886.0,3066.0,leisure,home
30663_2022-11-20,0.0,bike,30054.0,30657.0,603.0,home,home
30663_2022-11-20,1.0,mpt,32170.0,39696.0,7526.0,home,home
30663_2022-11-20,2.0,mpt,70761.0,71719.0,958.0,home,home
30921_2023-01-20,0.0,mpt,55067.0,56255.0,1188.0,home,other
30921_2023-01-20,1.0,mpt,57659.0,59840.0,2181.0,other,shop
30921_2023-01-20,2.0,walk,60439.0,61616.0,1177.0,shop,home
30921_2023-01-16,0.0,mpt,31562.0,31869.0,307.0,home,other
30921_2023-01-16,1.0,mpt,39863.0,40240.0,377.0,other,home
30969_2022-11-09,0.0,mpt,28901.0,29799.0,898.0,home,leisure
30969_2022-11-09,1.0,mpt,33112.0,34357.0,1245.0,leisure,home
30969_2022-11-09,2.0,mpt,37631.0,38715.0,1084.0,home,leisure
30969_2022-11-09,3.0,mpt,44629.0,45351.0,722.0,leisure,home
30969_2022-11-09,4.0,mpt,50703.0,52397.0,1694.0,home,other
30969_2022-11-09,5.0,mpt,53310.0,55066.0,1756.0,other,other
30969_2022-11-09,6.0,mpt,55484.0,58057.0,2573.0,other,shop
30969_2022-11-09,7.0,mpt,58757.0,59942.0,1185.0,shop,home
30115_2022-09-06,0.0,bike,39150.0,39625.0,475.0,home,other
30115_2022-09-06,1.0,bike,44983.0,45296.0,313.0,other,home
30115_2022-09-06,2.0,walk,56117.0,56380.0,263.0,home,other
30115_2022-09-06,3.0,walk,57731.0,58470.0,739.0,other,home
30008_2022-11-28,0.0,bike,23028.0,24659.0,1631.0,home,work
30008_2022-11-28,1.0,walk,41334.0,41758.0,424.0,work,leisure
30008_2022-11-28,2.0,walk,43172.0,43212.0,40.0,leisure,education
30008_2022-11-28,3.0,bike,54318.0,56208.0,1890.0,education,education
30008_2022-11-28,4.0,bike,63853.0,64795.0,942.0,education,other
30008_2022-11-28,5.0,bike,66110.0,66602.0,492.0,other,leisure
30008_2022-11-28,6.0,bike,66968.0,67545.0,577.0,leisure,home
30403_2022-12-13,0.0,mpt,23765.0,24274.0,509.0,home,education
30403_2022-12-13,1.0,mpt,40519.0,40932.0,413.0,education,home
30403_2022-12-13,2.0,mpt,56717.0,57335.0,618.0,home,education
30403_2022-12-13,3.0,walk,57758.0,58902.0,1144.0,education,education
30403_2022-12-13,4.0,walk,59559.0,59638.0,79.0,education,education
30403_2022-12-13,5.0,walk,64732.0,82799.0,18067.0,education,education
30403_2022-12-13,6.0,mpt,67653.0,68385.0,732.0,education,home
30092_2022-10-28,0.0,mpt,60415.0,61234.0,819.0,home,shop
30092_2022-10-28,1.0,mpt,64050.0,64752.0,702.0,shop,home
30028_2022-11-21,0.0,walk,43399.0,43436.0,37.0,home,home
31122_2022-12-21,0.0,walk,42594.0,42629.0,35.0,home,home
31122_2022-12-21,1.0,pt,45316.0,46038.0,722.0,home,shop
31122_2022-12-21,2.0,walk,47346.0,48023.0,677.0,shop,other
31122_2022-12-21,3.0,walk,49501.0,49661.0,160.0,other,other
31122_2022-12-21,4.0,pt,50959.0,52027.0,1068.0,other,shop
31122_2022-12-21,5.0,walk,53193.0,53852.0,659.0,shop,other
31122_2022-12-21,6.0,walk,54482.0,54902.0,420.0,other,home
30872_2022-12-07,0.0,walk,28387.0,30087.0,1700.0,home,home
30872_2022-12-07,1.0,walk,31668.0,33987.0,2319.0,home,home
30872_2022-12-07,2.0,walk,38246.0,41088.0,2842.0,home,home
31011_2022-12-05,0.0,pt,19097.0,23936.0,4839.0,home,other
31011_2022-12-05,1.0,pt,29333.0,31106.0,1773.0,other,work
31011_2022-12-05,2.0,pt,57700.0,62464.0,4764.0,work,home
30544_2022-11-10,0.0,walk,24485.0,25937.0,1452.0,home,home
30544_2022-11-10,1.0,walk,38980.0,41009.0,2029.0,home,shop
30544_2022-11-10,2.0,walk,41707.0,42509.0,802.0,shop,home
30749_2022-11-21,0.0,mpt,20660.0,21308.0,648.0,home,education
30749_2022-11-21,1.0,mpt,39570.0,40051.0,481.0,education,home
30749_2022-11-21,2.0,mpt,42758.0,43225.0,467.0,home,education
30749_2022-11-21,3.0,mpt,57023.0,57677.0,654.0,education,home
30140_2022-12-02,0.0,walk,24177.0,26401.0,2224.0,home,home
30235_2022-11-23,0.0,walk,18961.0,20210.0,1249.0,home,home
30235_2022-11-23,1.0,mpt,22451.0,23911.0,1460.0,home,work
30235_2022-11-23,2.0,mpt,60834.0,62052.0,1218.0,work,home
30057_2022-08-10,0.0,bike,17564.0,18354.0,790.0,home,education
30057_2022-08-10,1.0,walk,37601.0,38076.0,475.0,education,shop
30057_2022-08-10,2.0,walk,38489.0,39032.0,543.0,shop,education
30057_2022-08-10,3.0,pt,50545.0,52004.0,1459.0,education,shop
30057_2022-08-10,4.0,walk,53105.0,53551.0,446.0,shop,other
30057_2022-08-10,5.0,pt,54415.0,55153.0,738.0,other,shop
30057_2022-08-10,6.0,walk,55591.0,55774.0,183.0,shop,home
30444_2022-09-11,0.0,mpt,32041.0,34200.0,2159.0,home,leisure
30444_2022-09-11,1.0,mpt,54625.0,57086.0,2461.0,leisure,home
30140_2022-12-13,0.0,walk,23625.0,26773.0,3148.0,home,home
30185_2022-12-20,0.0,mpt,17638.0,19197.0,1559.0,home,home
30185_2022-12-20,1.0,mpt,55762.0,59153.0,3391.0,home,home
31126_2022-11-07,0.0,pt,30602.0,32829.0,2227.0,home,home
31126_2022-11-07,1.0,walk,41541.0,42865.0,1324.0,home,education
31126_2022-11-07,2.0,walk,53436.0,53867.0,431.0,education,education
31126_2022-11-07,3.0,walk,60764.0,62622.0,1858.0,education,home
31127_2022-10-24,0.0,bike,15868.0,17253.0,1385.0,home,education
31127_2022-10-24,1.0,bike,48752.0,49826.0,1074.0,education,home
30231_2022-12-27,0.0,bike,26339.0,27149.0,810.0,home,education
30231_2022-12-27,1.0,walk,54782.0,54893.0,111.0,education,education
30231_2022-12-27,2.0,bike,65432.0,66313.0,881.0,education,leisure
30231_2022-12-27,3.0,walk,68407.0,68494.0,87.0,leisure,leisure
30231_2022-12-27,4.0,pt,79437.0,80063.0,626.0,leisure,home
30401_2022-12-02,0.0,bike,39536.0,39921.0,385.0,home,leisure
30401_2022-12-02,1.0,bike,41832.0,42115.0,283.0,leisure,home
30401_2022-12-02,2.0,pt,63869.0,64955.0,1086.0,home,other
30401_2022-12-02,3.0,pt,65381.0,65868.0,487.0,other,leisure
30401_2022-12-02,4.0,pt,75506.0,77209.0,1703.0,leisure,home
30697_2022-10-14,0.0,mpt,16935.0,18200.0,1265.0,home,education
30697_2022-10-14,1.0,walk,18797.0,19265.0,468.0,education,education
30697_2022-10-14,2.0,walk,19813.0,21863.0,2050.0,education,education
30697_2022-10-14,3.0,mpt,34514.0,35677.0,1163.0,education,education
30697_2022-10-14,4.0,mpt,43806.0,47316.0,3510.0,education,home
30697_2022-10-14,5.0,mpt,51933.0,56480.0,4547.0,home,home
30231_2022-12-17,0.0,mpt,29813.0,36233.0,6420.0,home,shop
30231_2022-12-17,1.0,walk,37116.0,37338.0,222.0,shop,leisure
30231_2022-12-17,2.0,walk,42874.0,44138.0,1264.0,leisure,home
30231_2022-12-17,3.0,mpt,44539.0,47132.0,2593.0,home,leisure
30231_2022-12-17,4.0,walk,47932.0,48591.0,659.0,leisure,leisure
30231_2022-12-17,5.0,walk,49749.0,50105.0,356.0,leisure,leisure
30231_2022-12-17,6.0,mpt,50775.0,55170.0,4395.0,leisure,other
30231_2022-12-17,7.0,pt,55542.0,55723.0,181.0,other,leisure
30231_2022-12-17,8.0,walk,56890.0,57069.0,179.0,leisure,shop
30231_2022-12-17,9.0,walk,57848.0,58230.0,382.0,shop,home
30234_2022-08-03,0.0,pt,17605.0,20358.0,2753.0,home,education
30234_2022-08-03,1.0,pt,35405.0,37225.0,1820.0,education,leisure
30234_2022-08-03,2.0,walk,41212.0,42321.0,1109.0,leisure,home
30234_2022-08-03,3.0,pt,60222.0,61168.0,946.0,home,leisure
30234_2022-08-03,4.0,other,62020.0,64131.0,2111.0,leisure,leisure
30234_2022-08-03,5.0,walk,67004.0,67343.0,339.0,leisure,leisure
30234_2022-08-03,6.0,pt,72154.0,74162.0,2008.0,leisure,home
31260_2022-11-09,0.0,pt,61690.0,63181.0,1491.0,home,home
31260_2022-11-09,1.0,pt,76078.0,78240.0,2162.0,home,home
30461_2022-11-02,0.0,pt,22962.0,27549.0,4587.0,home,education
30461_2022-11-02,1.0,pt,38861.0,44221.0,5360.0,education,home
30461_2022-11-02,2.0,mpt,57949.0,60208.0,2259.0,home,home
30461_2022-11-02,3.0,mpt,66702.0,67490.0,788.0,home,home
30231_2022-12-10,0.0,walk,31751.0,32138.0,387.0,home,home
30231_2022-12-10,1.0,walk,50518.0,50678.0,160.0,home,leisure
30231_2022-12-10,2.0,walk,55034.0,55275.0,241.0,leisure,home
31260_2022-11-11,0.0,walk,54762.0,54890.0,128.0,home,leisure
31260_2022-11-11,1.0,pt,57081.0,61306.0,4225.0,leisure,home
31260_2022-11-11,2.0,pt,64117.0,65050.0,933.0,home,leisure
31260_2022-11-11,3.0,pt,77675.0,77968.0,293.0,leisure,other
31260_2022-11-11,4.0,pt,78333.0,84186.0,5853.0,other,home
30099_2022-08-19,0.0,walk,25935.0,26441.0,506.0,home,leisure
30099_2022-08-19,1.0,walk,31084.0,32199.0,1115.0,leisure,home
30303_2022-11-11,0.0,mpt,20221.0,21367.0,1146.0,home,education
30303_2022-11-11,1.0,mpt,38741.0,39377.0,636.0,education,home
30303_2022-11-11,2.0,walk,40153.0,40196.0,43.0,home,home
30303_2022-11-11,3.0,mpt,56061.0,57011.0,950.0,home,home
30303_2022-11-11,4.0,mpt,67519.0,67713.0,194.0,home,leisure
30303_2022-11-11,5.0,pt,75352.0,75807.0,455.0,leisure,home
31080_2022-09-14,0.0,pt,20018.0,22874.0,2856.0,home,education
31080_2022-09-14,1.0,walk,34607.0,34834.0,227.0,education,leisure
31080_2022-09-14,2.0,walk,37590.0,37735.0,145.0,leisure,education
31080_2022-09-14,3.0,pt,50776.0,53000.0,2224.0,education,home
30782_2022-11-21,0.0,pt,21246.0,28179.0,6933.0,home,work
30782_2022-11-21,1.0,pt,59843.0,66590.0,6747.0,work,home
30861_2022-11-11,0.0,mpt,56981.0,57397.0,416.0,home,other
30861_2022-11-11,1.0,mpt,57990.0,58460.0,470.0,other,home
30861_2022-11-11,2.0,mpt,58980.0,60551.0,1571.0,home,shop
30861_2022-11-11,3.0,walk,61859.0,61946.0,87.0,shop,shop
30861_2022-11-11,4.0,mpt,64091.0,65165.0,1074.0,shop,home
30861_2022-11-11,5.0,walk,77605.0,78496.0,891.0,home,home
30724_2022-10-23,0.0,walk,43747.0,49278.0,5531.0,home,home
30467_2022-07-19,0.0,mpt,24555.0,26033.0,1478.0,home,education
30467_2022-07-19,1.0,mpt,30305.0,30996.0,691.0,education,education
30467_2022-07-19,2.0,walk,32940.0,32968.0,28.0,education,work
30467_2022-07-19,3.0,walk,58986.0,59361.0,375.0,work,education
30467_2022-07-19,4.0,mpt,59730.0,61077.0,1347.0,education,leisure
30467_2022-07-19,5.0,mpt,72250.0,73915.0,1665.0,leisure,home
30217_2022-10-25,0.0,mpt,24401.0,25714.0,1313.0,home,education
30217_2022-10-25,1.0,mpt,36029.0,36597.0,568.0,education,home
30217_2022-10-25,2.0,pt,46745.0,48154.0,1409.0,home,other
30217_2022-10-25,3.0,mpt,53689.0,54377.0,688.0,other,home
30217_2022-10-25,4.0,mpt,58895.0,61562.0,2667.0,home,home
30515_2022-09-26,0.0,walk,75946.0,76041.0,95.0,home,home
30515_2022-09-26,1.0,walk,76658.0,76778.0,120.0,home,home
30515_2022-09-26,2.0,walk,77930.0,78234.0,304.0,home,home
30515_2022-09-26,3.0,walk,84338.0,84394.0,56.0,home,home
31022_2022-09-07,0.0,pt,21318.0,21605.0,287.0,home,other
31022_2022-09-07,1.0,pt,21919.0,23040.0,1121.0,other,other
31022_2022-09-07,2.0,pt,26014.0,28462.0,2448.0,other,home
30116_2022-08-08,0.0,walk,61143.0,61343.0,200.0,home,home
30685_2022-11-25,0.0,bike,52703.0,54004.0,1301.0,home,leisure
30685_2022-11-25,1.0,bike,72101.0,72456.0,355.0,leisure,leisure
30685_2022-11-25,2.0,bike,81356.0,81851.0,495.0,leisure,leisure
30685_2022-11-25,3.0,bike,82949.0,84278.0,1329.0,leisure,home
31085_2022-09-30,0.0,mpt,24196.0,26113.0,1917.0,home,education
31085_2022-09-30,1.0,mpt,27119.0,28150.0,1031.0,education,education
31085_2022-09-30,2.0,mpt,33175.0,34993.0,1818.0,education,education
31085_2022-09-30,3.0,mpt,42623.0,46241.0,3618.0,education,education
31085_2022-09-30,4.0,mpt,48440.0,48842.0,402.0,education,education
31085_2022-09-30,5.0,mpt,49881.0,50609.0,728.0,education,education
31085_2022-09-30,6.0,pt,51224.0,51882.0,658.0,education,education
31085_2022-09-30,7.0,mpt,75943.0,77845.0,1902.0,education,home
31292_2022-11-14,0.0,mpt,25397.0,26845.0,1448.0,home,work
31292_2022-11-14,1.0,mpt,66577.0,67349.0,772.0,work,shop
31292_2022-11-14,2.0,mpt,67730.0,68600.0,870.0,shop,home
30419_2022-09-12,0.0,mpt,24567.0,27503.0,2936.0,home,home
30419_2022-09-12,1.0,mpt,35593.0,35917.0,324.0,home,shop
30419_2022-09-12,2.0,mpt,38119.0,39207.0,1088.0,shop,home
31297_2022-08-09,0.0,mpt,30394.0,34767.0,4373.0,home,shop
31297_2022-08-09,1.0,mpt,35355.0,36064.0,709.0,shop,home
31002_2022-12-13,0.0,walk,24607.0,25504.0,897.0,home,shop
31002_2022-12-13,1.0,walk,26846.0,27438.0,592.0,shop,home
31002_2022-12-13,2.0,walk,59578.0,59974.0,396.0,home,other
31002_2022-12-13,3.0,walk,60677.0,61162.0,485.0,other,home
30822_2022-12-07,0.0,mpt,53881.0,56064.0,2183.0,home,education
30822_2022-12-07,1.0,walk,56436.0,56892.0,456.0,education,education
30822_2022-12-07,2.0,mpt,58349.0,58803.0,454.0,education,leisure
30822_2022-12-07,3.0,mpt,59299.0,60720.0,1421.0,leisure,home
30822_2022-12-07,4.0,mpt,77793.0,82616.0,4823.0,home,home
30981_2022-08-24,0.0,bike,22965.0,24198.0,1233.0,home,education
30981_2022-08-24,1.0,bike,36178.0,36547.0,369.0,education,work
30981_2022-08-24,2.0,bike,47522.0,49050.0,1528.0,work,home
31175_2022-08-27,0.0,walk,23444.0,26848.0,3404.0,home,home
31175_2022-08-27,1.0,pt,30737.0,31995.0,1258.0,home,leisure
31175_2022-08-27,2.0,walk,35117.0,36894.0,1777.0,leisure,home
31040_2022-11-16,0.0,walk,35542.0,35717.0,175.0,home,education
31040_2022-11-16,1.0,walk,36143.0,36346.0,203.0,education,home
31040_2022-11-16,2.0,mpt,63940.0,65025.0,1085.0,home,leisure
31040_2022-11-16,3.0,mpt,70953.0,71640.0,687.0,leisure,home
31178_2022-08-14,0.0,mpt,32431.0,34817.0,2386.0,home,leisure
31178_2022-08-14,1.0,walk,35846.0,35910.0,64.0,leisure,other
31178_2022-08-14,2.0,mpt,36282.0,38778.0,2496.0,other,home
31178_2022-08-14,3.0,mpt,52268.0,54928.0,2660.0,home,other
31178_2022-08-14,4.0,mpt,55304.0,57089.0,1785.0,other,home
30277_2022-08-04,0.0,pt,54507.0,57183.0,2676.0,home,leisure
30277_2022-08-04,1.0,pt,69260.0,69473.0,213.0,leisure,other
30277_2022-08-04,2.0,pt,69897.0,70703.0,806.0,other,home
31072_2022-11-08,0.0,pt,38805.0,40958.0,2153.0,home,work
31072_2022-11-08,1.0,walk,51413.0,51667.0,254.0,work,education
31072_2022-11-08,2.0,walk,53084.0,53463.0,379.0,education,education
31072_2022-11-08,3.0,pt,55369.0,56125.0,756.0,education,other
31072_2022-11-08,4.0,pt,56873.0,58773.0,1900.0,other,home
30168_2022-09-13,0.0,bike,32870.0,35412.0,2542.0,home,leisure
30168_2022-09-13,1.0,bike,35822.0,39028.0,3206.0,leisure,home
30168_2022-09-13,2.0,mpt,51781.0,53591.0,1810.0,home,leisure
30168_2022-09-13,3.0,mpt,56466.0,58735.0,2269.0,leisure,home
30236_2022-09-30,0.0,walk,49925.0,54083.0,4158.0,home,shop
30236_2022-09-30,1.0,mpt,55035.0,55159.0,124.0,shop,shop
30236_2022-09-30,2.0,mpt,56754.0,57476.0,722.0,shop,shop
30236_2022-09-30,3.0,mpt,57998.0,58418.0,420.0,shop,other
30236_2022-09-30,4.0,walk,60512.0,60683.0,171.0,other,home
30012_2022-08-04,0.0,mpt,25464.0,26667.0,1203.0,home,education
30012_2022-08-04,1.0,mpt,29079.0,30611.0,1532.0,education,education
30012_2022-08-04,2.0,walk,36525.0,36725.0,200.0,education,leisure
30012_2022-08-04,3.0,walk,39067.0,39597.0,530.0,leisure,education
30012_2022-08-04,4.0,mpt,61242.0,62314.0,1072.0,education,home
31141_2022-09-09,0.0,pt,14335.0,16953.0,2618.0,home,education
31141_2022-09-09,1.0,walk,36171.0,36909.0,738.0,education,education
31141_2022-09-09,2.0,pt,50107.0,50950.0,843.0,education,other
31141_2022-09-09,3.0,pt,51358.0,52607.0,1249.0,other,home
30835_2022-11-01,0.0,mpt,24673.0,24966.0,293.0,home,home
30835_2022-11-01,1.0,mpt,56029.0,57686.0,1657.0,home,other
30835_2022-11-01,2.0,mpt,58863.0,59303.0,440.0,other,shop
30835_2022-11-01,3.0,walk,59751.0,60077.0,326.0,shop,shop
30835_2022-11-01,4.0,mpt,65227.0,68066.0,2839.0,shop,leisure
30835_2022-11-01,5.0,mpt,69574.0,70131.0,557.0,leisure,home
30769_2022-10-31,0.0,mpt,21801.0,25550.0,3749.0,home,education
30769_2022-10-31,1.0,mpt,31487.0,34313.0,2826.0,education,home
30769_2022-10-31,2.0,mpt,49382.0,49858.0,476.0,home,shop
30769_2022-10-31,3.0,walk,51687.0,51853.0,166.0,shop,shop
30769_2022-10-31,4.0,mpt,52886.0,53855.0,969.0,shop,home
30769_2022-10-31,5.0,mpt,59421.0,60996.0,1575.0,home,home
31220_2022-08-05,0.0,bike,18558.0,19107.0,549.0,home,education
31220_2022-08-05,1.0,mpt,27043.0,28379.0,1336.0,education,education
31220_2022-08-05,2.0,mpt,29018.0,29842.0,824.0,education,education
31220_2022-08-05,3.0,walk,30315.0,30639.0,324.0,education,work
31220_2022-08-05,4.0,bike,53894.0,54095.0,201.0,work,home
31220_2022-08-05,5.0,walk,54842.0,54956.0,114.0,home,home
31220_2022-08-05,6.0,walk,62399.0,62632.0,233.0,home,home
30905_2022-09-10,0.0,mpt,22096.0,27343.0,5247.0,home,leisure
30905_2022-09-10,1.0,walk,33060.0,33864.0,804.0,leisure,leisure
30905_2022-09-10,2.0,walk,34632.0,34791.0,159.0,leisure,leisure
30905_2022-09-10,3.0,mpt,37413.0,40459.0,3046.0,leisure,home
30905_2022-09-10,4.0,mpt,48399.0,55534.0,7135.0,home,home
30876_2022-09-28,0.0,walk,28136.0,28537.0,401.0,home,shop
30876_2022-09-28,1.0,mpt,30427.0,31402.0,975.0,shop,home
30876_2022-09-28,2.0,pt,38578.0,39477.0,899.0,home,education
30876_2022-09-28,3.0,pt,54762.0,55719.0,957.0,education,home
30138_2022-11-07,0.0,mpt,48620.0,48898.0,278.0,home,shop
30138_2022-11-07,1.0,mpt,49712.0,50934.0,1222.0,shop,home
30138_2022-11-07,2.0,mpt,53025.0,53119.0,94.0,home,home
30138_2022-11-07,3.0,bike,66564.0,66698.0,134.0,home,home
30138_2022-11-07,4.0,bike,67595.0,67802.0,207.0,home,home
30148_2023-01-16,0.0,bike,44528.0,45223.0,695.0,home,education
30148_2023-01-16,1.0,bike,67171.0,68147.0,976.0,education,home
30502_2022-11-14,0.0,walk,41692.0,46230.0,4538.0,home,home
30502_2022-11-14,1.0,walk,65593.0,66281.0,688.0,home,leisure
30502_2022-11-14,2.0,walk,77505.0,78255.0,750.0,leisure,home
31085_2022-09-21,0.0,mpt,60624.0,60941.0,317.0,home,education
31085_2022-09-21,1.0,mpt,67187.0,67563.0,376.0,education,home
30119_2022-09-01,0.0,bike,22654.0,22959.0,305.0,home,other
30119_2022-09-01,1.0,walk,23785.0,28098.0,4313.0,other,other
30119_2022-09-01,2.0,bike,28597.0,29252.0,655.0,other,home
30119_2022-09-01,3.0,mpt,31577.0,32387.0,810.0,home,other
30119_2022-09-01,4.0,mpt,34352.0,35043.0,691.0,other,shop
30119_2022-09-01,5.0,mpt,36620.0,36689.0,69.0,shop,home
30119_2022-09-01,6.0,bike,45367.0,46112.0,745.0,home,other
30119_2022-09-01,7.0,walk,50909.0,51230.0,321.0,other,shop
30119_2022-09-01,8.0,walk,53036.0,53267.0,231.0,shop,leisure
30119_2022-09-01,9.0,bike,55560.0,56390.0,830.0,leisure,home
31005_2022-11-20,0.0,mpt,45211.0,47356.0,2145.0,home,leisure
31005_2022-11-20,1.0,mpt,57570.0,59767.0,2197.0,leisure,home
30386_2022-12-07,0.0,walk,60902.0,61079.0,177.0,home,home
30502_2022-11-08,0.0,walk,40360.0,44580.0,4220.0,home,home
30502_2022-11-08,1.0,walk,65871.0,66964.0,1093.0,home,leisure
30502_2022-11-08,2.0,walk,77714.0,78320.0,606.0,leisure,home
30553_2022-09-28,0.0,pt,31966.0,37654.0,5688.0,home,work
30553_2022-09-28,1.0,pt,69903.0,74209.0,4306.0,work,home
31104_2022-11-24,0.0,walk,34855.0,37690.0,2835.0,home,shop
31104_2022-11-24,1.0,walk,38117.0,38794.0,677.0,shop,home
31104_2022-11-24,2.0,walk,75770.0,76532.0,762.0,home,home
30522_2022-11-11,0.0,mpt,65553.0,67618.0,2065.0,home,leisure
30522_2022-11-11,1.0,mpt,79236.0,80997.0,1761.0,leisure,home
30681_2022-11-23,0.0,mpt,28135.0,28805.0,670.0,home,education
30681_2022-11-23,1.0,mpt,34467.0,36227.0,1760.0,education,shop
30681_2022-11-23,2.0,mpt,39218.0,40036.0,818.0,shop,shop
30681_2022-11-23,3.0,walk,41334.0,41504.0,170.0,shop,home
30681_2022-11-23,4.0,mpt,47073.0,48416.0,1343.0,home,other
30681_2022-11-23,5.0,mpt,51867.0,53344.0,1477.0,other,home
30693_2022-11-18,0.0,walk,33594.0,33682.0,88.0,home,home
30735_2022-11-17,0.0,mpt,16461.0,18906.0,2445.0,home,shop
30735_2022-11-17,1.0,mpt,19623.0,22285.0,2662.0,shop,education
30735_2022-11-17,2.0,mpt,37475.0,39005.0,1530.0,education,other
30735_2022-11-17,3.0,mpt,39563.0,40033.0,470.0,other,leisure
30735_2022-11-17,4.0,pt,43693.0,48381.0,4688.0,leisure,other
30735_2022-11-17,5.0,mpt,49457.0,53446.0,3989.0,other,home
30735_2022-11-17,6.0,mpt,63260.0,64945.0,1685.0,home,home
30735_2022-11-17,7.0,mpt,68880.0,69302.0,422.0,home,other
30735_2022-11-17,8.0,mpt,70661.0,71247.0,586.0,other,home
31163_2022-10-05,0.0,pt,16335.0,18877.0,2542.0,home,work
31163_2022-10-05,1.0,pt,34248.0,35521.0,1273.0,work,leisure
31163_2022-10-05,2.0,walk,40079.0,40691.0,612.0,leisure,leisure
31163_2022-10-05,3.0,pt,42000.0,45626.0,3626.0,leisure,home
30690_2022-09-12,0.0,walk,30566.0,31005.0,439.0,home,home
30690_2022-09-12,1.0,pt,44648.0,49233.0,4585.0,home,education
30690_2022-09-12,2.0,pt,59081.0,63288.0,4207.0,education,home
30266_2022-12-11,0.0,mpt,39632.0,39808.0,176.0,home,home
30266_2022-12-11,1.0,mpt,46387.0,47263.0,876.0,home,home
30266_2022-12-11,2.0,pt,54381.0,58161.0,3780.0,home,leisure
30266_2022-12-11,3.0,walk,61505.0,62099.0,594.0,leisure,leisure
30266_2022-12-11,4.0,walk,64652.0,64805.0,153.0,leisure,leisure
30266_2022-12-11,5.0,walk,68778.0,69355.0,577.0,leisure,leisure
30266_2022-12-11,6.0,pt,71767.0,74215.0,2448.0,leisure,leisure
30266_2022-12-11,7.0,walk,75107.0,75130.0,23.0,leisure,home
30266_2022-12-11,8.0,pt,78517.0,78777.0,260.0,home,other
30266_2022-12-11,9.0,pt,79841.0,80097.0,256.0,other,other
30266_2022-12-11,10.0,pt,81308.0,86399.0,5091.0,other,home
31034_2022-11-09,0.0,mpt,46436.0,48076.0,1640.0,home,leisure
31034_2022-11-09,1.0,mpt,51963.0,52472.0,509.0,leisure,leisure
31034_2022-11-09,2.0,mpt,52915.0,53568.0,653.0,leisure,shop
31034_2022-11-09,3.0,mpt,53981.0,54410.0,429.0,shop,home
31034_2022-11-09,4.0,mpt,57874.0,58633.0,759.0,home,leisure
31034_2022-11-09,5.0,mpt,65987.0,66738.0,751.0,leisure,home
30118_2022-11-18,0.0,mpt,27321.0,33610.0,6289.0,home,other
30118_2022-11-18,1.0,mpt,33996.0,34711.0,715.0,other,home
30118_2022-11-18,2.0,mpt,37574.0,37769.0,195.0,home,other
30118_2022-11-18,3.0,mpt,38851.0,39646.0,795.0,other,shop
30118_2022-11-18,4.0,mpt,41680.0,42163.0,483.0,shop,home
30118_2022-11-18,5.0,walk,56269.0,57582.0,1313.0,home,home
30925_2022-11-18,0.0,pt,61879.0,63356.0,1477.0,home,leisure
30925_2022-11-18,1.0,pt,82925.0,83999.0,1074.0,leisure,home
30055_2022-10-28,0.0,walk,25318.0,26198.0,880.0,home,education
30055_2022-10-28,1.0,walk,29524.0,29844.0,320.0,education,education
30055_2022-10-28,2.0,walk,35031.0,37331.0,2300.0,education,leisure
30055_2022-10-28,3.0,pt,40060.0,41063.0,1003.0,leisure,home
30055_2022-10-28,4.0,walk,58146.0,58450.0,304.0,home,home
30055_2022-10-28,5.0,pt,61019.0,62505.0,1486.0,home,leisure
30055_2022-10-28,6.0,pt,71832.0,72470.0,638.0,leisure,other
30055_2022-10-28,7.0,pt,73095.0,73647.0,552.0,other,home
30335_2022-11-20,0.0,walk,24893.0,28483.0,3590.0,home,home
30335_2022-11-20,1.0,mpt,45251.0,57691.0,12440.0,home,home
30796_2022-11-23,0.0,mpt,67886.0,68404.0,518.0,home,home
30724_2022-10-16,0.0,walk,43742.0,44244.0,502.0,home,other
30724_2022-10-16,1.0,walk,44775.0,47526.0,2751.0,other,leisure
30724_2022-10-16,2.0,walk,50771.0,52197.0,1426.0,leisure,leisure
30724_2022-10-16,3.0,walk,53186.0,53720.0,534.0,leisure,other
30724_2022-10-16,4.0,walk,54394.0,55300.0,906.0,other,home
30724_2022-10-16,5.0,other,65511.0,65899.0,388.0,home,education
30724_2022-10-16,6.0,other,70253.0,70691.0,438.0,education,home
30231_2022-12-09,0.0,walk,1256.0,1874.0,618.0,leisure,home
30231_2022-12-09,1.0,pt,31014.0,32547.0,1533.0,home,education
30231_2022-12-09,2.0,walk,53746.0,54002.0,256.0,education,education
30231_2022-12-09,3.0,walk,56400.0,56627.0,227.0,education,leisure
30231_2022-12-09,4.0,pt,63495.0,65173.0,1678.0,leisure,home
30640_2022-11-03,0.0,pt,29420.0,32591.0,3171.0,home,home
30640_2022-11-03,1.0,pt,36403.0,37521.0,1118.0,home,home
30640_2022-11-03,2.0,pt,39111.0,40674.0,1563.0,home,home
30640_2022-11-03,3.0,mpt,64201.0,65204.0,1003.0,home,education
30640_2022-11-03,4.0,mpt,74063.0,75265.0,1202.0,education,home
30297_2022-12-18,0.0,mpt,38365.0,40335.0,1970.0,home,leisure
30297_2022-12-18,1.0,mpt,45765.0,46474.0,709.0,leisure,leisure
30297_2022-12-18,2.0,mpt,49230.0,53844.0,4614.0,leisure,home
30454_2022-09-22,0.0,mpt,20294.0,21070.0,776.0,home,other
30454_2022-09-22,1.0,mpt,23093.0,23974.0,881.0,other,leisure
30454_2022-09-22,2.0,mpt,26231.0,26370.0,139.0,leisure,home
30850_2023-01-14,0.0,mpt,34648.0,36341.0,1693.0,home,shop
30850_2023-01-14,1.0,mpt,38081.0,38624.0,543.0,shop,home
30850_2023-01-14,2.0,walk,39943.0,40439.0,496.0,home,leisure
30850_2023-01-14,3.0,walk,43491.0,43958.0,467.0,leisure,home
30850_2023-01-14,4.0,mpt,62064.0,63461.0,1397.0,home,leisure
30850_2023-01-14,5.0,mpt,85212.0,86399.0,1187.0,leisure,home
30366_2022-11-19,0.0,mpt,31172.0,33034.0,1862.0,home,shop
30366_2022-11-19,1.0,mpt,33863.0,35208.0,1345.0,shop,home
30433_2022-11-11,0.0,mpt,68573.0,70636.0,2063.0,home,leisure
30433_2022-11-11,1.0,mpt,73722.0,75201.0,1479.0,leisure,leisure
30433_2022-11-11,2.0,walk,78757.0,78892.0,135.0,leisure,leisure
30433_2022-11-11,3.0,walk,82323.0,82886.0,563.0,leisure,leisure
30741_2022-11-09,0.0,walk,30451.0,31180.0,729.0,home,education
30741_2022-11-09,1.0,walk,39438.0,40061.0,623.0,education,work
30903_2022-12-08,0.0,mpt,25557.0,28112.0,2555.0,home,education
30903_2022-12-08,1.0,walk,42173.0,42807.0,634.0,education,education
30903_2022-12-08,2.0,mpt,45258.0,47244.0,1986.0,education,home
30903_2022-12-08,3.0,pt,60010.0,60337.0,327.0,home,home
30903_2022-12-08,4.0,mpt,60764.0,61347.0,583.0,home,other
30903_2022-12-08,5.0,mpt,61944.0,62960.0,1016.0,other,leisure
30903_2022-12-08,6.0,mpt,64421.0,66461.0,2040.0,leisure,other
30903_2022-12-08,7.0,mpt,67907.0,69843.0,1936.0,other,home
30467_2022-08-13,0.0,mpt,30356.0,31654.0,1298.0,home,other
30467_2022-08-13,1.0,walk,55573.0,55674.0,101.0,other,leisure
30467_2022-08-13,2.0,walk,73529.0,73687.0,158.0,leisure,other
30467_2022-08-13,3.0,mpt,74839.0,76601.0,1762.0,other,home
30670_2022-12-14,0.0,pt,19926.0,21890.0,1964.0,home,education
30670_2022-12-14,1.0,pt,39566.0,40448.0,882.0,education,leisure
30670_2022-12-14,2.0,pt,42373.0,43904.0,1531.0,leisure,home
30670_2022-12-14,3.0,mpt,53107.0,54707.0,1600.0,home,shop
30670_2022-12-14,4.0,mpt,62624.0,64438.0,1814.0,shop,home
30741_2022-12-02,0.0,pt,31462.0,33080.0,1618.0,home,education
30741_2022-12-02,1.0,pt,36282.0,37683.0,1401.0,education,home
30741_2022-12-02,2.0,pt,61207.0,62298.0,1091.0,home,education
30741_2022-12-02,3.0,walk,63468.0,64863.0,1395.0,education,other
30741_2022-12-02,4.0,walk,66207.0,68683.0,2476.0,other,other
30741_2022-12-02,5.0,walk,69697.0,71458.0,1761.0,other,home
30026_2022-12-07,0.0,walk,22357.0,22484.0,127.0,home,home
30553_2022-10-23,0.0,bike,35474.0,41094.0,5620.0,home,leisure
30553_2022-10-23,1.0,bike,43026.0,44780.0,1754.0,leisure,home
30872_2022-12-06,0.0,mpt,25202.0,26001.0,799.0,home,home
30872_2022-12-06,1.0,mpt,26859.0,29467.0,2608.0,home,shop
30872_2022-12-06,2.0,walk,33689.0,34105.0,416.0,shop,shop
30872_2022-12-06,3.0,mpt,34800.0,36053.0,1253.0,shop,leisure
30872_2022-12-06,4.0,mpt,36599.0,37138.0,539.0,leisure,other
30872_2022-12-06,5.0,mpt,38695.0,38936.0,241.0,other,home
30872_2022-12-06,6.0,mpt,44056.0,45289.0,1233.0,home,home
30016_2022-12-02,0.0,mpt,59222.0,63266.0,4044.0,home,shop
30016_2022-12-02,1.0,mpt,63716.0,67226.0,3510.0,shop,home
30922_2022-10-27,0.0,walk,25318.0,26027.0,709.0,home,shop
30922_2022-10-27,1.0,walk,26762.0,26916.0,154.0,shop,home
30922_2022-10-27,2.0,walk,42614.0,45871.0,3257.0,home,other
30922_2022-10-27,3.0,walk,49653.0,50115.0,462.0,other,home
30922_2022-10-27,4.0,other,54396.0,55513.0,1117.0,home,home
31297_2022-08-07,0.0,mpt,42152.0,45953.0,3801.0,home,leisure
31297_2022-08-07,1.0,mpt,47714.0,48520.0,806.0,leisure,other
31297_2022-08-07,2.0,mpt,48958.0,49458.0,500.0,other,home
31094_2023-01-04,0.0,mpt,34843.0,35694.0,851.0,home,shop
31094_2023-01-04,1.0,mpt,36648.0,37152.0,504.0,shop,education
31094_2023-01-04,2.0,mpt,39596.0,40891.0,1295.0,education,home
31094_2023-01-04,3.0,mpt,50466.0,53516.0,3050.0,home,home
30317_2022-10-31,0.0,pt,38184.0,38286.0,102.0,other,other
30317_2022-10-31,1.0,pt,38700.0,39943.0,1243.0,other,shop
30317_2022-10-31,2.0,pt,40522.0,42272.0,1750.0,shop,home
30417_2022-10-17,0.0,walk,36113.0,36528.0,415.0,home,home
30417_2022-10-17,1.0,walk,38285.0,38910.0,625.0,home,home
30417_2022-10-17,2.0,walk,60201.0,61201.0,1000.0,home,home
30417_2022-10-17,3.0,walk,67470.0,68783.0,1313.0,home,home
31260_2022-11-10,0.0,pt,55476.0,60850.0,5374.0,home,leisure
31260_2022-11-10,1.0,pt,75364.0,81552.0,6188.0,leisure,home
30948_2022-12-26,0.0,mpt,38660.0,39470.0,810.0,home,work
30948_2022-12-26,1.0,mpt,57197.0,62184.0,4987.0,work,work
30385_2022-09-08,0.0,mpt,29520.0,30246.0,726.0,home,other
30385_2022-09-08,1.0,mpt,33289.0,33917.0,628.0,other,home
30385_2022-09-08,2.0,walk,35359.0,36016.0,657.0,home,other
30385_2022-09-08,3.0,walk,36458.0,37074.0,616.0,other,home
30385_2022-09-08,4.0,mpt,38580.0,39818.0,1238.0,home,education
30385_2022-09-08,5.0,walk,40306.0,40688.0,382.0,education,education
30385_2022-09-08,6.0,mpt,53348.0,54715.0,1367.0,education,home
30385_2022-09-08,7.0,bike,55416.0,55778.0,362.0,home,home
30385_2022-09-08,8.0,bike,57865.0,58357.0,492.0,home,home
30439_2022-12-02,0.0,mpt,67481.0,69402.0,1921.0,home,leisure
30439_2022-12-02,1.0,mpt,82372.0,84485.0,2113.0,leisure,home
30650_2022-12-19,0.0,mpt,68003.0,68648.0,645.0,home,home
30650_2022-12-19,1.0,mpt,69596.0,70210.0,614.0,home,home
30690_2022-09-07,0.0,pt,35624.0,40433.0,4809.0,home,work
30690_2022-09-07,1.0,pt,59515.0,63713.0,4198.0,work,leisure
30690_2022-09-07,2.0,pt,64919.0,72715.0,7796.0,leisure,home
30819_2022-12-06,0.0,bike,29058.0,30310.0,1252.0,home,home
30819_2022-12-06,1.0,walk,45517.0,45724.0,207.0,home,home
30819_2022-12-06,2.0,walk,48026.0,49977.0,1951.0,home,education
30819_2022-12-06,3.0,bike,63739.0,64621.0,882.0,education,home
30819_2022-12-06,4.0,walk,75680.0,75905.0,225.0,home,home
30184_2022-09-02,0.0,mpt,42220.0,44124.0,1904.0,home,shop
30184_2022-09-02,1.0,mpt,46343.0,47280.0,937.0,shop,leisure
30184_2022-09-02,2.0,walk,48380.0,48423.0,43.0,leisure,other
30184_2022-09-02,3.0,walk,51814.0,52175.0,361.0,other,leisure
30184_2022-09-02,4.0,walk,55706.0,56267.0,561.0,leisure,other
30184_2022-09-02,5.0,walk,57963.0,58677.0,714.0,other,other
30184_2022-09-02,6.0,walk,59168.0,59325.0,157.0,other,leisure
30184_2022-09-02,7.0,mpt,65016.0,66894.0,1878.0,leisure,home
31163_2022-10-18,0.0,pt,16737.0,19048.0,2311.0,home,work
31163_2022-10-18,1.0,pt,39966.0,40831.0,865.0,work,education
31163_2022-10-18,2.0,pt,52978.0,53160.0,182.0,education,other
31163_2022-10-18,3.0,pt,53567.0,54188.0,621.0,other,other
31163_2022-10-18,4.0,pt,54622.0,56518.0,1896.0,other,home
30399_2022-12-15,0.0,mpt,52477.0,53725.0,1248.0,home,shop
30399_2022-12-15,1.0,mpt,54110.0,56216.0,2106.0,shop,home
30184_2022-09-25,0.0,walk,41083.0,41554.0,471.0,home,home
30184_2022-09-25,1.0,walk,46290.0,46534.0,244.0,home,home
30184_2022-09-25,2.0,walk,48751.0,49276.0,525.0,home,home
30463_2022-09-24,0.0,walk,27489.0,27897.0,408.0,home,education
30463_2022-09-24,1.0,walk,33062.0,33301.0,239.0,education,home
30385_2022-09-06,0.0,mpt,19858.0,22802.0,2944.0,home,work
30385_2022-09-06,1.0,mpt,52401.0,55699.0,3298.0,work,home
30148_2022-12-27,0.0,bike,27135.0,27733.0,598.0,home,work
30148_2022-12-27,1.0,bike,66683.0,68449.0,1766.0,work,home
30542_2022-10-27,0.0,pt,15401.0,15686.0,285.0,home,other
30542_2022-10-27,1.0,pt,16338.0,17850.0,1512.0,other,work
30542_2022-10-27,2.0,pt,48618.0,48951.0,333.0,work,other
30542_2022-10-27,3.0,pt,49388.0,50793.0,1405.0,other,home
30728_2022-11-06,0.0,mpt,55690.0,56881.0,1191.0,home,home
30328_2022-11-03,0.0,mpt,58746.0,58990.0,244.0,home,shop
30328_2022-11-03,1.0,mpt,59537.0,59860.0,323.0,shop,home
30530_2022-09-06,0.0,walk,20673.0,25989.0,5316.0,home,work
30521_2022-10-31,0.0,mpt,15863.0,17962.0,2099.0,home,other
30521_2022-10-31,1.0,mpt,19173.0,19715.0,542.0,other,education
30521_2022-10-31,2.0,mpt,38610.0,38918.0,308.0,education,education
30521_2022-10-31,3.0,mpt,39278.0,41617.0,2339.0,education,home
30422_2022-12-19,0.0,bike,29080.0,29746.0,666.0,home,other
30422_2022-12-19,1.0,bike,30738.0,31522.0,784.0,other,education
30422_2022-12-19,2.0,bike,40427.0,40590.0,163.0,education,home
30422_2022-12-19,3.0,walk,42997.0,43237.0,240.0,home,education
30422_2022-12-19,4.0,pt,53495.0,57564.0,4069.0,education,education
30422_2022-12-19,5.0,walk,61089.0,61539.0,450.0,education,leisure
30422_2022-12-19,6.0,pt,73565.0,77714.0,4149.0,leisure,home
30663_2022-11-21,0.0,bike,32258.0,32693.0,435.0,home,home
30663_2022-11-21,1.0,bike,54541.0,54819.0,278.0,home,other
30663_2022-11-21,2.0,bike,55514.0,56272.0,758.0,other,home
30663_2022-11-21,3.0,pt,69958.0,77113.0,7155.0,home,home
30076_2022-09-02,0.0,pt,24677.0,25842.0,1165.0,home,other
30076_2022-09-02,1.0,walk,29007.0,29172.0,165.0,other,shop
30076_2022-09-02,2.0,pt,29754.0,30570.0,816.0,shop,home
30076_2022-09-02,3.0,bike,60983.0,66112.0,5129.0,home,home
30076_2022-09-02,4.0,walk,66674.0,66770.0,96.0,home,leisure
30076_2022-09-02,5.0,bike,67168.0,69280.0,2112.0,leisure,home
30089_2022-11-27,0.0,walk,27659.0,30851.0,3192.0,home,home
31145_2022-11-06,0.0,mpt,37316.0,38330.0,1014.0,home,work
31145_2022-11-06,1.0,mpt,43655.0,44257.0,602.0,work,home
30357_2022-12-14,0.0,walk,60487.0,61854.0,1367.0,home,home
30544_2022-11-08,0.0,pt,17359.0,21415.0,4056.0,home,work
30544_2022-11-08,1.0,pt,54703.0,55251.0,548.0,work,other
30544_2022-11-08,2.0,pt,56455.0,59617.0,3162.0,other,home
30465_2022-11-27,0.0,pt,63130.0,64422.0,1292.0,home,home
30490_2022-11-02,0.0,pt,29557.0,31967.0,2410.0,home,education
30490_2022-11-02,1.0,walk,50894.0,50971.0,77.0,education,education
30490_2022-11-02,2.0,pt,51419.0,54433.0,3014.0,education,home
30490_2022-11-02,3.0,mpt,62184.0,63379.0,1195.0,home,leisure
30490_2022-11-02,4.0,mpt,70665.0,71400.0,735.0,leisure,home
31027_2022-11-15,0.0,walk,25841.0,29094.0,3253.0,home,home
31027_2022-11-15,1.0,walk,34846.0,34996.0,150.0,home,home
31027_2022-11-15,2.0,walk,40218.0,40359.0,141.0,home,home
31027_2022-11-15,3.0,walk,45974.0,48780.0,2806.0,home,home
31027_2022-11-15,4.0,pt,55567.0,57038.0,1471.0,home,other
31027_2022-11-15,5.0,pt,59061.0,60057.0,996.0,other,other
31027_2022-11-15,6.0,pt,60453.0,60871.0,418.0,other,home
31027_2022-11-15,7.0,walk,67818.0,70189.0,2371.0,home,home
30921_2023-01-08,0.0,walk,27551.0,30551.0,3000.0,home,leisure
30921_2023-01-08,1.0,walk,35133.0,35311.0,178.0,leisure,home
30316_2022-12-23,0.0,mpt,29470.0,31783.0,2313.0,home,home
30316_2022-12-23,1.0,mpt,51424.0,53434.0,2010.0,home,shop
30316_2022-12-23,2.0,mpt,54116.0,56427.0,2311.0,shop,leisure
30316_2022-12-23,3.0,mpt,56989.0,57353.0,364.0,leisure,home
30822_2022-12-05,0.0,mpt,20175.0,22728.0,2553.0,home,work
30822_2022-12-05,1.0,mpt,58366.0,61269.0,2903.0,work,home
30822_2022-12-05,2.0,mpt,69601.0,69857.0,256.0,home,home
30384_2022-08-13,0.0,walk,0.0,917.0,917.0,home,shop
30384_2022-08-13,1.0,mpt,47677.0,47959.0,282.0,shop,home
30384_2022-08-13,2.0,mpt,50965.0,51123.0,158.0,home,leisure
30384_2022-08-13,3.0,pt,60612.0,61519.0,907.0,leisure,leisure
30384_2022-08-13,4.0,walk,64937.0,66199.0,1262.0,leisure,leisure
30384_2022-08-13,5.0,walk,71947.0,72129.0,182.0,leisure,leisure
30384_2022-08-13,6.0,walk,83744.0,84837.0,1093.0,leisure,home
30875_2022-08-31,0.0,walk,60408.0,61198.0,790.0,home,leisure
30875_2022-08-31,1.0,walk,65337.0,66490.0,1153.0,leisure,home
30180_2022-12-21,0.0,walk,19915.0,20985.0,1070.0,home,other
30180_2022-12-21,1.0,mpt,21489.0,23167.0,1678.0,other,other
30180_2022-12-21,2.0,mpt,24344.0,26459.0,2115.0,other,home
30180_2022-12-21,3.0,walk,39629.0,41793.0,2164.0,home,home
30180_2022-12-21,4.0,walk,61914.0,63526.0,1612.0,home,other
30180_2022-12-21,5.0,mpt,64086.0,65791.0,1705.0,other,leisure
30180_2022-12-21,6.0,mpt,68625.0,70022.0,1397.0,leisure,home
30328_2022-11-18,0.0,walk,38709.0,40648.0,1939.0,home,home
30328_2022-11-18,1.0,mpt,43571.0,44758.0,1187.0,home,home
30439_2022-11-14,0.0,mpt,66143.0,68173.0,2030.0,home,leisure
30439_2022-11-14,1.0,mpt,79406.0,81424.0,2018.0,leisure,home
30092_2022-11-20,0.0,bike,493.0,719.0,226.0,leisure,home
30092_2022-11-20,1.0,mpt,59334.0,59673.0,339.0,home,leisure
30092_2022-11-20,2.0,mpt,68410.0,68649.0,239.0,leisure,home
31178_2022-08-17,0.0,mpt,31947.0,36921.0,4974.0,home,work
31178_2022-08-17,1.0,mpt,44447.0,45962.0,1515.0,work,leisure
31178_2022-08-17,2.0,mpt,52458.0,57620.0,5162.0,leisure,home
30422_2022-12-04,0.0,pt,42286.0,49888.0,7602.0,home,leisure
30422_2022-12-04,1.0,walk,53162.0,54167.0,1005.0,leisure,home
31178_2022-08-15,0.0,mpt,29329.0,31441.0,2112.0,home,other
31178_2022-08-15,1.0,mpt,34647.0,35454.0,807.0,other,other
31178_2022-08-15,2.0,mpt,36982.0,37682.0,700.0,other,leisure
31178_2022-08-15,3.0,mpt,40562.0,42383.0,1821.0,leisure,home
31178_2022-08-15,4.0,walk,51318.0,58135.0,6817.0,home,home
30800_2023-01-13,0.0,pt,25423.0,26334.0,911.0,home,other
30800_2023-01-13,1.0,pt,27380.0,27911.0,531.0,other,home
30800_2023-01-13,2.0,walk,30650.0,33386.0,2736.0,home,other
30800_2023-01-13,3.0,pt,34716.0,35342.0,626.0,other,home
30800_2023-01-05,0.0,walk,24699.0,26001.0,1302.0,home,home
30800_2023-01-05,1.0,walk,38397.0,39733.0,1336.0,home,education
30800_2023-01-05,2.0,walk,56137.0,57665.0,1528.0,education,home
30057_2022-08-09,0.0,mpt,13206.0,14568.0,1362.0,home,leisure
30057_2022-08-09,1.0,mpt,20727.0,21587.0,860.0,leisure,education
30057_2022-08-09,2.0,walk,37686.0,39366.0,1680.0,education,work
30057_2022-08-09,3.0,pt,55323.0,55561.0,238.0,work,other
30057_2022-08-09,4.0,pt,56258.0,57418.0,1160.0,other,home
30399_2022-12-02,0.0,mpt,20879.0,21144.0,265.0,home,other
30399_2022-12-02,1.0,mpt,23341.0,23610.0,269.0,other,home
30399_2022-12-02,2.0,mpt,49432.0,49948.0,516.0,home,shop
30399_2022-12-02,3.0,mpt,50590.0,51230.0,640.0,shop,home
31072_2022-11-07,0.0,pt,20504.0,23144.0,2640.0,home,work
31072_2022-11-07,1.0,pt,55393.0,56225.0,832.0,work,other
31072_2022-11-07,2.0,pt,56623.0,58734.0,2111.0,other,home
31071_2022-11-17,0.0,walk,28050.0,28421.0,371.0,home,home
31071_2022-11-17,1.0,pt,28890.0,31784.0,2894.0,home,other
31071_2022-11-17,2.0,mpt,36806.0,38030.0,1224.0,other,other
31071_2022-11-17,3.0,mpt,38445.0,41229.0,2784.0,other,home
31071_2022-11-17,4.0,mpt,60296.0,60459.0,163.0,home,other
31071_2022-11-17,5.0,mpt,60881.0,62345.0,1464.0,other,leisure
31071_2022-11-17,6.0,walk,68528.0,69027.0,499.0,leisure,leisure
31071_2022-11-17,7.0,walk,73460.0,74045.0,585.0,leisure,other
31071_2022-11-17,8.0,pt,74444.0,75951.0,1507.0,other,home
31078_2022-12-17,0.0,mpt,30467.0,31230.0,763.0,home,shop
31078_2022-12-17,1.0,walk,34332.0,34802.0,470.0,shop,home
31078_2022-12-17,2.0,mpt,40954.0,47527.0,6573.0,home,leisure
31078_2022-12-17,3.0,mpt,49257.0,51264.0,2007.0,leisure,leisure
31078_2022-12-17,4.0,walk,51893.0,53457.0,1564.0,leisure,leisure
31078_2022-12-17,5.0,walk,70139.0,70552.0,413.0,leisure,leisure
31078_2022-12-17,6.0,walk,71133.0,71251.0,118.0,leisure,leisure
31078_2022-12-17,7.0,walk,80262.0,80512.0,250.0,leisure,home
30193_2022-10-31,0.0,mpt,52754.0,53609.0,855.0,home,other
30193_2022-10-31,1.0,mpt,54378.0,56151.0,1773.0,other,education
30193_2022-10-31,2.0,mpt,61322.0,62452.0,1130.0,education,shop
30193_2022-10-31,3.0,mpt,65139.0,65519.0,380.0,shop,home
31196_2022-12-06,0.0,pt,32070.0,33349.0,1279.0,home,shop
31196_2022-12-06,1.0,walk,35087.0,35616.0,529.0,shop,shop
31196_2022-12-06,2.0,pt,36470.0,37787.0,1317.0,shop,home
30385_2022-09-04,0.0,mpt,37108.0,38718.0,1610.0,home,leisure
30385_2022-09-04,1.0,mpt,47477.0,49118.0,1641.0,leisure,home
31000_2022-12-02,0.0,mpt,57527.0,58723.0,1196.0,home,other
31000_2022-12-02,1.0,mpt,59951.0,60939.0,988.0,other,home
30193_2022-11-14,0.0,mpt,61019.0,62627.0,1608.0,home,shop
30193_2022-11-14,1.0,mpt,63713.0,64594.0,881.0,shop,home
31297_2022-08-06,0.0,mpt,35407.0,37410.0,2003.0,home,home
31297_2022-08-06,1.0,walk,37917.0,38378.0,461.0,home,home
31297_2022-08-06,2.0,mpt,39453.0,41432.0,1979.0,home,shop
31297_2022-08-06,3.0,mpt,42966.0,43816.0,850.0,shop,home
30981_2022-08-21,0.0,walk,36603.0,36662.0,59.0,home,leisure
30981_2022-08-21,1.0,walk,41446.0,41513.0,67.0,leisure,home
30981_2022-08-21,2.0,walk,47014.0,47327.0,313.0,home,home
30981_2022-08-21,3.0,mpt,50190.0,51527.0,1337.0,home,other
30981_2022-08-21,4.0,mpt,52482.0,53430.0,948.0,other,leisure
30981_2022-08-21,5.0,walk,56566.0,58883.0,2317.0,leisure,home
30083_2022-12-07,0.0,bike,42342.0,42896.0,554.0,home,education
30083_2022-12-07,1.0,walk,58092.0,58181.0,89.0,education,education
30083_2022-12-07,2.0,bike,58930.0,59225.0,295.0,education,leisure
30083_2022-12-07,3.0,bike,68584.0,69125.0,541.0,leisure,home
30012_2022-08-17,0.0,mpt,36168.0,37287.0,1119.0,home,education
30012_2022-08-17,1.0,walk,38498.0,39041.0,543.0,education,education
30012_2022-08-17,2.0,mpt,57116.0,58752.0,1636.0,education,home
30012_2022-08-17,3.0,mpt,65452.0,65705.0,253.0,home,other
30012_2022-08-17,4.0,mpt,67341.0,69925.0,2584.0,other,home
30803_2022-12-01,0.0,mpt,59785.0,60985.0,1200.0,home,leisure
30803_2022-12-01,1.0,mpt,66847.0,67298.0,451.0,leisure,other
30803_2022-12-01,2.0,mpt,67720.0,69263.0,1543.0,other,leisure
30803_2022-12-01,3.0,mpt,76189.0,78113.0,1924.0,leisure,home
30297_2022-12-20,0.0,walk,24361.0,24831.0,470.0,home,home
30297_2022-12-20,1.0,walk,27960.0,28629.0,669.0,home,other
30297_2022-12-20,2.0,walk,32485.0,33057.0,572.0,other,shop
30297_2022-12-20,3.0,walk,34463.0,34907.0,444.0,shop,home
31145_2022-11-21,0.0,pt,24878.0,26825.0,1947.0,home,work
31145_2022-11-21,1.0,pt,65570.0,67718.0,2148.0,work,home
30782_2022-11-05,0.0,bike,44868.0,45066.0,198.0,home,shop
30782_2022-11-05,1.0,bike,46034.0,46269.0,235.0,shop,home
30782_2022-11-05,2.0,walk,49652.0,50244.0,592.0,home,home
30782_2022-11-05,3.0,bike,57317.0,57809.0,492.0,home,education
30782_2022-11-05,4.0,bike,58487.0,58642.0,155.0,education,home
30782_2022-11-05,5.0,bike,59399.0,59486.0,87.0,home,education
30782_2022-11-05,6.0,bike,60184.0,60348.0,164.0,education,home
30782_2022-11-05,7.0,bike,65044.0,65137.0,93.0,home,other
30782_2022-11-05,8.0,walk,74653.0,74826.0,173.0,other,education
30782_2022-11-05,9.0,bike,75822.0,76046.0,224.0,education,home
30379_2022-09-09,0.0,walk,19004.0,20593.0,1589.0,home,home
30379_2022-09-09,1.0,walk,29905.0,30959.0,1054.0,home,other
30379_2022-09-09,2.0,walk,31720.0,34175.0,2455.0,other,home
30379_2022-09-09,3.0,walk,45853.0,46429.0,576.0,home,home
30379_2022-09-09,4.0,walk,55164.0,55701.0,537.0,home,home
30785_2022-11-19,0.0,mpt,33576.0,34919.0,1343.0,home,shop
30785_2022-11-19,1.0,mpt,36814.0,37333.0,519.0,shop,shop
30785_2022-11-19,2.0,mpt,39480.0,39795.0,315.0,shop,shop
30785_2022-11-19,3.0,mpt,40770.0,41432.0,662.0,shop,home
30099_2022-09-02,0.0,bike,22295.0,23779.0,1484.0,home,education
30099_2022-09-02,1.0,bike,37396.0,38586.0,1190.0,education,home
30099_2022-09-02,2.0,bike,44438.0,44648.0,210.0,home,leisure
30099_2022-09-02,3.0,bike,49227.0,49535.0,308.0,leisure,home
30693_2022-11-06,0.0,mpt,24804.0,25668.0,864.0,home,other
30693_2022-11-06,1.0,mpt,26029.0,28179.0,2150.0,other,leisure
30693_2022-11-06,2.0,walk,35904.0,37180.0,1276.0,leisure,other
30693_2022-11-06,3.0,walk,38345.0,39786.0,1441.0,other,home
30693_2022-11-06,4.0,mpt,67071.0,67731.0,660.0,home,home
30889_2022-11-11,0.0,bike,47222.0,48569.0,1347.0,home,home
30889_2022-11-11,1.0,bike,62425.0,64204.0,1779.0,home,leisure
30889_2022-11-11,2.0,bike,71279.0,71339.0,60.0,leisure,leisure
30889_2022-11-11,3.0,bike,76379.0,77107.0,728.0,leisure,leisure
30889_2022-11-11,4.0,bike,77622.0,77978.0,356.0,leisure,home
30536_2022-10-18,0.0,mpt,19027.0,28036.0,9009.0,home,education
30536_2022-10-18,1.0,mpt,31348.0,35296.0,3948.0,education,shop
30536_2022-10-18,2.0,mpt,36349.0,36599.0,250.0,shop,education
30536_2022-10-18,3.0,mpt,40466.0,45426.0,4960.0,education,home
30536_2022-10-18,4.0,mpt,53435.0,53589.0,154.0,home,education
30536_2022-10-18,5.0,mpt,61588.0,61721.0,133.0,education,home
30180_2022-12-13,0.0,walk,22295.0,24370.0,2075.0,home,home
30180_2022-12-13,1.0,walk,39554.0,41691.0,2137.0,home,home
30180_2022-12-13,2.0,walk,62280.0,64646.0,2366.0,home,home
31055_2022-09-26,0.0,mpt,17739.0,18417.0,678.0,home,leisure
31055_2022-09-26,1.0,walk,20317.0,20476.0,159.0,leisure,leisure
31055_2022-09-26,2.0,walk,20955.0,21194.0,239.0,leisure,leisure
31055_2022-09-26,3.0,walk,21613.0,21765.0,152.0,leisure,leisure
31055_2022-09-26,4.0,walk,26814.0,26987.0,173.0,leisure,leisure
31055_2022-09-26,5.0,walk,29052.0,29329.0,277.0,leisure,leisure
31055_2022-09-26,6.0,mpt,29698.0,30271.0,573.0,leisure,home
31055_2022-09-26,7.0,pt,55601.0,57919.0,2318.0,home,leisure
31055_2022-09-26,8.0,mpt,70854.0,72210.0,1356.0,leisure,home
30303_2022-10-23,0.0,walk,25830.0,25851.0,21.0,home,home
30303_2022-10-23,1.0,pt,32015.0,32276.0,261.0,home,leisure
30303_2022-10-23,2.0,walk,32682.0,32778.0,96.0,leisure,leisure
30303_2022-10-23,3.0,mpt,39342.0,39766.0,424.0,leisure,home
30303_2022-10-23,4.0,walk,40259.0,40493.0,234.0,home,home
30490_2022-10-31,0.0,pt,42155.0,44885.0,2730.0,home,education
30490_2022-10-31,1.0,pt,69010.0,72434.0,3424.0,education,home
30490_2022-10-31,2.0,walk,78963.0,79318.0,355.0,home,home
30399_2022-12-08,0.0,mpt,51015.0,51280.0,265.0,home,leisure
30399_2022-12-08,1.0,mpt,53456.0,53735.0,279.0,leisure,home
30399_2022-12-08,2.0,pt,54352.0,55562.0,1210.0,home,leisure
30399_2022-12-08,3.0,pt,74330.0,74815.0,485.0,leisure,home
31029_2022-12-21,0.0,other,25268.0,27420.0,2152.0,home,education
31029_2022-12-21,1.0,pt,40368.0,41451.0,1083.0,education,education
31029_2022-12-21,2.0,pt,61637.0,61786.0,149.0,education,other
31029_2022-12-21,3.0,pt,62393.0,63608.0,1215.0,other,home
30168_2022-09-07,0.0,mpt,30568.0,30997.0,429.0,home,leisure
30168_2022-09-07,1.0,mpt,38317.0,38855.0,538.0,leisure,home
30168_2022-09-07,2.0,walk,50747.0,54623.0,3876.0,home,home
30468_2022-11-15,0.0,mpt,28857.0,32743.0,3886.0,home,home
30468_2022-11-15,1.0,mpt,36024.0,37855.0,1831.0,home,shop
30468_2022-11-15,2.0,walk,38242.0,38707.0,465.0,shop,home
30468_2022-11-15,3.0,bike,50691.0,51224.0,533.0,home,shop
30468_2022-11-15,4.0,bike,52284.0,52434.0,150.0,shop,home
30490_2022-11-21,0.0,walk,43447.0,43622.0,175.0,home,home
30490_2022-11-21,1.0,walk,44008.0,44206.0,198.0,home,home
30490_2022-11-21,2.0,mpt,77348.0,77743.0,395.0,home,home
30357_2022-12-13,0.0,walk,61413.0,61736.0,323.0,home,shop
30357_2022-12-13,1.0,walk,62128.0,63360.0,1232.0,shop,home
31237_2022-11-21,0.0,mpt,16952.0,17371.0,419.0,home,other
31237_2022-11-21,1.0,pt,22213.0,22811.0,598.0,other,home
31237_2022-11-21,2.0,mpt,27552.0,28384.0,832.0,home,leisure
31237_2022-11-21,3.0,walk,32773.0,33092.0,319.0,leisure,shop
31237_2022-11-21,4.0,mpt,33925.0,35035.0,1110.0,shop,other
31237_2022-11-21,5.0,mpt,36420.0,36763.0,343.0,other,home
31237_2022-11-21,6.0,mpt,41365.0,41793.0,428.0,home,home
31237_2022-11-21,7.0,walk,53563.0,54074.0,511.0,home,other
31237_2022-11-21,8.0,walk,54847.0,59009.0,4162.0,other,home
30171_2022-12-08,0.0,pt,64302.0,64700.0,398.0,home,other
30171_2022-12-08,1.0,pt,65004.0,66239.0,1235.0,other,home
30171_2022-12-08,2.0,pt,74536.0,76088.0,1552.0,home,home
30057_2022-08-15,0.0,pt,36362.0,38707.0,2345.0,home,education
30057_2022-08-15,1.0,walk,54546.0,55024.0,478.0,education,other
30057_2022-08-15,2.0,pt,55521.0,57232.0,1711.0,other,home
30167_2022-11-05,0.0,walk,44741.0,46046.0,1305.0,home,leisure
30167_2022-11-05,1.0,walk,64015.0,64167.0,152.0,leisure,leisure
30167_2022-11-05,2.0,walk,79033.0,79350.0,317.0,leisure,leisure
31085_2022-09-17,0.0,mpt,31098.0,31288.0,190.0,home,education
31085_2022-09-17,1.0,mpt,44939.0,46416.0,1477.0,education,education
31085_2022-09-17,2.0,mpt,47431.0,50557.0,3126.0,education,home
30083_2022-11-25,0.0,bike,37687.0,37805.0,118.0,home,shop
30083_2022-11-25,1.0,bike,38265.0,38607.0,342.0,shop,home
30622_2022-09-08,0.0,bike,27430.0,27867.0,437.0,home,education
30622_2022-09-08,1.0,bike,38179.0,38572.0,393.0,education,home
30622_2022-09-08,2.0,bike,41425.0,41831.0,406.0,home,education
30622_2022-09-08,3.0,bike,58379.0,59336.0,957.0,education,home
30872_2022-12-04,0.0,walk,40827.0,41262.0,435.0,home,home
30591_2023-01-12,0.0,pt,37333.0,38416.0,1083.0,home,other
30591_2023-01-12,1.0,pt,38795.0,43082.0,4287.0,other,education
30591_2023-01-12,2.0,pt,57185.0,57308.0,123.0,education,other
30591_2023-01-12,3.0,pt,57617.0,61517.0,3900.0,other,other
30591_2023-01-12,4.0,pt,62086.0,62600.0,514.0,other,leisure
30591_2023-01-12,5.0,mpt,77305.0,78732.0,1427.0,leisure,home
31274_2022-12-16,0.0,pt,38845.0,40350.0,1505.0,home,leisure
31274_2022-12-16,1.0,pt,43810.0,45975.0,2165.0,leisure,home
31145_2022-11-12,0.0,walk,17260.0,17282.0,22.0,home,home
31145_2022-11-12,1.0,walk,42738.0,43109.0,371.0,home,shop
31145_2022-11-12,2.0,walk,43972.0,44444.0,472.0,shop,home
31145_2022-11-12,3.0,mpt,49100.0,53055.0,3955.0,home,leisure
31145_2022-11-12,4.0,walk,63050.0,64309.0,1259.0,leisure,leisure
31145_2022-11-12,5.0,mpt,68106.0,72917.0,4811.0,leisure,home
31186_2022-11-16,0.0,mpt,27698.0,28008.0,310.0,home,shop
31186_2022-11-16,1.0,mpt,29123.0,29596.0,473.0,shop,shop
31186_2022-11-16,2.0,mpt,30793.0,31566.0,773.0,shop,other
31186_2022-11-16,3.0,walk,32122.0,32155.0,33.0,other,leisure
31186_2022-11-16,4.0,mpt,33385.0,34950.0,1565.0,leisure,home
31186_2022-11-16,5.0,walk,57281.0,59570.0,2289.0,home,leisure
31186_2022-11-16,6.0,mpt,66413.0,68400.0,1987.0,leisure,home
30905_2022-09-08,0.0,mpt,37078.0,41041.0,3963.0,home,leisure
30905_2022-09-08,1.0,walk,48100.0,48319.0,219.0,leisure,leisure
30905_2022-09-08,2.0,mpt,52613.0,57897.0,5284.0,leisure,home
30969_2022-10-30,0.0,walk,27034.0,27122.0,88.0,home,home
30969_2022-10-30,1.0,mpt,48488.0,49827.0,1339.0,home,leisure
30969_2022-10-30,2.0,mpt,57921.0,58541.0,620.0,leisure,home
30288_2022-08-03,0.0,pt,45646.0,46339.0,693.0,home,leisure
30288_2022-08-03,1.0,walk,49608.0,49906.0,298.0,leisure,shop
30288_2022-08-03,2.0,pt,50603.0,50943.0,340.0,shop,shop
30288_2022-08-03,3.0,pt,52906.0,53214.0,308.0,shop,home
30109_2022-12-01,0.0,walk,38158.0,40453.0,2295.0,home,other
30109_2022-12-01,1.0,bike,42303.0,42633.0,330.0,other,shop
30109_2022-12-01,2.0,walk,44293.0,44436.0,143.0,shop,shop
30109_2022-12-01,3.0,bike,44807.0,45127.0,320.0,shop,home
30109_2022-12-01,4.0,bike,65209.0,65944.0,735.0,home,leisure
30109_2022-12-01,5.0,walk,75228.0,75650.0,422.0,leisure,leisure
30109_2022-12-01,6.0,bike,82225.0,82580.0,355.0,leisure,home
31000_2022-12-20,0.0,mpt,24324.0,25409.0,1085.0,home,education
31000_2022-12-20,1.0,walk,26999.0,27042.0,43.0,education,education
31000_2022-12-20,2.0,walk,35041.0,35108.0,67.0,education,education
31000_2022-12-20,3.0,walk,43264.0,43355.0,91.0,education,education
31000_2022-12-20,4.0,mpt,58131.0,59277.0,1146.0,education,other
31000_2022-12-20,5.0,mpt,60421.0,61962.0,1541.0,other,home
30567_2022-12-06,0.0,mpt,44676.0,45166.0,490.0,home,leisure
30567_2022-12-06,1.0,mpt,50031.0,50455.0,424.0,leisure,shop
30567_2022-12-06,2.0,mpt,51810.0,52137.0,327.0,shop,home
30567_2022-12-06,3.0,walk,60903.0,61436.0,533.0,home,home
30567_2022-12-06,4.0,walk,62633.0,62723.0,90.0,home,home
30567_2022-12-06,5.0,walk,65335.0,67873.0,2538.0,home,home
31119_2022-12-30,0.0,mpt,19955.0,20238.0,283.0,home,education
31119_2022-12-30,1.0,mpt,43711.0,48369.0,4658.0,education,shop
31119_2022-12-30,2.0,mpt,50602.0,51410.0,808.0,shop,home
30490_2022-11-01,0.0,walk,66830.0,67515.0,685.0,home,home
30490_2022-11-01,1.0,walk,82800.0,83204.0,404.0,home,home
30848_2022-11-17,0.0,mpt,55543.0,56065.0,522.0,home,other
30848_2022-11-17,1.0,mpt,56675.0,57125.0,450.0,other,home
30231_2022-12-29,0.0,bike,29168.0,30125.0,957.0,home,education
30231_2022-12-29,1.0,bike,60554.0,62849.0,2295.0,education,home
30346_2022-12-17,0.0,pt,64488.0,65545.0,1057.0,home,leisure
30346_2022-12-17,1.0,pt,66990.0,67886.0,896.0,leisure,leisure
30346_2022-12-17,2.0,pt,79225.0,79620.0,395.0,leisure,other
30346_2022-12-17,3.0,pt,80510.0,81478.0,968.0,other,leisure
30346_2022-12-17,4.0,other,83066.0,83551.0,485.0,leisure,home
30750_2022-11-05,0.0,mpt,50614.0,51688.0,1074.0,home,shop
30750_2022-11-05,1.0,mpt,53419.0,54449.0,1030.0,shop,home
31114_2022-11-03,0.0,mpt,30773.0,33655.0,2882.0,home,other
31114_2022-11-03,1.0,mpt,35032.0,37570.0,2538.0,other,home
31107_2022-12-20,0.0,mpt,22771.0,24665.0,1894.0,home,home
31107_2022-12-20,1.0,pt,28938.0,32285.0,3347.0,home,education
31107_2022-12-20,2.0,pt,37818.0,41309.0,3491.0,education,home
31101_2022-11-17,0.0,walk,74160.0,75618.0,1458.0,home,home
30385_2022-09-17,0.0,bike,42138.0,42720.0,582.0,home,shop
30385_2022-09-17,1.0,bike,43033.0,44032.0,999.0,shop,home
30385_2022-09-17,2.0,mpt,63056.0,64078.0,1022.0,home,other
30385_2022-09-17,3.0,mpt,73198.0,74170.0,972.0,other,home
30167_2022-10-12,0.0,walk,41162.0,41655.0,493.0,home,shop
30167_2022-10-12,1.0,walk,44902.0,45574.0,672.0,shop,home
31166_2022-12-14,0.0,walk,63309.0,63424.0,115.0,home,home
31166_2022-12-14,1.0,walk,64004.0,64881.0,877.0,home,home
30288_2022-07-28,0.0,pt,52381.0,53768.0,1387.0,home,leisure
30288_2022-07-28,1.0,walk,60217.0,60659.0,442.0,leisure,leisure
30288_2022-07-28,2.0,walk,62828.0,63257.0,429.0,leisure,shop
30288_2022-07-28,3.0,pt,65134.0,65558.0,424.0,shop,home
31295_2022-10-19,0.0,mpt,17620.0,17957.0,337.0,home,education
31295_2022-10-19,1.0,mpt,36659.0,36805.0,146.0,education,home
30969_2022-11-10,0.0,mpt,27185.0,27904.0,719.0,home,leisure
30969_2022-11-10,1.0,mpt,30516.0,31362.0,846.0,leisure,home
30969_2022-11-10,2.0,mpt,64867.0,65446.0,579.0,home,other
30969_2022-11-10,3.0,walk,65837.0,66317.0,480.0,other,leisure
30969_2022-11-10,4.0,mpt,74506.0,75235.0,729.0,leisure,home
30099_2022-09-13,0.0,bike,21354.0,21596.0,242.0,home,leisure
30099_2022-09-13,1.0,bike,25679.0,26106.0,427.0,leisure,home
30099_2022-09-13,2.0,bike,30754.0,31998.0,1244.0,home,work
30099_2022-09-13,3.0,bike,59962.0,61157.0,1195.0,work,home
30413_2022-10-16,0.0,walk,26209.0,26286.0,77.0,home,home
30413_2022-10-16,1.0,walk,30734.0,34216.0,3482.0,home,home
30413_2022-10-16,2.0,walk,48303.0,48450.0,147.0,home,home
30413_2022-10-16,3.0,mpt,61708.0,62272.0,564.0,home,home
30413_2022-10-16,4.0,mpt,69450.0,74631.0,5181.0,home,home
30303_2022-11-16,0.0,mpt,20742.0,22054.0,1312.0,home,education
30303_2022-11-16,1.0,mpt,33836.0,34403.0,567.0,education,home
30303_2022-11-16,2.0,mpt,56623.0,57042.0,419.0,home,other
30303_2022-11-16,3.0,mpt,58272.0,58727.0,455.0,other,home
30303_2022-11-16,4.0,walk,60712.0,60730.0,18.0,home,home
30719_2022-10-17,0.0,mpt,22869.0,23464.0,595.0,home,education
30719_2022-10-17,1.0,walk,36969.0,37325.0,356.0,education,work
30719_2022-10-17,2.0,mpt,56610.0,57107.0,497.0,work,home
30151_2022-08-23,0.0,walk,38919.0,39764.0,845.0,home,leisure
30151_2022-08-23,1.0,walk,41314.0,42439.0,1125.0,leisure,home
30186_2022-11-22,0.0,mpt,42574.0,43640.0,1066.0,home,education
30186_2022-11-22,1.0,mpt,61151.0,62249.0,1098.0,education,home
30706_2022-10-25,0.0,bike,19968.0,20222.0,254.0,home,education
30706_2022-10-25,1.0,walk,25486.0,26041.0,555.0,education,education
30706_2022-10-25,2.0,walk,28488.0,28889.0,401.0,education,education
30706_2022-10-25,3.0,walk,30700.0,31259.0,559.0,education,education
30706_2022-10-25,4.0,mpt,36468.0,37799.0,1331.0,education,leisure
30706_2022-10-25,5.0,mpt,41795.0,42579.0,784.0,leisure,home
30706_2022-10-25,6.0,walk,48022.0,50326.0,2304.0,home,home
30706_2022-10-25,7.0,bike,51766.0,52154.0,388.0,home,education
30706_2022-10-25,8.0,bike,57304.0,57944.0,640.0,education,home
30905_2022-09-05,0.0,mpt,16189.0,22259.0,6070.0,home,other
30905_2022-09-05,1.0,walk,26099.0,27780.0,1681.0,other,shop
30905_2022-09-05,2.0,mpt,29518.0,34340.0,4822.0,shop,home
31196_2022-12-05,0.0,mpt,30473.0,30821.0,348.0,home,other
31196_2022-12-05,1.0,mpt,32907.0,33025.0,118.0,other,home
31196_2022-12-05,2.0,walk,53773.0,55962.0,2189.0,home,home
30522_2022-11-01,0.0,mpt,17335.0,19801.0,2466.0,home,work
30522_2022-11-01,1.0,mpt,60765.0,62515.0,1750.0,work,leisure
30522_2022-11-01,2.0,mpt,64024.0,64945.0,921.0,leisure,home
31071_2022-11-02,0.0,walk,39704.0,40353.0,649.0,home,home
31071_2022-11-02,1.0,pt,47476.0,49185.0,1709.0,home,home
31071_2022-11-02,2.0,walk,51375.0,52646.0,1271.0,home,leisure
31071_2022-11-02,3.0,pt,54029.0,54714.0,685.0,leisure,other
31071_2022-11-02,4.0,pt,55168.0,55480.0,312.0,other,home
30109_2022-12-18,0.0,bike,41075.0,41560.0,485.0,home,leisure
30109_2022-12-18,1.0,bike,43569.0,43894.0,325.0,leisure,education
30109_2022-12-18,2.0,bike,45453.0,46453.0,1000.0,education,leisure
30109_2022-12-18,3.0,bike,52648.0,53080.0,432.0,leisure,home
30945_2022-11-30,0.0,pt,24161.0,30125.0,5964.0,home,other
30945_2022-11-30,1.0,pt,34350.0,38151.0,3801.0,other,other
30945_2022-11-30,2.0,pt,38499.0,39897.0,1398.0,other,home
30945_2022-11-30,3.0,mpt,54562.0,55217.0,655.0,home,education
30945_2022-11-30,4.0,mpt,70045.0,70368.0,323.0,education,home
30252_2023-01-11,0.0,mpt,16229.0,17907.0,1678.0,home,home
30252_2023-01-11,1.0,walk,24986.0,25033.0,47.0,home,home
30252_2023-01-11,2.0,walk,25837.0,25930.0,93.0,home,home
30252_2023-01-11,3.0,mpt,29931.0,30164.0,233.0,home,leisure
30252_2023-01-11,4.0,pt,31166.0,32080.0,914.0,leisure,home
30252_2023-01-11,5.0,mpt,35202.0,35733.0,531.0,home,home
30252_2023-01-11,6.0,mpt,36442.0,37128.0,686.0,home,home
30252_2023-01-11,7.0,mpt,38570.0,40214.0,1644.0,home,home
30252_2023-01-11,8.0,mpt,43297.0,44688.0,1391.0,home,leisure
30252_2023-01-11,9.0,mpt,48710.0,49635.0,925.0,leisure,other
30252_2023-01-11,10.0,mpt,51787.0,52440.0,653.0,other,home
30252_2023-01-11,11.0,pt,53294.0,53618.0,324.0,home,leisure
30252_2023-01-11,12.0,pt,54658.0,54966.0,308.0,leisure,home
30252_2023-01-11,13.0,mpt,58292.0,58938.0,646.0,home,home
30252_2023-01-11,14.0,mpt,59412.0,60153.0,741.0,home,other
30252_2023-01-11,15.0,mpt,62548.0,63943.0,1395.0,other,home
30252_2023-01-11,16.0,mpt,66689.0,67438.0,749.0,home,leisure
30252_2023-01-11,17.0,mpt,74135.0,74869.0,734.0,leisure,home
30240_2022-11-21,0.0,mpt,35457.0,36074.0,617.0,home,other
30240_2022-11-21,1.0,mpt,37946.0,38611.0,665.0,other,home
30987_2022-09-02,0.0,mpt,28552.0,28683.0,131.0,home,other
30987_2022-09-02,1.0,mpt,30070.0,30683.0,613.0,other,shop
30987_2022-09-02,2.0,mpt,31041.0,31087.0,46.0,shop,shop
30987_2022-09-02,3.0,mpt,31439.0,31666.0,227.0,shop,home
30634_2022-09-22,0.0,mpt,36945.0,37674.0,729.0,home,leisure
30634_2022-09-22,1.0,mpt,40833.0,40879.0,46.0,leisure,education
30634_2022-09-22,2.0,mpt,41542.0,42507.0,965.0,education,education
30634_2022-09-22,3.0,walk,47228.0,47316.0,88.0,education,education
30634_2022-09-22,4.0,walk,48753.0,50424.0,1671.0,education,education
30634_2022-09-22,5.0,mpt,50784.0,51433.0,649.0,education,home
30203_2022-09-21,0.0,walk,21523.0,21642.0,119.0,home,education
30203_2022-09-21,1.0,walk,35040.0,35141.0,101.0,education,home
30203_2022-09-21,2.0,mpt,50352.0,50867.0,515.0,home,home
30236_2022-10-12,0.0,walk,20877.0,24079.0,3202.0,home,home
30362_2022-10-10,0.0,pt,31072.0,31210.0,138.0,other,other
30362_2022-10-10,1.0,pt,31624.0,32880.0,1256.0,other,home
30362_2022-10-10,2.0,pt,45155.0,46978.0,1823.0,home,home
31295_2022-11-01,0.0,walk,36122.0,37245.0,1123.0,home,home
30080_2022-08-11,0.0,walk,45837.0,46448.0,611.0,home,other
30080_2022-08-11,1.0,mpt,47867.0,48247.0,380.0,other,other
30080_2022-08-11,2.0,mpt,48662.0,48937.0,275.0,other,other
30080_2022-08-11,3.0,mpt,50121.0,50618.0,497.0,other,leisure
30080_2022-08-11,4.0,mpt,52619.0,53523.0,904.0,leisure,home
30388_2022-12-13,0.0,pt,26939.0,29858.0,2919.0,home,work
30388_2022-12-13,1.0,pt,58614.0,59991.0,1377.0,work,home
30385_2022-09-19,0.0,walk,33023.0,35185.0,2162.0,home,shop
30385_2022-09-19,1.0,walk,35811.0,36157.0,346.0,shop,other
30385_2022-09-19,2.0,pt,36582.0,37393.0,811.0,other,education
30385_2022-09-19,3.0,pt,42155.0,45815.0,3660.0,education,home
30010_2022-11-17,0.0,walk,28573.0,28814.0,241.0,home,home
30217_2022-10-28,0.0,mpt,22464.0,23420.0,956.0,home,education
30217_2022-10-28,1.0,mpt,37045.0,37979.0,934.0,education,home
30217_2022-10-28,2.0,mpt,42073.0,43279.0,1206.0,home,education
30217_2022-10-28,3.0,walk,47169.0,47209.0,40.0,education,home
30217_2022-10-28,4.0,mpt,47785.0,48947.0,1162.0,home,home
30217_2022-10-28,5.0,walk,50198.0,50696.0,498.0,home,other
30217_2022-10-28,6.0,walk,51065.0,52292.0,1227.0,other,home
30398_2022-09-13,0.0,pt,54384.0,56290.0,1906.0,home,leisure
30398_2022-09-13,1.0,walk,59094.0,59597.0,503.0,leisure,leisure
30398_2022-09-13,2.0,pt,69136.0,71352.0,2216.0,leisure,home
30008_2022-12-07,0.0,bike,26658.0,28117.0,1459.0,home,education
30008_2022-12-07,1.0,bike,38922.0,40561.0,1639.0,education,home
30008_2022-12-07,2.0,walk,41473.0,41561.0,88.0,home,education
30008_2022-12-07,3.0,walk,48146.0,48699.0,553.0,education,home
30008_2022-12-07,4.0,pt,61451.0,64008.0,2557.0,home,shop
30008_2022-12-07,5.0,walk,64528.0,64641.0,113.0,shop,home
30511_2022-09-30,0.0,mpt,18900.0,19990.0,1090.0,home,work
30511_2022-09-30,1.0,walk,40898.0,41109.0,211.0,work,education
30511_2022-09-30,2.0,walk,48252.0,48491.0,239.0,education,education
30511_2022-09-30,3.0,mpt,50427.0,50827.0,400.0,education,shop
30511_2022-09-30,4.0,mpt,51197.0,51740.0,543.0,shop,home
31178_2022-08-30,0.0,mpt,31924.0,34690.0,2766.0,home,leisure
31178_2022-08-30,1.0,walk,35325.0,35386.0,61.0,leisure,leisure
31178_2022-08-30,2.0,walk,35783.0,35835.0,52.0,leisure,other
31178_2022-08-30,3.0,mpt,36348.0,38979.0,2631.0,other,home
31178_2022-08-30,4.0,mpt,51436.0,54481.0,3045.0,home,leisure
31178_2022-08-30,5.0,mpt,54911.0,55932.0,1021.0,leisure,shop
31178_2022-08-30,6.0,pt,56365.0,57845.0,1480.0,shop,home
30905_2022-09-23,0.0,mpt,27138.0,28112.0,974.0,home,leisure
30905_2022-09-23,1.0,walk,28479.0,28697.0,218.0,leisure,leisure
30905_2022-09-23,2.0,mpt,29109.0,29851.0,742.0,leisure,home
30905_2022-09-23,3.0,mpt,34802.0,37836.0,3034.0,home,education
30905_2022-09-23,4.0,walk,40517.0,40646.0,129.0,education,education
30905_2022-09-23,5.0,walk,43367.0,43474.0,107.0,education,education
30905_2022-09-23,6.0,mpt,54453.0,55154.0,701.0,education,leisure
30905_2022-09-23,7.0,mpt,64978.0,67761.0,2783.0,leisure,home
30995_2022-12-16,0.0,walk,56656.0,57120.0,464.0,home,other
30995_2022-12-16,1.0,pt,57511.0,60935.0,3424.0,other,other
30995_2022-12-16,2.0,pt,61660.0,61747.0,87.0,other,leisure
30995_2022-12-16,3.0,pt,65037.0,65677.0,640.0,leisure,leisure
30995_2022-12-16,4.0,pt,77283.0,78971.0,1688.0,leisure,other
30995_2022-12-16,5.0,pt,79696.0,81053.0,1357.0,other,home
30713_2022-10-24,0.0,walk,26927.0,27617.0,690.0,home,home
30713_2022-10-24,1.0,walk,31161.0,31730.0,569.0,home,leisure
30713_2022-10-24,2.0,walk,34852.0,35610.0,758.0,leisure,home
30713_2022-10-24,3.0,walk,51488.0,53175.0,1687.0,home,home
30713_2022-10-24,4.0,mpt,63805.0,64628.0,823.0,home,leisure
30713_2022-10-24,5.0,mpt,68764.0,69010.0,246.0,leisure,home
30217_2022-10-18,0.0,mpt,22189.0,23329.0,1140.0,home,other
30217_2022-10-18,1.0,mpt,24351.0,25591.0,1240.0,other,home
30217_2022-10-18,2.0,walk,43508.0,45564.0,2056.0,home,leisure
30217_2022-10-18,3.0,walk,48369.0,50075.0,1706.0,leisure,other
30217_2022-10-18,4.0,pt,51874.0,52884.0,1010.0,other,home
30905_2022-09-06,0.0,mpt,26561.0,27973.0,1412.0,home,other
30905_2022-09-06,1.0,mpt,28707.0,30738.0,2031.0,other,home
30905_2022-09-06,2.0,mpt,49263.0,49892.0,629.0,home,other
30905_2022-09-06,3.0,mpt,50261.0,50934.0,673.0,other,leisure
30905_2022-09-06,4.0,mpt,52302.0,54307.0,2005.0,leisure,shop
30905_2022-09-06,5.0,mpt,55580.0,58333.0,2753.0,shop,home
30028_2022-11-15,0.0,pt,23101.0,25924.0,2823.0,home,work
30028_2022-11-15,1.0,pt,39006.0,39826.0,820.0,work,other
30028_2022-11-15,2.0,pt,40709.0,42033.0,1324.0,other,home
30028_2022-11-15,3.0,walk,62524.0,63550.0,1026.0,home,other
30028_2022-11-15,4.0,mpt,64048.0,64431.0,383.0,other,home
30028_2022-11-15,5.0,walk,67432.0,67457.0,25.0,home,home
30670_2022-12-01,0.0,walk,26565.0,27029.0,464.0,home,education
30670_2022-12-01,1.0,walk,32499.0,32731.0,232.0,education,education
30670_2022-12-01,2.0,walk,51882.0,52328.0,446.0,education,home
30670_2022-12-01,3.0,pt,62088.0,62869.0,781.0,home,leisure
30670_2022-12-01,4.0,pt,70884.0,71079.0,195.0,leisure,other
30670_2022-12-01,5.0,pt,72108.0,72484.0,376.0,other,home
30176_2022-09-09,0.0,mpt,24793.0,25000.0,207.0,home,leisure
30176_2022-09-09,1.0,mpt,28182.0,28487.0,305.0,leisure,home
30517_2022-11-16,0.0,mpt,19973.0,21613.0,1640.0,home,education
30517_2022-11-16,1.0,mpt,27573.0,28383.0,810.0,education,education
30517_2022-11-16,2.0,mpt,38105.0,38994.0,889.0,education,education
30517_2022-11-16,3.0,mpt,41112.0,42771.0,1659.0,education,home
30517_2022-11-16,4.0,walk,44683.0,45985.0,1302.0,home,home
30553_2022-10-06,0.0,mpt,43694.0,44245.0,551.0,home,education
30553_2022-10-06,1.0,mpt,45369.0,45971.0,602.0,education,home
30553_2022-10-06,2.0,pt,50020.0,52136.0,2116.0,home,education
30553_2022-10-06,3.0,pt,62680.0,65458.0,2778.0,education,home
30080_2022-08-12,0.0,pt,38090.0,38724.0,634.0,home,shop
30080_2022-08-12,1.0,pt,39804.0,41082.0,1278.0,shop,home
31114_2022-11-10,0.0,mpt,40308.0,41880.0,1572.0,home,home
31114_2022-11-10,1.0,walk,42551.0,42753.0,202.0,home,home
31114_2022-11-10,2.0,mpt,50321.0,52831.0,2510.0,home,other
31114_2022-11-10,3.0,mpt,53363.0,54763.0,1400.0,other,home
31114_2022-11-10,4.0,mpt,60257.0,61680.0,1423.0,home,leisure
31114_2022-11-10,5.0,mpt,70226.0,71336.0,1110.0,leisure,home
30789_2022-08-14,0.0,walk,52854.0,53145.0,291.0,home,other
30789_2022-08-14,1.0,walk,53547.0,53980.0,433.0,other,home
31150_2022-12-19,0.0,mpt,60339.0,60774.0,435.0,home,shop
31150_2022-12-19,1.0,mpt,62519.0,62926.0,407.0,shop,shop
31150_2022-12-19,2.0,mpt,65452.0,65983.0,531.0,shop,home
31251_2022-12-08,0.0,mpt,21877.0,23094.0,1217.0,home,education
31251_2022-12-08,1.0,walk,27603.0,27778.0,175.0,education,leisure
31251_2022-12-08,2.0,walk,28801.0,28879.0,78.0,leisure,education
31251_2022-12-08,3.0,walk,35948.0,36428.0,480.0,education,education
31251_2022-12-08,4.0,mpt,39295.0,40099.0,804.0,education,home
31251_2022-12-08,5.0,walk,57897.0,60245.0,2348.0,home,leisure
31251_2022-12-08,6.0,walk,66495.0,66591.0,96.0,leisure,leisure
31251_2022-12-08,7.0,walk,68187.0,68530.0,343.0,leisure,leisure
31251_2022-12-08,8.0,walk,74984.0,78161.0,3177.0,leisure,home
30100_2022-10-25,0.0,pt,23962.0,24995.0,1033.0,home,work
30100_2022-10-25,1.0,pt,41268.0,41337.0,69.0,work,education
30100_2022-10-25,2.0,mpt,58211.0,59718.0,1507.0,education,home
30203_2022-10-06,0.0,mpt,41727.0,42454.0,727.0,home,leisure
30203_2022-10-06,1.0,mpt,52425.0,53345.0,920.0,leisure,shop
30203_2022-10-06,2.0,walk,54830.0,55062.0,232.0,shop,home
30803_2022-12-08,0.0,mpt,59694.0,60959.0,1265.0,home,leisure
30803_2022-12-08,1.0,mpt,66888.0,68570.0,1682.0,leisure,leisure
30803_2022-12-08,2.0,mpt,76008.0,77306.0,1298.0,leisure,home
31302_2022-11-18,0.0,mpt,55624.0,55823.0,199.0,home,home
31017_2022-10-25,0.0,walk,17678.0,18735.0,1057.0,home,home
31017_2022-10-25,1.0,walk,56577.0,57551.0,974.0,home,home
30995_2022-12-13,0.0,mpt,21733.0,23032.0,1299.0,home,other
30995_2022-12-13,1.0,mpt,27532.0,29382.0,1850.0,other,home
31302_2022-11-11,0.0,bike,21225.0,21582.0,357.0,home,home
30556_2023-02-07,0.0,bike,0.0,57.0,57.0,home,shop
30556_2023-02-07,1.0,bike,25713.0,26864.0,1151.0,shop,other
30556_2023-02-07,2.0,bike,28045.0,28839.0,794.0,other,shop
30556_2023-02-07,3.0,bike,31570.0,31936.0,366.0,shop,leisure
30556_2023-02-07,4.0,walk,32569.0,32917.0,348.0,leisure,shop
30556_2023-02-07,5.0,bike,34971.0,35250.0,279.0,shop,home
30556_2023-02-07,6.0,bike,37486.0,38867.0,1381.0,home,home
30341_2022-09-26,0.0,mpt,34573.0,34806.0,233.0,home,home
30887_2023-01-09,0.0,mpt,23602.0,24456.0,854.0,home,other
30887_2023-01-09,1.0,walk,24886.0,29422.0,4536.0,other,leisure
30887_2023-01-09,2.0,pt,30024.0,30879.0,855.0,leisure,home
30887_2023-01-09,3.0,walk,64839.0,64994.0,155.0,home,home
30887_2023-01-09,4.0,walk,71486.0,71863.0,377.0,home,home
30080_2022-08-01,0.0,pt,36495.0,37311.0,816.0,home,shop
30080_2022-08-01,1.0,walk,38740.0,39127.0,387.0,shop,home
31196_2022-11-30,0.0,walk,56903.0,56987.0,84.0,home,home
31196_2022-11-30,1.0,bike,57553.0,58972.0,1419.0,home,shop
31196_2022-11-30,2.0,bike,61567.0,62382.0,815.0,shop,home
30538_2022-11-03,0.0,mpt,54930.0,55564.0,634.0,home,other
30538_2022-11-03,1.0,mpt,56343.0,57324.0,981.0,other,home
30538_2022-11-03,2.0,mpt,64612.0,65049.0,437.0,home,other
30538_2022-11-03,3.0,mpt,65555.0,66004.0,449.0,other,home
30538_2022-11-03,4.0,mpt,70792.0,77110.0,6318.0,home,home
30538_2022-11-03,5.0,walk,86378.0,86399.0,21.0,home,home
30948_2023-01-20,0.0,mpt,26111.0,27186.0,1075.0,home,education
30948_2023-01-20,1.0,walk,40659.0,40932.0,273.0,education,work
30948_2023-01-20,2.0,mpt,52537.0,53126.0,589.0,work,shop
30948_2023-01-20,3.0,mpt,53774.0,55241.0,1467.0,shop,education
30948_2023-01-20,4.0,walk,57085.0,57415.0,330.0,education,education
30948_2023-01-20,5.0,walk,59579.0,59776.0,197.0,education,shop
30948_2023-01-20,6.0,pt,60419.0,60600.0,181.0,shop,education
30948_2023-01-20,7.0,mpt,69560.0,70291.0,731.0,education,home
30633_2022-11-14,0.0,walk,25018.0,25897.0,879.0,home,leisure
30633_2022-11-14,1.0,walk,26569.0,26732.0,163.0,leisure,home
30633_2022-11-14,2.0,walk,37454.0,38233.0,779.0,home,other
30633_2022-11-14,3.0,walk,39417.0,39982.0,565.0,other,home
30633_2022-11-14,4.0,walk,44957.0,45907.0,950.0,home,shop
30633_2022-11-14,5.0,walk,46508.0,48562.0,2054.0,shop,education
30633_2022-11-14,6.0,walk,54233.0,54916.0,683.0,education,other
30633_2022-11-14,7.0,walk,56284.0,57270.0,986.0,other,home
30822_2022-11-25,0.0,mpt,23091.0,23300.0,209.0,home,home
30822_2022-11-25,1.0,mpt,25817.0,27273.0,1456.0,home,home
30822_2022-11-25,2.0,mpt,56325.0,56630.0,305.0,home,leisure
30822_2022-11-25,3.0,mpt,75193.0,75434.0,241.0,leisure,home
30948_2023-01-06,0.0,walk,28373.0,28460.0,87.0,home,home
30948_2023-01-06,1.0,walk,32463.0,32493.0,30.0,home,home
30948_2023-01-06,2.0,mpt,34712.0,35339.0,627.0,home,work
30948_2023-01-06,3.0,mpt,82350.0,82918.0,568.0,work,home
30458_2023-01-13,0.0,mpt,71108.0,73309.0,2201.0,home,home
30148_2023-01-12,0.0,bike,26772.0,27470.0,698.0,home,work
30148_2023-01-12,1.0,bike,67009.0,68572.0,1563.0,work,home
30151_2022-08-14,0.0,walk,11018.0,11714.0,696.0,leisure,home
30151_2022-08-14,1.0,walk,56382.0,56841.0,459.0,home,leisure
30151_2022-08-14,2.0,walk,62988.0,63124.0,136.0,leisure,home
30151_2022-08-14,3.0,pt,64322.0,69289.0,4967.0,home,home
30429_2022-12-12,0.0,pt,18814.0,19368.0,554.0,home,home
30429_2022-12-12,1.0,pt,19895.0,23550.0,3655.0,home,other
30429_2022-12-12,2.0,pt,23944.0,26764.0,2820.0,other,education
30429_2022-12-12,3.0,mpt,32834.0,35168.0,2334.0,education,education
30429_2022-12-12,4.0,walk,36158.0,36470.0,312.0,education,education
30429_2022-12-12,5.0,mpt,36890.0,37197.0,307.0,education,education
30429_2022-12-12,6.0,mpt,37880.0,39179.0,1299.0,education,work
30429_2022-12-12,7.0,mpt,51181.0,51761.0,580.0,work,education
30429_2022-12-12,8.0,pt,57519.0,58303.0,784.0,education,education
30429_2022-12-12,9.0,pt,59508.0,63149.0,3641.0,education,shop
30429_2022-12-12,10.0,walk,64051.0,64885.0,834.0,shop,leisure
30429_2022-12-12,11.0,mpt,66857.0,68246.0,1389.0,leisure,home
30180_2023-01-02,0.0,walk,23576.0,25425.0,1849.0,home,home
30180_2023-01-02,1.0,walk,41644.0,43174.0,1530.0,home,home
30180_2023-01-02,2.0,mpt,54107.0,55483.0,1376.0,home,leisure
30180_2023-01-02,3.0,mpt,57649.0,58531.0,882.0,leisure,home
30099_2022-08-25,0.0,bike,19324.0,20739.0,1415.0,home,work
30099_2022-08-25,1.0,bike,36821.0,37860.0,1039.0,work,home
30099_2022-08-25,2.0,bike,40830.0,41094.0,264.0,home,leisure
30099_2022-08-25,3.0,bike,45719.0,46269.0,550.0,leisure,home
30342_2022-11-05,0.0,bike,25387.0,25634.0,247.0,home,shop
30342_2022-11-05,1.0,bike,26363.0,26525.0,162.0,shop,home
30342_2022-11-05,2.0,walk,36286.0,37811.0,1525.0,home,shop
30342_2022-11-05,3.0,walk,38290.0,38771.0,481.0,shop,other
30342_2022-11-05,4.0,walk,39205.0,39704.0,499.0,other,home
30342_2022-11-05,5.0,bike,41809.0,42833.0,1024.0,home,shop
30342_2022-11-05,6.0,bike,43918.0,44693.0,775.0,shop,home
30384_2022-08-16,0.0,mpt,22311.0,23334.0,1023.0,home,work
30384_2022-08-16,1.0,walk,39129.0,39216.0,87.0,work,education
30384_2022-08-16,2.0,mpt,51691.0,52838.0,1147.0,education,education
30384_2022-08-16,3.0,mpt,56619.0,57515.0,896.0,education,shop
30384_2022-08-16,4.0,mpt,58613.0,58975.0,362.0,shop,home
30435_2022-12-20,0.0,bike,27293.0,29805.0,2512.0,home,home
30435_2022-12-20,1.0,mpt,30846.0,31046.0,200.0,home,other
30435_2022-12-20,2.0,mpt,31355.0,32489.0,1134.0,other,other
30435_2022-12-20,3.0,mpt,38240.0,38935.0,695.0,other,shop
30435_2022-12-20,4.0,walk,40987.0,41116.0,129.0,shop,shop
30435_2022-12-20,5.0,mpt,42336.0,43101.0,765.0,shop,education
30435_2022-12-20,6.0,bike,51048.0,53698.0,2650.0,education,home
30567_2022-12-07,0.0,walk,63088.0,67682.0,4594.0,home,home
31178_2022-09-02,0.0,mpt,32907.0,36231.0,3324.0,home,leisure
31178_2022-09-02,1.0,mpt,37098.0,37591.0,493.0,leisure,shop
31178_2022-09-02,2.0,mpt,38061.0,39692.0,1631.0,shop,home
31178_2022-09-02,3.0,walk,58168.0,58186.0,18.0,home,leisure
31178_2022-09-02,4.0,pt,66464.0,66609.0,145.0,leisure,home
30789_2022-08-19,0.0,bike,59220.0,59818.0,598.0,home,home
30789_2022-08-19,1.0,bike,60580.0,60992.0,412.0,home,home
30789_2022-08-19,2.0,bike,61771.0,62456.0,685.0,home,home
31101_2022-11-18,0.0,mpt,49845.0,50539.0,694.0,home,shop
31101_2022-11-18,1.0,mpt,52754.0,53034.0,280.0,shop,shop
31101_2022-11-18,2.0,mpt,54741.0,55194.0,453.0,shop,shop
31101_2022-11-18,3.0,mpt,58040.0,58806.0,766.0,shop,home
31101_2022-11-18,4.0,walk,60274.0,60942.0,668.0,home,leisure
31101_2022-11-18,5.0,walk,75973.0,76665.0,692.0,leisure,home
30005_2022-11-09,0.0,walk,16371.0,16433.0,62.0,home,home
30005_2022-11-09,1.0,mpt,64744.0,64801.0,57.0,home,education
30005_2022-11-09,2.0,walk,73862.0,74061.0,199.0,education,home
31191_2022-10-22,0.0,mpt,31382.0,32471.0,1089.0,home,home
31085_2022-09-25,0.0,mpt,59775.0,62873.0,3098.0,home,education
31085_2022-09-25,1.0,mpt,64295.0,65565.0,1270.0,education,home
30148_2022-12-29,0.0,bike,38792.0,43454.0,4662.0,home,home
31171_2022-09-30,0.0,walk,51942.0,52679.0,737.0,home,other
31171_2022-09-30,1.0,mpt,54892.0,56520.0,1628.0,other,leisure
31171_2022-09-30,2.0,mpt,63465.0,63924.0,459.0,leisure,leisure
31171_2022-09-30,3.0,mpt,66504.0,67653.0,1149.0,leisure,leisure
31171_2022-09-30,4.0,mpt,70346.0,71208.0,862.0,leisure,home
31171_2022-09-30,5.0,walk,72420.0,72526.0,106.0,home,home
31027_2022-11-21,0.0,walk,26931.0,31395.0,4464.0,home,home
31027_2022-11-21,1.0,walk,33849.0,33942.0,93.0,home,home
31027_2022-11-21,2.0,walk,45876.0,51446.0,5570.0,home,home
30454_2022-09-27,0.0,bike,24395.0,24820.0,425.0,home,other
30454_2022-09-27,1.0,bike,25385.0,25663.0,278.0,other,shop
30454_2022-09-27,2.0,bike,26411.0,26695.0,284.0,shop,home
30454_2022-09-27,3.0,bike,50281.0,50710.0,429.0,home,other
30454_2022-09-27,4.0,bike,51473.0,51812.0,339.0,other,shop
30454_2022-09-27,5.0,bike,52310.0,52577.0,267.0,shop,home
30454_2022-09-27,6.0,mpt,54214.0,54934.0,720.0,home,shop
30454_2022-09-27,7.0,mpt,57612.0,58177.0,565.0,shop,home
30028_2022-10-31,0.0,walk,40869.0,41127.0,258.0,home,home
30234_2022-08-18,0.0,pt,17811.0,18682.0,871.0,home,other
30234_2022-08-18,1.0,pt,19151.0,20301.0,1150.0,other,education
30234_2022-08-18,2.0,walk,31734.0,32152.0,418.0,education,work
30234_2022-08-18,3.0,pt,55354.0,58082.0,2728.0,work,home
30385_2022-09-16,0.0,mpt,19100.0,19491.0,391.0,home,home
30385_2022-09-16,1.0,mpt,24056.0,24712.0,656.0,home,shop
30385_2022-09-16,2.0,mpt,28130.0,29054.0,924.0,shop,home
30385_2022-09-16,3.0,walk,62909.0,64164.0,1255.0,home,leisure
30385_2022-09-16,4.0,walk,72164.0,73141.0,977.0,leisure,home
30617_2022-10-27,0.0,pt,16609.0,18169.0,1560.0,home,work
30617_2022-10-27,1.0,pt,64411.0,65985.0,1574.0,work,home
30012_2022-08-16,0.0,mpt,19210.0,25032.0,5822.0,home,education
30012_2022-08-16,1.0,walk,29483.0,29737.0,254.0,education,work
30012_2022-08-16,2.0,mpt,48805.0,49717.0,912.0,work,other
30012_2022-08-16,3.0,walk,50197.0,50611.0,414.0,other,education
30012_2022-08-16,4.0,mpt,60683.0,61830.0,1147.0,education,home
30012_2022-08-16,5.0,mpt,72036.0,73754.0,1718.0,home,other
30012_2022-08-16,6.0,mpt,74150.0,75193.0,1043.0,other,home
30200_2022-08-26,0.0,walk,26311.0,26679.0,368.0,home,home
30200_2022-08-26,1.0,walk,33023.0,33506.0,483.0,home,home
30200_2022-08-26,2.0,walk,54183.0,57816.0,3633.0,home,leisure
30200_2022-08-26,3.0,walk,60136.0,60343.0,207.0,leisure,leisure
30200_2022-08-26,4.0,walk,76610.0,77216.0,606.0,leisure,other
30200_2022-08-26,5.0,walk,77592.0,79917.0,2325.0,other,other
30200_2022-08-26,6.0,walk,80513.0,80760.0,247.0,other,home
30896_2022-10-07,0.0,mpt,19819.0,19879.0,60.0,home,other
30896_2022-10-07,1.0,pt,20340.0,20689.0,349.0,other,home
31021_2022-11-21,0.0,walk,20430.0,20808.0,378.0,home,home
31021_2022-11-21,1.0,mpt,22512.0,24014.0,1502.0,home,education
31021_2022-11-21,2.0,mpt,38191.0,38958.0,767.0,education,other
31021_2022-11-21,3.0,mpt,39640.0,40267.0,627.0,other,home
31021_2022-11-21,4.0,walk,48235.0,48833.0,598.0,home,home
30401_2022-11-15,0.0,bike,35151.0,35487.0,336.0,home,shop
30401_2022-11-15,1.0,mpt,36527.0,36693.0,166.0,shop,home
30401_2022-11-15,2.0,bike,48738.0,48987.0,249.0,home,education
30401_2022-11-15,3.0,bike,59671.0,59952.0,281.0,education,home
30922_2022-11-08,0.0,walk,51780.0,53927.0,2147.0,home,home
30422_2022-12-14,0.0,pt,21656.0,25624.0,3968.0,home,work
30422_2022-12-14,1.0,pt,62919.0,66548.0,3629.0,work,shop
30422_2022-12-14,2.0,pt,67521.0,67818.0,297.0,shop,home
30817_2022-11-01,0.0,pt,44520.0,45591.0,1071.0,home,other
30817_2022-11-01,1.0,pt,46405.0,47964.0,1559.0,other,leisure
30817_2022-11-01,2.0,walk,53615.0,53817.0,202.0,leisure,home
30817_2022-11-01,3.0,pt,54454.0,57308.0,2854.0,home,home
30785_2022-11-16,0.0,mpt,43910.0,44865.0,955.0,home,education
30785_2022-11-16,1.0,mpt,49787.0,50920.0,1133.0,education,home
30149_2022-10-07,0.0,mpt,21178.0,21475.0,297.0,home,other
30149_2022-10-07,1.0,pt,25093.0,28118.0,3025.0,other,education
30149_2022-10-07,2.0,mpt,35417.0,35744.0,327.0,education,other
30149_2022-10-07,3.0,mpt,36364.0,36858.0,494.0,other,leisure
30149_2022-10-07,4.0,mpt,40058.0,40274.0,216.0,leisure,education
30149_2022-10-07,5.0,pt,53865.0,55223.0,1358.0,education,other
30149_2022-10-07,6.0,pt,55791.0,56721.0,930.0,other,home
30490_2022-11-14,0.0,walk,56222.0,56802.0,580.0,home,home
30617_2022-11-16,0.0,pt,33243.0,37093.0,3850.0,home,education
30617_2022-11-16,1.0,pt,45822.0,49571.0,3749.0,education,shop
30617_2022-11-16,2.0,walk,49943.0,50218.0,275.0,shop,shop
30617_2022-11-16,3.0,pt,50947.0,52329.0,1382.0,shop,home
30617_2022-11-16,4.0,walk,53017.0,53735.0,718.0,home,shop
30617_2022-11-16,5.0,walk,54286.0,54602.0,316.0,shop,home
30444_2022-09-20,0.0,walk,34111.0,34420.0,309.0,home,home
30316_2022-12-24,0.0,mpt,23498.0,23759.0,261.0,home,shop
30316_2022-12-24,1.0,walk,24739.0,25586.0,847.0,shop,home
30316_2022-12-24,2.0,mpt,29383.0,29549.0,166.0,home,shop
30316_2022-12-24,3.0,mpt,30664.0,30878.0,214.0,shop,home
30316_2022-12-24,4.0,mpt,37926.0,38584.0,658.0,home,shop
30316_2022-12-24,5.0,mpt,40888.0,42820.0,1932.0,shop,home
30316_2022-12-24,6.0,walk,53048.0,54987.0,1939.0,home,leisure
30316_2022-12-24,7.0,bike,66098.0,67111.0,1013.0,leisure,shop
30316_2022-12-24,8.0,bike,67517.0,67836.0,319.0,shop,home
30386_2022-12-21,0.0,pt,25035.0,25223.0,188.0,home,other
30386_2022-12-21,1.0,pt,25618.0,26709.0,1091.0,other,work
30386_2022-12-21,2.0,mpt,58316.0,58584.0,268.0,work,shop
30386_2022-12-21,3.0,mpt,59920.0,60036.0,116.0,shop,home
30386_2022-12-21,4.0,bike,65139.0,67320.0,2181.0,home,home
30530_2022-09-08,0.0,walk,35565.0,38913.0,3348.0,home,home
30151_2022-08-15,0.0,walk,39249.0,39524.0,275.0,home,shop
30151_2022-08-15,1.0,walk,40826.0,41340.0,514.0,shop,home
30115_2022-09-26,0.0,mpt,24965.0,30104.0,5139.0,home,shop
30115_2022-09-26,1.0,walk,31006.0,31115.0,109.0,shop,leisure
30115_2022-09-26,2.0,walk,31478.0,31761.0,283.0,leisure,leisure
30115_2022-09-26,3.0,walk,32238.0,32346.0,108.0,leisure,leisure
30115_2022-09-26,4.0,mpt,35723.0,48215.0,12492.0,leisure,other
30115_2022-09-26,5.0,pt,49139.0,50034.0,895.0,other,home
30042_2023-01-09,0.0,mpt,59809.0,61471.0,1662.0,home,leisure
30042_2023-01-09,1.0,mpt,66838.0,67987.0,1149.0,leisure,home
30530_2022-08-30,0.0,walk,21722.0,24707.0,2985.0,home,other
31044_2022-11-21,0.0,mpt,22174.0,24484.0,2310.0,home,other
31044_2022-11-21,1.0,mpt,28124.0,29702.0,1578.0,other,education
31044_2022-11-21,2.0,mpt,34924.0,35577.0,653.0,education,education
31044_2022-11-21,3.0,mpt,39507.0,40442.0,935.0,education,work
31044_2022-11-21,4.0,mpt,53256.0,54679.0,1423.0,work,other
31044_2022-11-21,5.0,mpt,57433.0,58892.0,1459.0,other,home
30785_2022-11-20,0.0,mpt,35689.0,37437.0,1748.0,home,leisure
30785_2022-11-20,1.0,mpt,38153.0,41217.0,3064.0,leisure,home
31027_2022-12-12,0.0,walk,27036.0,30011.0,2975.0,home,home
31027_2022-12-12,1.0,walk,31321.0,31618.0,297.0,home,education
31027_2022-12-12,2.0,walk,37945.0,38907.0,962.0,education,home
30026_2022-12-23,0.0,mpt,28342.0,29710.0,1368.0,home,other
30026_2022-12-23,1.0,mpt,32336.0,33601.0,1265.0,other,home
30026_2022-12-23,2.0,mpt,54747.0,56514.0,1767.0,home,shop
30026_2022-12-23,3.0,mpt,59833.0,61205.0,1372.0,shop,shop
30026_2022-12-23,4.0,walk,62250.0,62345.0,95.0,shop,home
30180_2022-12-15,0.0,mpt,22192.0,22527.0,335.0,home,home
30180_2022-12-15,1.0,pt,23904.0,26441.0,2537.0,home,other
30180_2022-12-15,2.0,pt,28151.0,30255.0,2104.0,other,work
30180_2022-12-15,3.0,walk,40228.0,40808.0,580.0,work,home
30180_2022-12-15,4.0,walk,61557.0,63175.0,1618.0,home,home
30180_2022-12-15,5.0,walk,82566.0,82699.0,133.0,home,home
30180_2022-12-30,0.0,walk,23426.0,24657.0,1231.0,home,home
30180_2022-12-30,1.0,mpt,26836.0,28682.0,1846.0,home,education
30180_2022-12-30,2.0,mpt,40046.0,41781.0,1735.0,education,home
30180_2022-12-30,3.0,mpt,58719.0,59010.0,291.0,home,shop
30180_2022-12-30,4.0,walk,61588.0,62836.0,1248.0,shop,home
30180_2022-12-30,5.0,walk,63671.0,64631.0,960.0,home,home
31178_2022-09-03,0.0,mpt,32461.0,34865.0,2404.0,home,leisure
31178_2022-09-03,1.0,mpt,36356.0,38100.0,1744.0,leisure,home
31178_2022-09-03,2.0,mpt,50012.0,52169.0,2157.0,home,leisure
31178_2022-09-03,3.0,mpt,53440.0,53989.0,549.0,leisure,leisure
31178_2022-09-03,4.0,mpt,66938.0,68448.0,1510.0,leisure,home
30957_2022-08-23,0.0,walk,53821.0,53925.0,104.0,home,home
30028_2022-11-17,0.0,pt,22419.0,24384.0,1965.0,home,other
30028_2022-11-17,1.0,pt,24805.0,25744.0,939.0,other,work
30028_2022-11-17,2.0,pt,52758.0,55616.0,2858.0,work,home
30028_2022-11-17,3.0,mpt,73822.0,75799.0,1977.0,home,home
30938_2022-08-16,0.0,pt,22063.0,27318.0,5255.0,home,education
30938_2022-08-16,1.0,pt,38803.0,39069.0,266.0,education,other
30938_2022-08-16,2.0,pt,39804.0,44268.0,4464.0,other,education
30938_2022-08-16,3.0,walk,55927.0,56583.0,656.0,education,shop
30938_2022-08-16,4.0,walk,57225.0,57894.0,669.0,shop,home
31274_2022-12-02,0.0,walk,57985.0,58730.0,745.0,home,leisure
31274_2022-12-02,1.0,walk,62922.0,63930.0,1008.0,leisure,leisure
31274_2022-12-02,2.0,walk,65249.0,65585.0,336.0,leisure,shop
31274_2022-12-02,3.0,walk,66498.0,67217.0,719.0,shop,home
30167_2022-10-13,0.0,walk,37631.0,43047.0,5416.0,home,home
30553_2022-09-23,0.0,pt,29801.0,32337.0,2536.0,home,education
30553_2022-09-23,1.0,pt,47222.0,50458.0,3236.0,education,education
30553_2022-09-23,2.0,bike,59904.0,60339.0,435.0,education,leisure
30553_2022-09-23,3.0,bike,72385.0,72778.0,393.0,leisure,home
30553_2022-09-23,4.0,walk,81048.0,81232.0,184.0,home,education
31122_2022-11-24,0.0,pt,41719.0,43050.0,1331.0,home,home
31122_2022-11-24,1.0,walk,65745.0,67017.0,1272.0,home,leisure
31122_2022-11-24,2.0,pt,68351.0,68378.0,27.0,leisure,other
31122_2022-11-24,3.0,pt,68928.0,69509.0,581.0,other,home
30236_2022-10-02,0.0,walk,26870.0,30968.0,4098.0,home,home
30848_2022-10-31,0.0,bike,38596.0,40221.0,1625.0,home,home
30848_2022-10-31,1.0,bike,43920.0,44418.0,498.0,home,education
30848_2022-10-31,2.0,bike,60419.0,62039.0,1620.0,education,home
30148_2023-01-13,0.0,bike,27169.0,27861.0,692.0,home,education
30148_2023-01-13,1.0,bike,41556.0,42389.0,833.0,education,home
30422_2022-12-18,0.0,pt,36214.0,36635.0,421.0,home,shop
30422_2022-12-18,1.0,pt,37366.0,37938.0,572.0,shop,home
30422_2022-12-18,2.0,pt,53318.0,53729.0,411.0,home,other
30422_2022-12-18,3.0,pt,54268.0,55488.0,1220.0,other,home
30422_2022-12-18,4.0,pt,72999.0,75502.0,2503.0,home,home
30957_2022-08-15,0.0,bike,25413.0,25540.0,127.0,home,home
30957_2022-08-15,1.0,bike,29976.0,30111.0,135.0,home,home
30461_2022-11-10,0.0,mpt,48669.0,49825.0,1156.0,home,shop
30461_2022-11-10,1.0,mpt,52656.0,52921.0,265.0,shop,shop
30461_2022-11-10,2.0,mpt,54723.0,55987.0,1264.0,shop,leisure
30461_2022-11-10,3.0,pt,57086.0,60314.0,3228.0,leisure,other
30461_2022-11-10,4.0,pt,60922.0,63156.0,2234.0,other,education
30461_2022-11-10,5.0,pt,71213.0,71919.0,706.0,education,other
30461_2022-11-10,6.0,pt,72388.0,75128.0,2740.0,other,other
30461_2022-11-10,7.0,pt,75918.0,78025.0,2107.0,other,home
30203_2022-10-14,0.0,mpt,43833.0,45951.0,2118.0,home,leisure
30203_2022-10-14,1.0,mpt,56284.0,58100.0,1816.0,leisure,home
30134_2023-01-27,0.0,mpt,20428.0,22604.0,2176.0,home,education
30134_2023-01-27,1.0,walk,31390.0,31908.0,518.0,education,education
30134_2023-01-27,2.0,walk,42242.0,42601.0,359.0,education,leisure
30134_2023-01-27,3.0,walk,44313.0,44698.0,385.0,leisure,education
30134_2023-01-27,4.0,mpt,45933.0,47706.0,1773.0,education,home
31006_2022-12-23,0.0,pt,26338.0,28130.0,1792.0,home,other
31006_2022-12-23,1.0,pt,32599.0,33511.0,912.0,other,shop
31006_2022-12-23,2.0,walk,35828.0,36234.0,406.0,shop,home
31006_2022-12-23,3.0,pt,70972.0,71784.0,812.0,home,leisure
31006_2022-12-23,4.0,walk,77720.0,77830.0,110.0,leisure,home
31306_2022-12-17,0.0,pt,52327.0,52735.0,408.0,home,other
31306_2022-12-17,1.0,pt,53236.0,58984.0,5748.0,other,home
30905_2022-09-12,0.0,walk,20529.0,24363.0,3834.0,home,home
30905_2022-09-12,1.0,mpt,31468.0,33520.0,2052.0,home,leisure
30905_2022-09-12,2.0,mpt,35462.0,37203.0,1741.0,leisure,home
30008_2022-12-18,0.0,walk,63446.0,63576.0,130.0,home,home
30685_2022-11-14,0.0,bike,27905.0,28531.0,626.0,home,other
30685_2022-11-14,1.0,bike,29784.0,30351.0,567.0,other,home
30685_2022-11-14,2.0,bike,57276.0,58187.0,911.0,home,home
30969_2022-11-08,0.0,mpt,28108.0,28917.0,809.0,home,leisure
30969_2022-11-08,1.0,walk,33875.0,34098.0,223.0,leisure,shop
30969_2022-11-08,2.0,mpt,34786.0,35848.0,1062.0,shop,home
30185_2022-12-12,0.0,mpt,18415.0,20289.0,1874.0,home,home
30185_2022-12-12,1.0,mpt,29079.0,32777.0,3698.0,home,other
30185_2022-12-12,2.0,mpt,34577.0,38714.0,4137.0,other,home
30185_2022-12-12,3.0,mpt,58400.0,60413.0,2013.0,home,home
30633_2022-12-06,0.0,walk,25067.0,26717.0,1650.0,home,home
30633_2022-12-06,1.0,walk,37800.0,38332.0,532.0,home,other
30633_2022-12-06,2.0,walk,38764.0,40464.0,1700.0,other,home
30633_2022-12-06,3.0,walk,44896.0,46168.0,1272.0,home,home
30633_2022-12-06,4.0,walk,50374.0,51094.0,720.0,home,other
30633_2022-12-06,5.0,walk,51808.0,52618.0,810.0,other,home
30633_2022-12-06,6.0,mpt,59812.0,60565.0,753.0,home,other
30633_2022-12-06,7.0,walk,62189.0,62659.0,470.0,other,other
30633_2022-12-06,8.0,mpt,63596.0,64984.0,1388.0,other,home
31002_2022-12-02,0.0,walk,53123.0,54713.0,1590.0,home,home
31002_2022-12-02,1.0,walk,58547.0,58744.0,197.0,home,home
30985_2022-09-17,0.0,pt,44568.0,45339.0,771.0,home,shop
30985_2022-09-17,1.0,walk,49819.0,50006.0,187.0,shop,other
30985_2022-09-17,2.0,pt,50386.0,50903.0,517.0,other,home
31297_2022-08-13,0.0,mpt,30956.0,35409.0,4453.0,home,shop
31297_2022-08-13,1.0,mpt,36446.0,36653.0,207.0,shop,shop
31297_2022-08-13,2.0,mpt,37100.0,37827.0,727.0,shop,home
31260_2022-11-13,0.0,walk,37356.0,39230.0,1874.0,home,home
31260_2022-11-13,1.0,walk,45645.0,48709.0,3064.0,home,home
31288_2022-12-21,0.0,pt,21603.0,22676.0,1073.0,home,work
31288_2022-12-21,1.0,pt,58426.0,58533.0,107.0,work,other
31288_2022-12-21,2.0,pt,58904.0,60625.0,1721.0,other,education
31288_2022-12-21,3.0,pt,64834.0,67273.0,2439.0,education,leisure
31288_2022-12-21,4.0,pt,70272.0,70668.0,396.0,leisure,other
31288_2022-12-21,5.0,pt,71259.0,72089.0,830.0,other,home
30100_2022-11-09,0.0,pt,23424.0,25734.0,2310.0,home,work
30100_2022-11-09,1.0,mpt,63333.0,63693.0,360.0,work,home
30706_2022-10-27,0.0,bike,19851.0,20034.0,183.0,home,education
30706_2022-10-27,1.0,bike,36819.0,37069.0,250.0,education,home
30706_2022-10-27,2.0,bike,46241.0,46390.0,149.0,home,shop
30706_2022-10-27,3.0,walk,48272.0,48476.0,204.0,shop,home
30706_2022-10-27,4.0,walk,51555.0,53042.0,1487.0,home,home
30706_2022-10-27,5.0,walk,53992.0,55166.0,1174.0,home,home
30706_2022-10-27,6.0,walk,69668.0,70151.0,483.0,home,home
30211_2022-11-01,0.0,mpt,26453.0,30108.0,3655.0,home,education
30211_2022-11-01,1.0,mpt,34627.0,37398.0,2771.0,education,home
30211_2022-11-01,2.0,walk,38267.0,43805.0,5538.0,home,home
30211_2022-11-01,3.0,mpt,51700.0,57114.0,5414.0,home,home
31274_2022-11-27,0.0,pt,31416.0,32121.0,705.0,home,leisure
31274_2022-11-27,1.0,walk,34062.0,41601.0,7539.0,leisure,leisure
31274_2022-11-27,2.0,walk,41969.0,42267.0,298.0,leisure,leisure
31274_2022-11-27,3.0,pt,43679.0,44997.0,1318.0,leisure,home
31274_2022-11-27,4.0,mpt,70552.0,72355.0,1803.0,home,leisure
31274_2022-11-27,5.0,mpt,77178.0,78948.0,1770.0,leisure,home
31070_2022-09-29,0.0,mpt,41042.0,41606.0,564.0,home,education
31070_2022-09-29,1.0,mpt,56254.0,56976.0,722.0,education,home
31070_2022-09-29,2.0,mpt,61166.0,62397.0,1231.0,home,home
31070_2022-09-29,3.0,mpt,71092.0,72421.0,1329.0,home,home
30875_2022-08-26,0.0,bike,60413.0,61920.0,1507.0,home,leisure
30875_2022-08-26,1.0,bike,72236.0,73876.0,1640.0,leisure,home
30541_2022-09-13,0.0,pt,51652.0,53917.0,2265.0,home,other
30541_2022-09-13,1.0,walk,57541.0,58325.0,784.0,other,leisure
30541_2022-09-13,2.0,pt,61433.0,63884.0,2451.0,leisure,home
30045_2022-10-28,0.0,bike,26201.0,26456.0,255.0,home,home
30045_2022-10-28,1.0,bike,31924.0,32256.0,332.0,home,home
31022_2022-08-30,0.0,walk,49763.0,50137.0,374.0,home,other
31022_2022-08-30,1.0,walk,52444.0,53330.0,886.0,other,home
30413_2022-10-30,0.0,mpt,31390.0,32561.0,1171.0,home,other
30413_2022-10-30,1.0,walk,33868.0,34901.0,1033.0,other,other
30413_2022-10-30,2.0,walk,35280.0,35427.0,147.0,other,leisure
30413_2022-10-30,3.0,walk,39740.0,40784.0,1044.0,leisure,leisure
30413_2022-10-30,4.0,mpt,41692.0,46887.0,5195.0,leisure,leisure
30413_2022-10-30,5.0,mpt,49418.0,54438.0,5020.0,leisure,home
30413_2022-10-30,6.0,mpt,59342.0,59865.0,523.0,home,leisure
30413_2022-10-30,7.0,mpt,66714.0,67280.0,566.0,leisure,home
30413_2022-10-30,8.0,walk,69938.0,70318.0,380.0,home,home
30341_2022-09-22,0.0,pt,28706.0,28878.0,172.0,home,other
30341_2022-09-22,1.0,pt,29791.0,31244.0,1453.0,other,home
30148_2023-01-14,0.0,mpt,49953.0,50386.0,433.0,home,shop
30148_2023-01-14,1.0,mpt,51719.0,52153.0,434.0,shop,home
30148_2023-01-14,2.0,pt,53845.0,55035.0,1190.0,home,shop
30148_2023-01-14,3.0,walk,58840.0,59174.0,334.0,shop,other
30148_2023-01-14,4.0,pt,63554.0,65006.0,1452.0,other,home
30049_2022-12-14,0.0,walk,25598.0,26478.0,880.0,home,other
30049_2022-12-14,1.0,walk,28428.0,29095.0,667.0,other,leisure
30049_2022-12-14,2.0,other,30804.0,31472.0,668.0,leisure,leisure
30049_2022-12-14,3.0,other,31884.0,36758.0,4874.0,leisure,leisure
30049_2022-12-14,4.0,mpt,37231.0,37561.0,330.0,leisure,leisure
30049_2022-12-14,5.0,walk,39612.0,39818.0,206.0,leisure,leisure
30049_2022-12-14,6.0,walk,44104.0,44747.0,643.0,leisure,home
30174_2022-08-29,0.0,pt,29324.0,35822.0,6498.0,home,leisure
30174_2022-08-29,1.0,bike,36501.0,39443.0,2942.0,leisure,home
30174_2022-08-29,2.0,bike,42546.0,47592.0,5046.0,home,leisure
30174_2022-08-29,3.0,pt,50185.0,57315.0,7130.0,leisure,home
30938_2022-08-17,0.0,walk,23813.0,24445.0,632.0,home,education
30938_2022-08-17,1.0,walk,25491.0,25528.0,37.0,education,education
30938_2022-08-17,2.0,walk,29831.0,29929.0,98.0,education,education
30938_2022-08-17,3.0,walk,52676.0,52737.0,61.0,education,education
30938_2022-08-17,4.0,walk,57628.0,58984.0,1356.0,education,home
30938_2022-08-17,5.0,walk,69314.0,69605.0,291.0,home,home
30938_2022-08-17,6.0,walk,79706.0,80355.0,649.0,home,home
30028_2022-11-08,0.0,pt,59941.0,60727.0,786.0,home,education
30028_2022-11-08,1.0,walk,72962.0,74176.0,1214.0,education,home
30068_2022-12-16,0.0,mpt,39906.0,40566.0,660.0,home,shop
30068_2022-12-16,1.0,mpt,41845.0,42555.0,710.0,shop,shop
30068_2022-12-16,2.0,mpt,43468.0,43939.0,471.0,shop,home
30969_2022-11-06,0.0,mpt,32208.0,35132.0,2924.0,home,leisure
30969_2022-11-06,1.0,mpt,40257.0,41924.0,1667.0,leisure,leisure
30969_2022-11-06,2.0,mpt,42489.0,43267.0,778.0,leisure,home
30969_2022-11-06,3.0,mpt,46289.0,51400.0,5111.0,home,home
30339_2022-12-23,0.0,mpt,30864.0,31283.0,419.0,home,shop
30339_2022-12-23,1.0,mpt,34451.0,34786.0,335.0,shop,home
30339_2022-12-23,2.0,mpt,38289.0,39674.0,1385.0,home,leisure
30339_2022-12-23,3.0,mpt,48299.0,48853.0,554.0,leisure,other
30339_2022-12-23,4.0,mpt,49839.0,50879.0,1040.0,other,home
30339_2022-12-23,5.0,mpt,62936.0,63811.0,875.0,home,leisure
30339_2022-12-23,6.0,mpt,71049.0,71460.0,411.0,leisure,home
30235_2022-12-02,0.0,walk,20852.0,21784.0,932.0,home,home
30235_2022-12-02,1.0,walk,22475.0,22534.0,59.0,home,leisure
30235_2022-12-02,2.0,mpt,23027.0,23797.0,770.0,leisure,home
30235_2022-12-02,3.0,walk,38040.0,38247.0,207.0,home,home
30235_2022-12-02,4.0,walk,38688.0,40378.0,1690.0,home,other
30235_2022-12-02,5.0,mpt,41327.0,42977.0,1650.0,other,education
30235_2022-12-02,6.0,mpt,60745.0,61790.0,1045.0,education,home
30235_2022-12-02,7.0,walk,63526.0,63675.0,149.0,home,home
30235_2022-12-02,8.0,walk,64067.0,64209.0,142.0,home,home
30252_2023-01-06,0.0,mpt,16504.0,18198.0,1694.0,home,home
30252_2023-01-06,1.0,pt,19328.0,19399.0,71.0,home,home
30252_2023-01-06,2.0,pt,20488.0,20985.0,497.0,home,home
30252_2023-01-06,3.0,mpt,44894.0,45280.0,386.0,home,home
30252_2023-01-06,4.0,pt,57124.0,57203.0,79.0,home,leisure
30252_2023-01-06,5.0,pt,57899.0,58100.0,201.0,leisure,home
30252_2023-01-06,6.0,pt,60427.0,60549.0,122.0,home,leisure
30252_2023-01-06,7.0,mpt,61594.0,63010.0,1416.0,leisure,home
30252_2023-01-06,8.0,mpt,68424.0,69451.0,1027.0,home,leisure
30252_2023-01-06,9.0,pt,76130.0,76386.0,256.0,leisure,leisure
30252_2023-01-06,10.0,mpt,83498.0,84646.0,1148.0,leisure,home
30303_2022-10-31,0.0,mpt,20585.0,23192.0,2607.0,home,home
30303_2022-10-31,1.0,walk,54477.0,54721.0,244.0,home,home
30303_2022-10-31,2.0,mpt,57337.0,58460.0,1123.0,home,home
30303_2022-10-31,3.0,mpt,64548.0,65165.0,617.0,home,home
30760_2022-11-21,0.0,pt,46603.0,49011.0,2408.0,home,education
30760_2022-11-21,1.0,walk,56173.0,56444.0,271.0,education,education
30760_2022-11-21,2.0,pt,66154.0,69093.0,2939.0,education,home
31101_2022-11-07,0.0,walk,68111.0,71092.0,2981.0,home,home
30281_2022-11-22,0.0,pt,20406.0,25655.0,5249.0,home,work
30281_2022-11-22,1.0,pt,57058.0,59336.0,2278.0,work,home
31127_2022-10-25,0.0,bike,46462.0,46974.0,512.0,home,other
31127_2022-10-25,1.0,bike,49927.0,50959.0,1032.0,other,home
31127_2022-10-25,2.0,bike,58460.0,60140.0,1680.0,home,leisure
31127_2022-10-25,3.0,bike,71073.0,72466.0,1393.0,leisure,home
30382_2022-09-08,0.0,mpt,30138.0,30650.0,512.0,home,home
30382_2022-09-08,1.0,walk,38331.0,38640.0,309.0,home,home
30830_2022-12-08,0.0,walk,44104.0,47008.0,2904.0,home,home
30830_2022-12-08,1.0,mpt,61332.0,62663.0,1331.0,home,leisure
30830_2022-12-08,2.0,mpt,69795.0,70735.0,940.0,leisure,home
30099_2022-08-30,0.0,bike,21200.0,21448.0,248.0,home,leisure
30099_2022-08-30,1.0,walk,25584.0,26321.0,737.0,leisure,home
30099_2022-08-30,2.0,bike,29904.0,31255.0,1351.0,home,work
30099_2022-08-30,3.0,bike,55536.0,56742.0,1206.0,work,home
30339_2022-12-22,0.0,pt,42154.0,43571.0,1417.0,home,other
30339_2022-12-22,1.0,pt,44107.0,44758.0,651.0,other,leisure
30339_2022-12-22,2.0,pt,56771.0,59120.0,2349.0,leisure,home
30053_2022-11-04,0.0,mpt,42112.0,46653.0,4541.0,home,other
30053_2022-11-04,1.0,walk,47037.0,47290.0,253.0,other,other
30053_2022-11-04,2.0,mpt,51043.0,54230.0,3187.0,other,shop
30053_2022-11-04,3.0,mpt,57790.0,58395.0,605.0,shop,shop
30053_2022-11-04,4.0,mpt,61446.0,63282.0,1836.0,shop,other
30053_2022-11-04,5.0,mpt,63933.0,65209.0,1276.0,other,home
30889_2022-10-29,0.0,mpt,47702.0,48459.0,757.0,home,home
30889_2022-10-29,1.0,bike,53342.0,53793.0,451.0,home,work
30889_2022-10-29,2.0,walk,63256.0,64051.0,795.0,work,leisure
30889_2022-10-29,3.0,walk,74893.0,75706.0,813.0,leisure,home
30045_2022-10-19,0.0,mpt,45971.0,46989.0,1018.0,home,leisure
30045_2022-10-19,1.0,mpt,51496.0,52926.0,1430.0,leisure,home
30706_2022-10-18,0.0,bike,19721.0,19809.0,88.0,home,education
30706_2022-10-18,1.0,walk,25358.0,25898.0,540.0,education,education
30706_2022-10-18,2.0,walk,29505.0,29861.0,356.0,education,leisure
30706_2022-10-18,3.0,walk,30645.0,31214.0,569.0,leisure,education
30706_2022-10-18,4.0,bike,36648.0,37098.0,450.0,education,home
30706_2022-10-18,5.0,walk,48667.0,50726.0,2059.0,home,work
30706_2022-10-18,6.0,walk,57796.0,58024.0,228.0,work,home
31071_2022-10-31,0.0,mpt,32189.0,33926.0,1737.0,home,other
31071_2022-10-31,1.0,mpt,34443.0,35652.0,1209.0,other,other
31071_2022-10-31,2.0,mpt,36182.0,38713.0,2531.0,other,home
31071_2022-10-31,3.0,walk,51079.0,51346.0,267.0,home,home
30916_2022-09-28,0.0,mpt,39265.0,40930.0,1665.0,home,education
30916_2022-09-28,1.0,mpt,52725.0,54512.0,1787.0,education,home
30736_2022-12-16,0.0,pt,39082.0,40022.0,940.0,home,education
30736_2022-12-16,1.0,pt,60137.0,61607.0,1470.0,education,home
30538_2022-11-08,0.0,pt,26325.0,26851.0,526.0,home,other
30538_2022-11-08,1.0,walk,27899.0,28052.0,153.0,other,other
30538_2022-11-08,2.0,walk,28562.0,29124.0,562.0,other,home
30538_2022-11-08,3.0,walk,69735.0,70381.0,646.0,home,leisure
30538_2022-11-08,4.0,mpt,74511.0,76516.0,2005.0,leisure,home
30898_2022-12-28,0.0,pt,27037.0,27611.0,574.0,home,home
30898_2022-12-28,1.0,walk,41128.0,41243.0,115.0,home,home
30898_2022-12-28,2.0,walk,43640.0,44412.0,772.0,home,leisure
30898_2022-12-28,3.0,walk,45861.0,46625.0,764.0,leisure,home
30386_2022-12-09,0.0,bike,29309.0,29506.0,197.0,home,other
30386_2022-12-09,1.0,mpt,30334.0,30508.0,174.0,other,home
30386_2022-12-09,2.0,mpt,59362.0,59518.0,156.0,home,home
31071_2022-10-19,0.0,walk,39559.0,39708.0,149.0,home,home
31071_2022-10-19,1.0,walk,40070.0,40346.0,276.0,home,home
31044_2022-11-25,0.0,mpt,24441.0,25291.0,850.0,home,education
31044_2022-11-25,1.0,mpt,53299.0,53608.0,309.0,education,shop
31044_2022-11-25,2.0,mpt,53935.0,55855.0,1920.0,shop,home
30303_2022-10-27,0.0,mpt,18392.0,19066.0,674.0,home,education
30303_2022-10-27,1.0,mpt,32610.0,33418.0,808.0,education,leisure
30303_2022-10-27,2.0,mpt,33809.0,34742.0,933.0,leisure,leisure
30303_2022-10-27,3.0,mpt,41891.0,42942.0,1051.0,leisure,home
30303_2022-10-27,4.0,walk,57241.0,57515.0,274.0,home,home
30997_2022-12-08,0.0,bike,24135.0,24830.0,695.0,other,education
30997_2022-12-08,1.0,walk,40880.0,41507.0,627.0,education,leisure
30997_2022-12-08,2.0,walk,44033.0,44259.0,226.0,leisure,work
30997_2022-12-08,3.0,bike,61961.0,62716.0,755.0,work,home
30567_2022-12-08,0.0,mpt,46636.0,47019.0,383.0,home,shop
30567_2022-12-08,1.0,mpt,47770.0,48498.0,728.0,shop,shop
30567_2022-12-08,2.0,mpt,48954.0,49424.0,470.0,shop,home
30567_2022-12-08,3.0,mpt,59293.0,59906.0,613.0,home,leisure
30567_2022-12-08,4.0,mpt,63997.0,64606.0,609.0,leisure,home
30567_2022-12-08,5.0,walk,67350.0,67409.0,59.0,home,home
30567_2022-12-08,6.0,walk,69877.0,69925.0,48.0,home,home
30323_2023-01-13,0.0,mpt,66770.0,67610.0,840.0,home,home
30323_2023-01-13,1.0,walk,80406.0,80556.0,150.0,home,leisure
30323_2023-01-13,2.0,mpt,83529.0,84280.0,751.0,leisure,home
30633_2022-11-22,0.0,walk,24863.0,25801.0,938.0,home,leisure
30633_2022-11-22,1.0,walk,26248.0,26882.0,634.0,leisure,home
30633_2022-11-22,2.0,walk,37815.0,38236.0,421.0,home,other
30633_2022-11-22,3.0,walk,39512.0,40105.0,593.0,other,home
30633_2022-11-22,4.0,walk,44719.0,46721.0,2002.0,home,home
30633_2022-11-22,5.0,walk,50412.0,51072.0,660.0,home,other
30633_2022-11-22,6.0,walk,51497.0,52810.0,1313.0,other,home
30620_2022-08-31,0.0,other,29514.0,29591.0,77.0,home,home
30620_2022-08-31,1.0,mpt,35855.0,36704.0,849.0,home,education
30620_2022-08-31,2.0,mpt,44314.0,44813.0,499.0,education,other
30620_2022-08-31,3.0,mpt,48526.0,49423.0,897.0,other,education
30620_2022-08-31,4.0,mpt,56120.0,58036.0,1916.0,education,home
30620_2022-08-31,5.0,mpt,59457.0,59547.0,90.0,home,leisure
30620_2022-08-31,6.0,mpt,60813.0,62822.0,2009.0,leisure,leisure
30620_2022-08-31,7.0,walk,71159.0,71354.0,195.0,leisure,leisure
30620_2022-08-31,8.0,mpt,75088.0,78144.0,3056.0,leisure,home
30185_2022-12-06,0.0,walk,16112.0,16518.0,406.0,home,home
30185_2022-12-06,1.0,mpt,17928.0,19519.0,1591.0,home,home
30185_2022-12-06,2.0,mpt,56825.0,57483.0,658.0,home,other
30185_2022-12-06,3.0,mpt,58860.0,60841.0,1981.0,other,home
30185_2022-12-06,4.0,mpt,61388.0,62529.0,1141.0,home,home
30848_2022-11-01,0.0,mpt,36990.0,37763.0,773.0,home,other
30848_2022-11-01,1.0,mpt,38275.0,39306.0,1031.0,other,home
30848_2022-11-01,2.0,mpt,43267.0,43386.0,119.0,home,home
30848_2022-11-01,3.0,walk,56613.0,59975.0,3362.0,home,leisure
30848_2022-11-01,4.0,mpt,61601.0,62022.0,421.0,leisure,home
30670_2022-12-07,0.0,pt,19918.0,21804.0,1886.0,home,education
30670_2022-12-07,1.0,pt,39586.0,42689.0,3103.0,education,home
30670_2022-12-07,2.0,pt,61145.0,62798.0,1653.0,home,leisure
30670_2022-12-07,3.0,pt,72844.0,73525.0,681.0,leisure,other
30670_2022-12-07,4.0,pt,73921.0,74892.0,971.0,other,home
30149_2022-10-04,0.0,pt,20112.0,21865.0,1753.0,home,other
30149_2022-10-04,1.0,pt,22229.0,23333.0,1104.0,other,education
30149_2022-10-04,2.0,bike,34095.0,34255.0,160.0,education,work
30149_2022-10-04,3.0,pt,54055.0,54333.0,278.0,work,other
30149_2022-10-04,4.0,pt,54644.0,55185.0,541.0,other,other
30149_2022-10-04,5.0,pt,55879.0,56754.0,875.0,other,home
30149_2022-10-04,6.0,bike,61858.0,62129.0,271.0,home,home
30149_2022-10-04,7.0,bike,77619.0,77850.0,231.0,home,home
31248_2022-11-23,0.0,walk,28810.0,28933.0,123.0,home,home
31196_2022-11-14,0.0,mpt,46926.0,48121.0,1195.0,home,shop
31196_2022-11-14,1.0,walk,49784.0,50039.0,255.0,shop,shop
31196_2022-11-14,2.0,mpt,51709.0,52312.0,603.0,shop,shop
31196_2022-11-14,3.0,mpt,53962.0,54109.0,147.0,shop,home
31196_2022-11-14,4.0,walk,60062.0,60612.0,550.0,home,home
31005_2022-11-27,0.0,walk,23521.0,24630.0,1109.0,home,home
31005_2022-11-27,1.0,walk,35447.0,35478.0,31.0,home,other
31005_2022-11-27,2.0,mpt,36478.0,38184.0,1706.0,other,leisure
31005_2022-11-27,3.0,mpt,56631.0,58524.0,1893.0,leisure,other
31005_2022-11-27,4.0,mpt,58929.0,59796.0,867.0,other,home
30592_2022-11-02,0.0,mpt,23235.0,23878.0,643.0,other,education
30592_2022-11-02,1.0,mpt,44895.0,45861.0,966.0,education,home
30916_2022-09-26,0.0,walk,31528.0,33050.0,1522.0,home,home
30028_2022-10-28,0.0,mpt,21686.0,22358.0,672.0,home,home
30028_2022-10-28,1.0,pt,40603.0,41631.0,1028.0,home,leisure
30028_2022-10-28,2.0,pt,43494.0,44829.0,1335.0,leisure,leisure
30028_2022-10-28,3.0,pt,51238.0,60798.0,9560.0,leisure,leisure
30028_2022-10-28,4.0,other,73720.0,73911.0,191.0,leisure,home
30200_2022-08-16,0.0,walk,22460.0,24134.0,1674.0,home,work
30200_2022-08-16,1.0,walk,54975.0,56877.0,1902.0,work,home
30530_2022-09-14,0.0,pt,18130.0,23762.0,5632.0,home,other
30530_2022-09-14,1.0,pt,24164.0,24596.0,432.0,other,education
30530_2022-09-14,2.0,walk,25730.0,25935.0,205.0,education,education
30530_2022-09-14,3.0,pt,59588.0,65124.0,5536.0,education,other
30530_2022-09-14,4.0,pt,65553.0,66681.0,1128.0,other,home
30252_2023-01-14,0.0,mpt,23295.0,24493.0,1198.0,home,home
30252_2023-01-14,1.0,mpt,38461.0,41166.0,2705.0,home,home
30252_2023-01-14,2.0,mpt,41772.0,45114.0,3342.0,home,leisure
30252_2023-01-14,3.0,walk,52202.0,52535.0,333.0,leisure,education
30252_2023-01-14,4.0,mpt,58131.0,58998.0,867.0,education,other
30252_2023-01-14,5.0,mpt,59638.0,61978.0,2340.0,other,shop
30252_2023-01-14,6.0,mpt,63498.0,64391.0,893.0,shop,home
30252_2023-01-14,7.0,mpt,73084.0,74169.0,1085.0,home,home
30252_2023-01-14,8.0,mpt,75278.0,76739.0,1461.0,home,home
31308_2022-08-31,0.0,walk,17756.0,17935.0,179.0,home,home
31308_2022-08-31,1.0,walk,35389.0,36334.0,945.0,home,home
31308_2022-08-31,2.0,walk,50133.0,51124.0,991.0,home,home
31308_2022-08-31,3.0,walk,58032.0,59269.0,1237.0,home,home
31308_2022-08-31,4.0,walk,73761.0,74388.0,627.0,home,home
31274_2022-12-19,0.0,walk,60565.0,61967.0,1402.0,home,leisure
31274_2022-12-19,1.0,walk,63391.0,66454.0,3063.0,leisure,leisure
31274_2022-12-19,2.0,walk,67705.0,68655.0,950.0,leisure,home
31274_2022-12-19,3.0,walk,69425.0,70659.0,1234.0,home,home
30695_2022-11-03,0.0,pt,16753.0,16999.0,246.0,home,other
30695_2022-11-03,1.0,pt,17393.0,19334.0,1941.0,other,work
30695_2022-11-03,2.0,pt,59755.0,61953.0,2198.0,work,home
31284_2022-09-08,0.0,mpt,22486.0,23060.0,574.0,home,home
31284_2022-09-08,1.0,mpt,26023.0,27501.0,1478.0,home,education
31284_2022-09-08,2.0,mpt,40933.0,41448.0,515.0,education,shop
31284_2022-09-08,3.0,mpt,43119.0,43888.0,769.0,shop,education
31284_2022-09-08,4.0,mpt,49078.0,49234.0,156.0,education,home
30782_2022-12-01,0.0,walk,22051.0,25276.0,3225.0,home,other
30782_2022-12-01,1.0,walk,25693.0,26942.0,1249.0,other,home
30782_2022-12-01,2.0,bike,60574.0,60882.0,308.0,home,shop
30782_2022-12-01,3.0,bike,61612.0,61909.0,297.0,shop,home
30704_2022-11-22,0.0,mpt,27335.0,28836.0,1501.0,home,other
30704_2022-11-22,1.0,mpt,31075.0,32597.0,1522.0,other,home
30704_2022-11-22,2.0,walk,33426.0,35897.0,2471.0,home,home
30704_2022-11-22,3.0,mpt,61182.0,63521.0,2339.0,home,leisure
30704_2022-11-22,4.0,mpt,77175.0,79922.0,2747.0,leisure,home
31302_2022-12-02,0.0,bike,21480.0,21779.0,299.0,home,home
31302_2022-12-02,1.0,bike,51340.0,51754.0,414.0,home,education
31302_2022-12-02,2.0,bike,54874.0,55156.0,282.0,education,home
31085_2022-10-08,0.0,mpt,23899.0,25017.0,1118.0,home,education
31085_2022-10-08,1.0,mpt,25623.0,28236.0,2613.0,education,education
31085_2022-10-08,2.0,walk,28763.0,29050.0,287.0,education,education
31085_2022-10-08,3.0,mpt,45427.0,46832.0,1405.0,education,home
31085_2022-10-08,4.0,mpt,56033.0,58439.0,2406.0,home,leisure
31085_2022-10-08,5.0,mpt,75202.0,77482.0,2280.0,leisure,home
30080_2022-08-21,0.0,walk,41679.0,41936.0,257.0,home,leisure
30080_2022-08-21,1.0,walk,43810.0,44664.0,854.0,leisure,leisure
30080_2022-08-21,2.0,walk,55294.0,55787.0,493.0,leisure,home
30077_2022-11-17,0.0,mpt,26980.0,27880.0,900.0,home,other
30077_2022-11-17,1.0,mpt,28185.0,29150.0,965.0,other,home
30077_2022-11-17,2.0,mpt,32764.0,33804.0,1040.0,home,home
30769_2022-10-14,0.0,mpt,41458.0,42425.0,967.0,home,home
30769_2022-10-14,1.0,mpt,46778.0,48008.0,1230.0,home,home
30769_2022-10-14,2.0,mpt,56656.0,58508.0,1852.0,home,home
31306_2022-12-06,0.0,mpt,29616.0,38786.0,9170.0,home,leisure
31306_2022-12-06,1.0,mpt,45392.0,54491.0,9099.0,leisure,home
31085_2022-10-05,0.0,mpt,27062.0,27275.0,213.0,home,education
31085_2022-10-05,1.0,mpt,27834.0,28697.0,863.0,education,education
31085_2022-10-05,2.0,mpt,46285.0,47428.0,1143.0,education,education
31085_2022-10-05,3.0,mpt,47923.0,48523.0,600.0,education,education
31085_2022-10-05,4.0,mpt,50060.0,51130.0,1070.0,education,education
31085_2022-10-05,5.0,mpt,58714.0,59840.0,1126.0,education,other
31085_2022-10-05,6.0,mpt,60350.0,60556.0,206.0,other,leisure
31085_2022-10-05,7.0,mpt,67118.0,67374.0,256.0,leisure,home
30294_2023-01-12,0.0,pt,19556.0,20293.0,737.0,home,other
30294_2023-01-12,1.0,pt,20790.0,22263.0,1473.0,other,education
30294_2023-01-12,2.0,walk,35737.0,35881.0,144.0,education,education
30294_2023-01-12,3.0,walk,38359.0,38782.0,423.0,education,work
30294_2023-01-12,4.0,pt,55230.0,58255.0,3025.0,work,other
30294_2023-01-12,5.0,walk,58835.0,59646.0,811.0,other,home
30297_2022-12-19,0.0,walk,50314.0,52058.0,1744.0,home,home
30008_2022-12-11,0.0,mpt,56312.0,57151.0,839.0,home,leisure
30008_2022-12-11,1.0,mpt,59227.0,61124.0,1897.0,leisure,leisure
30008_2022-12-11,2.0,mpt,66049.0,66726.0,677.0,leisure,home
30028_2022-11-16,0.0,pt,22487.0,25330.0,2843.0,home,work
30028_2022-11-16,1.0,pt,57654.0,61077.0,3423.0,work,home
30396_2022-09-12,0.0,walk,22327.0,22905.0,578.0,home,home
30176_2022-09-30,0.0,mpt,53052.0,55569.0,2517.0,home,other
30176_2022-09-30,1.0,mpt,57767.0,60371.0,2604.0,other,home
31302_2022-11-29,0.0,mpt,24035.0,24110.0,75.0,home,education
31302_2022-11-29,1.0,mpt,31264.0,31939.0,675.0,education,other
31302_2022-11-29,2.0,mpt,34837.0,36266.0,1429.0,other,home
31302_2022-11-29,3.0,bike,54492.0,54917.0,425.0,home,home
31302_2022-11-29,4.0,walk,56953.0,57345.0,392.0,home,shop
31302_2022-11-29,5.0,walk,58675.0,58822.0,147.0,shop,home
30118_2022-11-16,0.0,mpt,39972.0,42223.0,2251.0,home,leisure
30118_2022-11-16,1.0,mpt,45311.0,46712.0,1401.0,leisure,shop
30118_2022-11-16,2.0,mpt,53378.0,54941.0,1563.0,shop,home
30211_2022-11-08,0.0,mpt,23509.0,25799.0,2290.0,home,education
30211_2022-11-08,1.0,mpt,26945.0,31571.0,4626.0,education,education
30211_2022-11-08,2.0,mpt,35338.0,40930.0,5592.0,education,home
30211_2022-11-08,3.0,walk,42516.0,47361.0,4845.0,home,home
30830_2022-11-29,0.0,pt,19200.0,20138.0,938.0,home,education
30830_2022-11-29,1.0,walk,40007.0,40847.0,840.0,education,education
30830_2022-11-29,2.0,pt,48878.0,50215.0,1337.0,education,home
31274_2022-12-14,0.0,walk,39266.0,39676.0,410.0,home,home
31274_2022-12-14,1.0,walk,45070.0,45766.0,696.0,home,home
31274_2022-12-14,2.0,walk,52900.0,53768.0,868.0,home,home
31274_2022-12-14,3.0,walk,80372.0,81325.0,953.0,home,leisure
31274_2022-12-14,4.0,walk,84445.0,85254.0,809.0,leisure,home
30838_2022-11-30,0.0,pt,29841.0,31115.0,1274.0,home,education
30838_2022-11-30,1.0,walk,43794.0,44032.0,238.0,education,education
30838_2022-11-30,2.0,walk,61531.0,63211.0,1680.0,education,home
30670_2022-12-27,0.0,pt,66372.0,67659.0,1287.0,home,leisure
30670_2022-12-27,1.0,pt,76237.0,77386.0,1149.0,leisure,home
30544_2022-11-11,0.0,walk,60973.0,61884.0,911.0,home,shop
30544_2022-11-11,1.0,walk,63268.0,64095.0,827.0,shop,home
30013_2022-11-10,0.0,mpt,48345.0,50003.0,1658.0,home,shop
30013_2022-11-10,1.0,mpt,51024.0,51419.0,395.0,shop,shop
30013_2022-11-10,2.0,mpt,52433.0,52849.0,416.0,shop,other
30013_2022-11-10,3.0,mpt,54208.0,55334.0,1126.0,other,shop
30013_2022-11-10,4.0,mpt,55798.0,56926.0,1128.0,shop,home
30980_2022-11-13,0.0,mpt,30836.0,31172.0,336.0,home,other
30980_2022-11-13,1.0,mpt,40671.0,41448.0,777.0,other,home
30980_2022-11-13,2.0,mpt,52560.0,54680.0,2120.0,home,leisure
30980_2022-11-13,3.0,mpt,64259.0,65593.0,1334.0,leisure,leisure
30980_2022-11-13,4.0,mpt,71906.0,73859.0,1953.0,leisure,home
30948_2023-01-04,0.0,mpt,19528.0,20288.0,760.0,home,education
30948_2023-01-04,1.0,walk,24815.0,25246.0,431.0,education,education
30948_2023-01-04,2.0,walk,30351.0,30446.0,95.0,education,work
30948_2023-01-04,3.0,mpt,56112.0,57141.0,1029.0,work,home
30948_2023-01-04,4.0,mpt,61863.0,62463.0,600.0,home,work
30948_2023-01-04,5.0,mpt,74426.0,75063.0,637.0,work,home
30728_2022-12-01,0.0,mpt,46932.0,47290.0,358.0,home,home
30728_2022-12-01,1.0,mpt,48644.0,48833.0,189.0,home,home
30728_2022-12-01,2.0,walk,63812.0,64280.0,468.0,home,shop
30728_2022-12-01,3.0,mpt,65272.0,65767.0,495.0,shop,shop
30728_2022-12-01,4.0,mpt,68268.0,68688.0,420.0,shop,home
30997_2022-12-09,0.0,bike,25074.0,26660.0,1586.0,home,education
30997_2022-12-09,1.0,bike,31999.0,32528.0,529.0,education,leisure
30997_2022-12-09,2.0,bike,35226.0,36284.0,1058.0,leisure,education
30997_2022-12-09,3.0,walk,40770.0,41192.0,422.0,education,shop
30997_2022-12-09,4.0,walk,41513.0,41596.0,83.0,shop,education
30997_2022-12-09,5.0,bike,58531.0,59812.0,1281.0,education,home
30211_2022-11-15,0.0,walk,53598.0,58554.0,4956.0,home,home
30211_2022-11-15,1.0,mpt,60193.0,60401.0,208.0,home,shop
30211_2022-11-15,2.0,pt,61359.0,61689.0,330.0,shop,home
30211_2022-11-15,3.0,mpt,67954.0,68450.0,496.0,home,home
30796_2022-12-05,0.0,walk,50416.0,51105.0,689.0,home,home
30349_2022-10-23,0.0,walk,31944.0,32089.0,145.0,home,leisure
30349_2022-10-23,1.0,mpt,38256.0,38622.0,366.0,leisure,home
31166_2022-11-25,0.0,walk,66435.0,66837.0,402.0,home,leisure
31166_2022-11-25,1.0,walk,73623.0,73700.0,77.0,leisure,leisure
31166_2022-11-25,2.0,walk,75585.0,76091.0,506.0,leisure,home
31234_2022-09-17,0.0,mpt,40186.0,40398.0,212.0,home,shop
31234_2022-09-17,1.0,mpt,43069.0,43287.0,218.0,shop,home
31145_2022-11-26,0.0,pt,32083.0,36405.0,4322.0,home,other
31145_2022-11-26,1.0,pt,36864.0,38027.0,1163.0,other,home
31145_2022-11-26,2.0,walk,42121.0,43088.0,967.0,home,home
31145_2022-11-26,3.0,walk,52711.0,53054.0,343.0,home,shop
31145_2022-11-26,4.0,walk,54811.0,54863.0,52.0,shop,other
31145_2022-11-26,5.0,walk,55230.0,55366.0,136.0,other,home
31014_2022-11-20,0.0,pt,51804.0,57758.0,5954.0,home,leisure
31014_2022-11-20,1.0,walk,66677.0,67465.0,788.0,leisure,other
31014_2022-11-20,2.0,mpt,67891.0,68686.0,795.0,other,leisure
31014_2022-11-20,3.0,pt,74125.0,75102.0,977.0,leisure,other
31014_2022-11-20,4.0,pt,75523.0,77453.0,1930.0,other,home
30467_2022-08-09,0.0,bike,21019.0,21559.0,540.0,home,education
30467_2022-08-09,1.0,walk,35329.0,35650.0,321.0,education,home
30467_2022-08-09,2.0,walk,38343.0,38532.0,189.0,home,leisure
30467_2022-08-09,3.0,walk,39463.0,39926.0,463.0,leisure,education
30467_2022-08-09,4.0,bike,45512.0,45978.0,466.0,education,work
30467_2022-08-09,5.0,mpt,49247.0,50074.0,827.0,work,shop
30467_2022-08-09,6.0,mpt,50578.0,51178.0,600.0,shop,work
30467_2022-08-09,7.0,walk,63609.0,63692.0,83.0,work,other
30467_2022-08-09,8.0,mpt,69684.0,70841.0,1157.0,other,home
30008_2022-11-29,0.0,walk,36723.0,37065.0,342.0,home,education
30008_2022-11-29,1.0,bike,37439.0,38799.0,1360.0,education,work
30008_2022-11-29,2.0,bike,62018.0,65967.0,3949.0,work,home
30250_2022-11-22,0.0,mpt,18927.0,19438.0,511.0,education,education
30250_2022-11-22,1.0,mpt,23123.0,24015.0,892.0,education,leisure
30250_2022-11-22,2.0,mpt,35369.0,36400.0,1031.0,leisure,education
30250_2022-11-22,3.0,mpt,40936.0,40978.0,42.0,education,education
30250_2022-11-22,4.0,mpt,45084.0,45606.0,522.0,education,education
30250_2022-11-22,5.0,mpt,53173.0,53848.0,675.0,education,home
30250_2022-11-22,6.0,mpt,54269.0,56084.0,1815.0,home,leisure
30250_2022-11-22,7.0,mpt,58041.0,59814.0,1773.0,leisure,home
30250_2022-11-22,8.0,walk,61252.0,61643.0,391.0,home,home
30403_2022-12-10,0.0,mpt,28719.0,29253.0,534.0,home,education
30403_2022-12-10,1.0,walk,29686.0,31152.0,1466.0,education,education
30403_2022-12-10,2.0,mpt,38038.0,38822.0,784.0,education,home
30989_2022-12-09,0.0,walk,56647.0,56984.0,337.0,home,home
30989_2022-12-09,1.0,mpt,83434.0,84548.0,1114.0,home,shop
30989_2022-12-09,2.0,mpt,85014.0,86304.0,1290.0,shop,leisure
30490_2022-11-04,0.0,walk,25808.0,26363.0,555.0,home,home
30490_2022-11-04,1.0,walk,38549.0,39363.0,814.0,home,home
30490_2022-11-04,2.0,walk,65604.0,66239.0,635.0,home,shop
30490_2022-11-04,3.0,walk,66639.0,67596.0,957.0,shop,home
31288_2022-12-29,0.0,mpt,37464.0,38044.0,580.0,home,shop
31288_2022-12-29,1.0,mpt,40041.0,41064.0,1023.0,shop,home
31288_2022-12-29,2.0,mpt,52833.0,59287.0,6454.0,home,home
30346_2022-12-23,0.0,pt,29322.0,30714.0,1392.0,home,education
30346_2022-12-23,1.0,pt,37756.0,38304.0,548.0,education,shop
30346_2022-12-23,2.0,pt,40017.0,40763.0,746.0,shop,home
30346_2022-12-23,3.0,pt,47841.0,49228.0,1387.0,home,education
30346_2022-12-23,4.0,pt,80861.0,82727.0,1866.0,education,home
30294_2023-01-04,0.0,walk,51581.0,54204.0,2623.0,home,home
30677_2022-11-10,0.0,mpt,44203.0,44747.0,544.0,home,education
30677_2022-11-10,1.0,mpt,55347.0,55691.0,344.0,education,home
30677_2022-11-10,2.0,mpt,67848.0,68333.0,485.0,home,leisure
30677_2022-11-10,3.0,mpt,75942.0,76068.0,126.0,leisure,leisure
30677_2022-11-10,4.0,mpt,80238.0,81309.0,1071.0,leisure,home
30134_2023-01-30,0.0,mpt,20688.0,22050.0,1362.0,home,education
30134_2023-01-30,1.0,walk,29306.0,29986.0,680.0,education,education
30134_2023-01-30,2.0,mpt,40001.0,41149.0,1148.0,education,education
30134_2023-01-30,3.0,mpt,53074.0,53750.0,676.0,education,home
30957_2022-08-18,0.0,pt,21116.0,22833.0,1717.0,home,work
30957_2022-08-18,1.0,pt,57539.0,59063.0,1524.0,work,home
30706_2022-11-06,0.0,walk,32016.0,35057.0,3041.0,home,home
30706_2022-11-06,1.0,mpt,42165.0,43111.0,946.0,home,shop
30706_2022-11-06,2.0,walk,43776.0,43974.0,198.0,shop,shop
30706_2022-11-06,3.0,walk,45550.0,47426.0,1876.0,shop,leisure
30706_2022-11-06,4.0,walk,48941.0,49177.0,236.0,leisure,leisure
30706_2022-11-06,5.0,walk,49610.0,50646.0,1036.0,leisure,home
30600_2022-08-02,0.0,walk,37626.0,39426.0,1800.0,home,home
30600_2022-08-02,1.0,walk,62871.0,63305.0,434.0,home,leisure
30600_2022-08-02,2.0,walk,68047.0,68982.0,935.0,leisure,home
30679_2022-11-14,0.0,walk,58322.0,59560.0,1238.0,home,home
30115_2022-09-29,0.0,walk,22362.0,22732.0,370.0,home,other
30115_2022-09-29,1.0,walk,23181.0,23572.0,391.0,other,work
30115_2022-09-29,2.0,walk,54618.0,55605.0,987.0,work,leisure
30115_2022-09-29,3.0,walk,56437.0,57001.0,564.0,leisure,home
30995_2022-12-04,0.0,mpt,34145.0,43592.0,9447.0,home,home
30872_2022-11-29,0.0,mpt,25313.0,26285.0,972.0,home,home
30872_2022-11-29,1.0,walk,32046.0,32760.0,714.0,home,home
30872_2022-11-29,2.0,mpt,37934.0,38833.0,899.0,home,home
30872_2022-11-29,3.0,mpt,44291.0,44889.0,598.0,home,home
30872_2022-11-29,4.0,mpt,54263.0,54528.0,265.0,home,other
30872_2022-11-29,5.0,mpt,55560.0,55737.0,177.0,other,shop
30872_2022-11-29,6.0,mpt,56770.0,57028.0,258.0,shop,home
30115_2022-09-05,0.0,walk,21254.0,21837.0,583.0,home,home
30115_2022-09-05,1.0,bike,22766.0,23877.0,1111.0,home,leisure
30115_2022-09-05,2.0,bike,24491.0,24842.0,351.0,leisure,leisure
30115_2022-09-05,3.0,walk,25215.0,26356.0,1141.0,leisure,leisure
30115_2022-09-05,4.0,walk,27097.0,27558.0,461.0,leisure,leisure
30115_2022-09-05,5.0,walk,29439.0,29629.0,190.0,leisure,leisure
30115_2022-09-05,6.0,walk,32223.0,33022.0,799.0,leisure,leisure
30115_2022-09-05,7.0,bike,33424.0,33705.0,281.0,leisure,home
30115_2022-09-05,8.0,bike,40252.0,41705.0,1453.0,home,education
30115_2022-09-05,9.0,bike,42209.0,44223.0,2014.0,education,home
30115_2022-09-05,10.0,bike,49297.0,50836.0,1539.0,home,leisure
30115_2022-09-05,11.0,walk,51365.0,51582.0,217.0,leisure,home
30115_2022-09-05,12.0,walk,53026.0,53328.0,302.0,home,home
30115_2022-09-05,13.0,bike,56196.0,56494.0,298.0,home,home
30115_2022-09-05,14.0,mpt,57702.0,58727.0,1025.0,home,shop
30115_2022-09-05,15.0,mpt,60210.0,60695.0,485.0,shop,shop
30115_2022-09-05,16.0,mpt,61166.0,61454.0,288.0,shop,home
30115_2022-09-05,17.0,walk,61869.0,62280.0,411.0,home,home
30062_2022-11-09,0.0,mpt,25672.0,26385.0,713.0,home,leisure
30062_2022-11-09,1.0,mpt,32379.0,33306.0,927.0,leisure,home
30062_2022-11-09,2.0,mpt,39978.0,40607.0,629.0,home,shop
30062_2022-11-09,3.0,mpt,41861.0,42652.0,791.0,shop,home
30530_2022-09-15,0.0,walk,22436.0,25989.0,3553.0,home,home
30530_2022-09-15,1.0,walk,56068.0,56498.0,430.0,home,shop
30530_2022-09-15,2.0,walk,57659.0,57902.0,243.0,shop,home
30433_2022-11-07,0.0,mpt,42977.0,43915.0,938.0,home,home
30433_2022-11-07,1.0,mpt,60550.0,60830.0,280.0,home,leisure
30433_2022-11-07,2.0,mpt,62277.0,62694.0,417.0,leisure,home
30473_2022-12-15,0.0,mpt,38557.0,38947.0,390.0,home,shop
30473_2022-12-15,1.0,mpt,39888.0,40455.0,567.0,shop,leisure
30473_2022-12-15,2.0,walk,42564.0,42700.0,136.0,leisure,education
30473_2022-12-15,3.0,pt,64248.0,64945.0,697.0,education,home
30658_2022-09-16,0.0,mpt,30297.0,47679.0,17382.0,home,home
30728_2022-11-24,0.0,mpt,34896.0,35566.0,670.0,home,home
30728_2022-11-24,1.0,mpt,62161.0,63045.0,884.0,home,shop
30728_2022-11-24,2.0,mpt,64562.0,64890.0,328.0,shop,other
30728_2022-11-24,3.0,mpt,66581.0,66829.0,248.0,other,home
30822_2022-12-14,0.0,mpt,65005.0,65222.0,217.0,home,leisure
30822_2022-12-14,1.0,mpt,75966.0,76205.0,239.0,leisure,home
30650_2022-12-08,0.0,mpt,26488.0,30452.0,3964.0,home,education
30650_2022-12-08,1.0,mpt,58418.0,59125.0,707.0,education,other
30650_2022-12-08,2.0,mpt,59512.0,63788.0,4276.0,other,leisure
30650_2022-12-08,3.0,walk,68523.0,69163.0,640.0,leisure,leisure
30650_2022-12-08,4.0,mpt,79097.0,83192.0,4095.0,leisure,home
30317_2022-11-03,0.0,pt,51350.0,52483.0,1133.0,home,shop
30317_2022-11-03,1.0,pt,52978.0,53131.0,153.0,shop,other
30317_2022-11-03,2.0,pt,53621.0,53920.0,299.0,other,other
30317_2022-11-03,3.0,pt,54325.0,54825.0,500.0,other,home
30103_2022-09-12,0.0,mpt,22257.0,22514.0,257.0,home,other
30103_2022-09-12,1.0,mpt,25640.0,26235.0,595.0,other,home
30103_2022-09-12,2.0,walk,34898.0,35528.0,630.0,home,leisure
30103_2022-09-12,3.0,walk,39976.0,41247.0,1271.0,leisure,home
30103_2022-09-12,4.0,mpt,55795.0,56021.0,226.0,home,leisure
30103_2022-09-12,5.0,mpt,56455.0,56961.0,506.0,leisure,leisure
30103_2022-09-12,6.0,mpt,67743.0,67913.0,170.0,leisure,home
30690_2022-08-29,0.0,pt,33307.0,35167.0,1860.0,home,shop
30690_2022-08-29,1.0,walk,35841.0,35889.0,48.0,shop,home
30690_2022-08-29,2.0,pt,40473.0,40735.0,262.0,home,other
30690_2022-08-29,3.0,pt,41168.0,41294.0,126.0,other,other
30690_2022-08-29,4.0,pt,41712.0,45515.0,3803.0,other,education
30690_2022-08-29,5.0,pt,60763.0,65816.0,5053.0,education,home
30785_2022-11-22,0.0,pt,24071.0,30251.0,6180.0,home,work
30785_2022-11-22,1.0,pt,37830.0,39691.0,1861.0,work,other
30785_2022-11-22,2.0,pt,40656.0,43955.0,3299.0,other,home
30614_2022-11-23,0.0,pt,27249.0,28881.0,1632.0,home,other
30614_2022-11-23,1.0,pt,29566.0,30340.0,774.0,other,education
30614_2022-11-23,2.0,pt,45420.0,47631.0,2211.0,education,home
30614_2022-11-23,3.0,mpt,54512.0,57901.0,3389.0,home,shop
30614_2022-11-23,4.0,mpt,59132.0,59727.0,595.0,shop,shop
30614_2022-11-23,5.0,walk,60931.0,61004.0,73.0,shop,other
30614_2022-11-23,6.0,mpt,62013.0,63058.0,1045.0,other,other
30614_2022-11-23,7.0,mpt,64015.0,66690.0,2675.0,other,home
31164_2022-12-19,0.0,pt,20205.0,21508.0,1303.0,home,education
31164_2022-12-19,1.0,pt,23839.0,25530.0,1691.0,education,leisure
31164_2022-12-19,2.0,walk,26304.0,27431.0,1127.0,leisure,home
31164_2022-12-19,3.0,walk,37282.0,37387.0,105.0,home,leisure
31164_2022-12-19,4.0,walk,38909.0,40839.0,1930.0,leisure,education
31164_2022-12-19,5.0,walk,49205.0,49423.0,218.0,education,home
31164_2022-12-19,6.0,walk,50845.0,52253.0,1408.0,home,leisure
31164_2022-12-19,7.0,pt,53191.0,55423.0,2232.0,leisure,home
30064_2022-12-29,0.0,walk,30427.0,30712.0,285.0,home,education
30064_2022-12-29,1.0,pt,31720.0,36047.0,4327.0,education,home
30064_2022-12-29,2.0,pt,55265.0,57809.0,2544.0,home,other
30064_2022-12-29,3.0,pt,58471.0,60173.0,1702.0,other,home
30064_2022-12-29,4.0,pt,61744.0,62493.0,749.0,home,home
30053_2022-11-21,0.0,mpt,31415.0,31623.0,208.0,home,other
30053_2022-11-21,1.0,mpt,32217.0,32352.0,135.0,other,leisure
30053_2022-11-21,2.0,mpt,34395.0,34608.0,213.0,leisure,home
30053_2022-11-21,3.0,mpt,35902.0,36962.0,1060.0,home,home
30053_2022-11-21,4.0,mpt,49598.0,50943.0,1345.0,home,other
30053_2022-11-21,5.0,mpt,52568.0,52798.0,230.0,other,shop
30053_2022-11-21,6.0,mpt,55690.0,56910.0,1220.0,shop,home
30938_2022-08-22,0.0,walk,31880.0,32517.0,637.0,home,education
30938_2022-08-22,1.0,walk,43271.0,43404.0,133.0,education,education
30938_2022-08-22,2.0,walk,45970.0,46102.0,132.0,education,education
30938_2022-08-22,3.0,pt,54455.0,55160.0,705.0,education,education
30938_2022-08-22,4.0,pt,56602.0,57012.0,410.0,education,home
30938_2022-08-22,5.0,walk,61914.0,62224.0,310.0,home,shop
30938_2022-08-22,6.0,walk,62631.0,63066.0,435.0,shop,home
30605_2022-12-07,0.0,pt,28109.0,29498.0,1389.0,home,education
30605_2022-12-07,1.0,walk,29892.0,29909.0,17.0,education,education
30605_2022-12-07,2.0,walk,46022.0,46126.0,104.0,education,education
30605_2022-12-07,3.0,bike,57767.0,58740.0,973.0,education,home
30592_2022-11-25,0.0,mpt,23872.0,24430.0,558.0,home,education
30592_2022-11-25,1.0,mpt,40001.0,40675.0,674.0,education,home
30592_2022-11-25,2.0,walk,47976.0,49304.0,1328.0,home,shop
30592_2022-11-25,3.0,walk,50938.0,51516.0,578.0,shop,home
30741_2022-11-15,0.0,walk,36104.0,36529.0,425.0,home,education
30741_2022-11-15,1.0,walk,43683.0,44421.0,738.0,education,home
30741_2022-11-15,2.0,walk,52495.0,53258.0,763.0,home,education
30741_2022-11-15,3.0,walk,55676.0,56347.0,671.0,education,education
30741_2022-11-15,4.0,walk,64853.0,65468.0,615.0,education,work
30199_2022-11-27,0.0,walk,54833.0,57409.0,2576.0,home,home
30009_2022-09-12,0.0,mpt,18902.0,21882.0,2980.0,home,education
30009_2022-09-12,1.0,walk,37949.0,38294.0,345.0,education,leisure
30009_2022-09-12,2.0,walk,40794.0,41211.0,417.0,leisure,education
30009_2022-09-12,3.0,mpt,60858.0,62580.0,1722.0,education,home
30167_2022-11-03,0.0,pt,20524.0,22572.0,2048.0,home,education
30167_2022-11-03,1.0,pt,39012.0,40639.0,1627.0,education,home
30167_2022-11-03,2.0,walk,56244.0,57133.0,889.0,home,shop
30167_2022-11-03,3.0,walk,57648.0,58670.0,1022.0,shop,home
30567_2022-11-22,0.0,mpt,47509.0,48069.0,560.0,home,leisure
30567_2022-11-22,1.0,mpt,53176.0,53478.0,302.0,leisure,shop
30567_2022-11-22,2.0,mpt,54109.0,54368.0,259.0,shop,home
30567_2022-11-22,3.0,mpt,58350.0,60362.0,2012.0,home,shop
30567_2022-11-22,4.0,walk,62194.0,62454.0,260.0,shop,shop
30567_2022-11-22,5.0,walk,63612.0,63655.0,43.0,shop,shop
30567_2022-11-22,6.0,mpt,64411.0,65693.0,1282.0,shop,shop
30567_2022-11-22,7.0,mpt,66617.0,67099.0,482.0,shop,home
30567_2022-11-22,8.0,walk,71266.0,73954.0,2688.0,home,home
30555_2022-11-24,0.0,pt,26144.0,26296.0,152.0,home,education
30555_2022-11-24,1.0,pt,58442.0,60292.0,1850.0,education,home
30177_2022-11-21,0.0,mpt,29669.0,31278.0,1609.0,home,shop
30177_2022-11-21,1.0,walk,36515.0,36833.0,318.0,shop,leisure
30177_2022-11-21,2.0,mpt,37874.0,39898.0,2024.0,leisure,home
30177_2022-11-21,3.0,walk,48338.0,48698.0,360.0,home,other
30177_2022-11-21,4.0,walk,49696.0,50070.0,374.0,other,home
30561_2022-11-16,0.0,mpt,45950.0,47904.0,1954.0,home,shop
30561_2022-11-16,1.0,mpt,51813.0,54405.0,2592.0,shop,leisure
30561_2022-11-16,2.0,walk,68200.0,68319.0,119.0,leisure,leisure
30561_2022-11-16,3.0,mpt,70276.0,73396.0,3120.0,leisure,home
31000_2022-12-21,0.0,pt,55152.0,57334.0,2182.0,home,other
31000_2022-12-21,1.0,pt,58257.0,59015.0,758.0,other,other
31000_2022-12-21,2.0,pt,59936.0,60811.0,875.0,other,home
31295_2022-11-10,0.0,mpt,33944.0,34287.0,343.0,home,shop
31295_2022-11-10,1.0,walk,36314.0,36374.0,60.0,shop,shop
31295_2022-11-10,2.0,mpt,36889.0,37035.0,146.0,shop,home
31295_2022-11-10,3.0,pt,44664.0,46517.0,1853.0,home,other
31295_2022-11-10,4.0,bike,46993.0,49402.0,2409.0,other,home
30925_2022-11-14,0.0,walk,20243.0,20435.0,192.0,home,education
30925_2022-11-14,1.0,walk,37153.0,38004.0,851.0,education,education
30925_2022-11-14,2.0,walk,49480.0,51226.0,1746.0,education,home
30925_2022-11-14,3.0,walk,64120.0,64485.0,365.0,home,home
30795_2022-09-05,0.0,walk,33444.0,33853.0,409.0,home,home
30795_2022-09-05,1.0,bike,42251.0,46316.0,4065.0,home,leisure
30795_2022-09-05,2.0,bike,49224.0,50269.0,1045.0,leisure,home
30795_2022-09-05,3.0,walk,59141.0,59346.0,205.0,home,home
30339_2022-12-19,0.0,walk,29714.0,30485.0,771.0,home,shop
30339_2022-12-19,1.0,walk,32010.0,32255.0,245.0,shop,shop
30339_2022-12-19,2.0,mpt,33600.0,33920.0,320.0,shop,home
30234_2022-08-19,0.0,pt,39124.0,41749.0,2625.0,home,education
30234_2022-08-19,1.0,pt,49892.0,50173.0,281.0,education,other
30234_2022-08-19,2.0,pt,50572.0,51492.0,920.0,other,other
30234_2022-08-19,3.0,pt,52104.0,54197.0,2093.0,other,leisure
30234_2022-08-19,4.0,pt,81907.0,84431.0,2524.0,leisure,other
30080_2022-08-04,0.0,walk,38865.0,41533.0,2668.0,home,other
30080_2022-08-04,1.0,pt,46833.0,48419.0,1586.0,other,home
30080_2022-08-04,2.0,walk,56759.0,57574.0,815.0,home,home
30704_2022-12-06,0.0,walk,33469.0,36001.0,2532.0,home,home
30704_2022-12-06,1.0,walk,80067.0,80508.0,441.0,home,home
30980_2022-10-26,0.0,pt,14510.0,18394.0,3884.0,home,education
30980_2022-10-26,1.0,walk,35548.0,35784.0,236.0,education,leisure
30980_2022-10-26,2.0,walk,38952.0,39284.0,332.0,leisure,education
30980_2022-10-26,3.0,pt,56951.0,60679.0,3728.0,education,shop
30980_2022-10-26,4.0,mpt,61046.0,61768.0,722.0,shop,home
30980_2022-10-26,5.0,mpt,64183.0,64714.0,531.0,home,leisure
30980_2022-10-26,6.0,mpt,65188.0,65703.0,515.0,leisure,home
31017_2022-11-07,0.0,walk,45880.0,48648.0,2768.0,home,home
30439_2022-12-05,0.0,mpt,64943.0,65127.0,184.0,home,shop
30439_2022-12-05,1.0,mpt,66628.0,66922.0,294.0,shop,shop
30439_2022-12-05,2.0,mpt,67475.0,68194.0,719.0,shop,home
30430_2022-09-21,0.0,walk,34786.0,35305.0,519.0,home,leisure
30430_2022-09-21,1.0,mpt,40730.0,50155.0,9425.0,leisure,leisure
30430_2022-09-21,2.0,mpt,56750.0,61431.0,4681.0,leisure,home
30861_2022-11-15,0.0,pt,22763.0,27038.0,4275.0,home,education
30861_2022-11-15,1.0,walk,40001.0,40520.0,519.0,education,leisure
30861_2022-11-15,2.0,walk,43813.0,44350.0,537.0,leisure,education
30861_2022-11-15,3.0,walk,56966.0,57514.0,548.0,education,other
30861_2022-11-15,4.0,walk,57889.0,60755.0,2866.0,other,other
30861_2022-11-15,5.0,pt,61924.0,63606.0,1682.0,other,home
30694_2022-08-25,0.0,mpt,29336.0,29831.0,495.0,home,leisure
30694_2022-08-25,1.0,mpt,33228.0,33836.0,608.0,leisure,home
30694_2022-08-25,2.0,mpt,36557.0,37207.0,650.0,home,leisure
30694_2022-08-25,3.0,mpt,46988.0,47587.0,599.0,leisure,home
30694_2022-08-25,4.0,mpt,48980.0,49795.0,815.0,home,other
30694_2022-08-25,5.0,mpt,59802.0,60577.0,775.0,other,home
30694_2022-08-25,6.0,mpt,62164.0,63691.0,1527.0,home,leisure
30694_2022-08-25,7.0,mpt,73291.0,74196.0,905.0,leisure,leisure
30694_2022-08-25,8.0,mpt,75413.0,75522.0,109.0,leisure,home
30113_2022-11-15,0.0,mpt,45526.0,45771.0,245.0,home,work
30113_2022-11-15,1.0,walk,61888.0,62083.0,195.0,work,home
30345_2022-11-08,0.0,pt,18953.0,21087.0,2134.0,home,education
30345_2022-11-08,1.0,pt,47345.0,50440.0,3095.0,education,home
30345_2022-11-08,2.0,mpt,60488.0,68201.0,7713.0,home,home
31141_2022-09-01,0.0,mpt,56874.0,57235.0,361.0,home,leisure
31141_2022-09-01,1.0,mpt,65806.0,66540.0,734.0,leisure,home
30430_2022-10-04,0.0,walk,48166.0,48707.0,541.0,home,work
30430_2022-10-04,1.0,walk,70469.0,71026.0,557.0,work,education
30430_2022-10-04,2.0,walk,71697.0,72252.0,555.0,education,home
30010_2022-11-09,0.0,pt,23318.0,24978.0,1660.0,home,home
30010_2022-11-09,1.0,pt,31168.0,32479.0,1311.0,home,home
30450_2022-09-24,0.0,mpt,41903.0,42419.0,516.0,other,other
30450_2022-09-24,1.0,mpt,42989.0,43537.0,548.0,other,work
30308_2022-12-04,0.0,walk,33374.0,33581.0,207.0,home,home
31146_2022-10-10,0.0,mpt,36459.0,37202.0,743.0,home,other
31146_2022-10-10,1.0,mpt,37612.0,39390.0,1778.0,other,home
30634_2022-10-03,0.0,pt,25527.0,27019.0,1492.0,home,shop
30634_2022-10-03,1.0,walk,30650.0,30700.0,50.0,shop,other
30634_2022-10-03,2.0,walk,31249.0,31405.0,156.0,other,shop
30634_2022-10-03,3.0,pt,32868.0,33572.0,704.0,shop,shop
30634_2022-10-03,4.0,walk,34046.0,34147.0,101.0,shop,leisure
30634_2022-10-03,5.0,pt,36588.0,37900.0,1312.0,leisure,shop
30634_2022-10-03,6.0,walk,38983.0,39286.0,303.0,shop,leisure
30634_2022-10-03,7.0,walk,40361.0,40755.0,394.0,leisure,shop
30634_2022-10-03,8.0,walk,41242.0,41679.0,437.0,shop,shop
30634_2022-10-03,9.0,walk,43931.0,44362.0,431.0,shop,leisure
30634_2022-10-03,10.0,walk,45854.0,45877.0,23.0,leisure,leisure
30634_2022-10-03,11.0,walk,50775.0,51132.0,357.0,leisure,other
30634_2022-10-03,12.0,pt,51653.0,52113.0,460.0,other,leisure
30634_2022-10-03,13.0,walk,53538.0,53701.0,163.0,leisure,leisure
30634_2022-10-03,14.0,pt,54103.0,54988.0,885.0,leisure,leisure
30634_2022-10-03,15.0,walk,59731.0,60171.0,440.0,leisure,shop
30634_2022-10-03,16.0,pt,61011.0,67104.0,6093.0,shop,other
30634_2022-10-03,17.0,pt,67786.0,72040.0,4254.0,other,home
30697_2022-10-03,0.0,mpt,14315.0,15274.0,959.0,home,education
30697_2022-10-03,1.0,mpt,32107.0,33173.0,1066.0,education,work
30697_2022-10-03,2.0,walk,54787.0,55024.0,237.0,work,leisure
30697_2022-10-03,3.0,mpt,66381.0,67619.0,1238.0,leisure,home
31141_2022-09-08,0.0,mpt,22454.0,22793.0,339.0,home,other
31141_2022-09-08,1.0,bike,23810.0,24555.0,745.0,other,home
30848_2022-11-25,0.0,mpt,54995.0,56695.0,1700.0,home,shop
30848_2022-11-25,1.0,walk,57887.0,58021.0,134.0,shop,shop
30848_2022-11-25,2.0,mpt,59065.0,59973.0,908.0,shop,home
30848_2022-11-25,3.0,mpt,64603.0,65801.0,1198.0,home,home
30196_2022-09-02,0.0,mpt,25591.0,26081.0,490.0,home,education
30196_2022-09-02,1.0,mpt,36081.0,36516.0,435.0,education,home
30196_2022-09-02,2.0,mpt,46063.0,46151.0,88.0,home,other
30196_2022-09-02,3.0,bike,46701.0,46918.0,217.0,other,leisure
30196_2022-09-02,4.0,mpt,47354.0,47798.0,444.0,leisure,other
30196_2022-09-02,5.0,mpt,48187.0,52563.0,4376.0,other,leisure
30196_2022-09-02,6.0,bike,54269.0,56828.0,2559.0,leisure,home
30196_2022-09-02,7.0,mpt,67660.0,70581.0,2921.0,home,home
31274_2022-12-07,0.0,walk,80606.0,81405.0,799.0,home,leisure
31274_2022-12-07,1.0,walk,84883.0,85655.0,772.0,leisure,home
30026_2022-12-21,0.0,mpt,63941.0,64299.0,358.0,home,shop
30026_2022-12-21,1.0,mpt,64688.0,66119.0,1431.0,shop,leisure
30026_2022-12-21,2.0,mpt,66733.0,67441.0,708.0,leisure,home
30538_2022-11-05,0.0,mpt,31978.0,32949.0,971.0,home,home
30915_2022-11-29,0.0,walk,42145.0,42952.0,807.0,home,education
30915_2022-11-29,1.0,walk,61440.0,61981.0,541.0,education,home
30915_2022-11-29,2.0,walk,71545.0,72750.0,1205.0,home,home
30114_2022-11-10,0.0,walk,47668.0,51933.0,4265.0,home,home
30530_2022-09-05,0.0,walk,32979.0,33632.0,653.0,home,shop
30530_2022-09-05,1.0,walk,33995.0,34775.0,780.0,shop,home
30530_2022-09-05,2.0,pt,59262.0,61177.0,1915.0,home,leisure
30530_2022-09-05,3.0,pt,65262.0,69339.0,4077.0,leisure,home
30490_2022-11-18,0.0,pt,23077.0,24961.0,1884.0,home,other
30490_2022-11-18,1.0,pt,25699.0,28498.0,2799.0,other,home
30490_2022-11-18,2.0,walk,60998.0,61388.0,390.0,home,home
30542_2022-11-09,0.0,pt,40514.0,40954.0,440.0,home,other
30542_2022-11-09,1.0,pt,41496.0,42012.0,516.0,other,other
30542_2022-11-09,2.0,pt,42810.0,43874.0,1064.0,other,leisure
30542_2022-11-09,3.0,walk,44699.0,44785.0,86.0,leisure,leisure
30542_2022-11-09,4.0,walk,45809.0,45903.0,94.0,leisure,other
30542_2022-11-09,5.0,walk,50228.0,50904.0,676.0,other,home
30542_2022-11-09,6.0,other,51671.0,60692.0,9021.0,home,other
30542_2022-11-09,7.0,other,62337.0,64500.0,2163.0,other,home
30542_2022-11-09,8.0,walk,65360.0,65469.0,109.0,home,leisure
31234_2022-09-27,0.0,pt,17189.0,20076.0,2887.0,home,other
31234_2022-09-27,1.0,pt,20508.0,21618.0,1110.0,other,work
31234_2022-09-27,2.0,pt,50400.0,51835.0,1435.0,work,other
31234_2022-09-27,3.0,pt,52256.0,55264.0,3008.0,other,home
30433_2022-11-13,0.0,mpt,594.0,1619.0,1025.0,leisure,leisure
30433_2022-11-13,1.0,mpt,4169.0,4904.0,735.0,leisure,home
30448_2022-10-19,0.0,bike,42133.0,43122.0,989.0,home,home
31237_2022-12-02,0.0,bike,31167.0,31383.0,216.0,home,education
31237_2022-12-02,1.0,bike,36831.0,37162.0,331.0,education,home
31237_2022-12-02,2.0,bike,43392.0,43633.0,241.0,home,other
31237_2022-12-02,3.0,bike,47377.0,47758.0,381.0,other,home
31237_2022-12-02,4.0,mpt,66690.0,67672.0,982.0,home,other
31237_2022-12-02,5.0,mpt,79431.0,79738.0,307.0,other,home
31295_2022-10-18,0.0,mpt,19305.0,19561.0,256.0,home,education
31295_2022-10-18,1.0,mpt,35747.0,35934.0,187.0,education,home
31295_2022-10-18,2.0,mpt,45919.0,46030.0,111.0,home,shop
31295_2022-10-18,3.0,mpt,48258.0,48395.0,137.0,shop,home
30490_2022-11-16,0.0,mpt,61953.0,63011.0,1058.0,home,leisure
30490_2022-11-16,1.0,mpt,69667.0,70367.0,700.0,leisure,home
30253_2022-08-23,0.0,walk,29982.0,30994.0,1012.0,home,home
30253_2022-08-23,1.0,walk,32899.0,33731.0,832.0,home,home
30253_2022-08-23,2.0,walk,56849.0,58202.0,1353.0,home,other
30253_2022-08-23,3.0,pt,58643.0,59334.0,691.0,other,home
31297_2022-08-01,0.0,mpt,32524.0,37815.0,5291.0,home,home
30008_2022-11-27,0.0,mpt,49721.0,50337.0,616.0,home,other
30008_2022-11-27,1.0,mpt,50647.0,51077.0,430.0,other,other
30008_2022-11-27,2.0,mpt,51973.0,53032.0,1059.0,other,home
30008_2022-11-27,3.0,walk,62615.0,64147.0,1532.0,home,home
30951_2022-09-26,0.0,mpt,45504.0,45877.0,373.0,home,home
31093_2022-10-27,0.0,bike,33087.0,33436.0,349.0,home,other
31093_2022-10-27,1.0,bike,33892.0,34179.0,287.0,other,home
31093_2022-10-27,2.0,walk,39745.0,41029.0,1284.0,home,home
31093_2022-10-27,3.0,walk,61861.0,63156.0,1295.0,home,home
31093_2022-10-27,4.0,walk,73857.0,74815.0,958.0,home,home
30861_2022-11-25,0.0,mpt,47463.0,48467.0,1004.0,home,shop
30861_2022-11-25,1.0,walk,51458.0,51744.0,286.0,shop,shop
30861_2022-11-25,2.0,mpt,53836.0,54874.0,1038.0,shop,home
30351_2022-11-11,0.0,other,34522.0,40262.0,5740.0,home,home
30351_2022-11-11,1.0,mpt,44251.0,46907.0,2656.0,home,home
30351_2022-11-11,2.0,mpt,48563.0,49879.0,1316.0,home,work
31076_2022-10-15,0.0,walk,42856.0,45471.0,2615.0,home,shop
31076_2022-10-15,1.0,walk,46119.0,46359.0,240.0,shop,shop
31076_2022-10-15,2.0,walk,47461.0,47969.0,508.0,shop,home
31076_2022-10-15,3.0,mpt,75880.0,76524.0,644.0,home,education
30118_2022-11-09,0.0,mpt,39945.0,41377.0,1432.0,home,shop
30118_2022-11-09,1.0,mpt,44502.0,45507.0,1005.0,shop,home
30820_2022-11-28,0.0,pt,19474.0,29519.0,10045.0,home,education
30820_2022-11-28,1.0,mpt,33482.0,34711.0,1229.0,education,leisure
30820_2022-11-28,2.0,pt,36858.0,37598.0,740.0,leisure,other
30820_2022-11-28,3.0,pt,38291.0,46828.0,8537.0,other,home
30820_2022-11-28,4.0,walk,48748.0,49044.0,296.0,home,other
30820_2022-11-28,5.0,walk,49437.0,49958.0,521.0,other,home
30820_2022-11-28,6.0,bike,58662.0,58769.0,107.0,home,leisure
30820_2022-11-28,7.0,bike,63571.0,63664.0,93.0,leisure,home
30820_2022-11-28,8.0,mpt,64522.0,65042.0,520.0,home,leisure
30820_2022-11-28,9.0,mpt,75826.0,76977.0,1151.0,leisure,home
30636_2022-11-09,0.0,mpt,25100.0,26984.0,1884.0,home,other
30636_2022-11-09,1.0,walk,32889.0,33082.0,193.0,other,leisure
30636_2022-11-09,2.0,mpt,35409.0,36566.0,1157.0,leisure,home
30636_2022-11-09,3.0,mpt,43576.0,45082.0,1506.0,home,shop
30636_2022-11-09,4.0,mpt,47856.0,48210.0,354.0,shop,leisure
30636_2022-11-09,5.0,mpt,50744.0,51485.0,741.0,leisure,home
30349_2022-10-11,0.0,pt,19799.0,22228.0,2429.0,home,education
30349_2022-10-11,1.0,walk,28338.0,29431.0,1093.0,education,home
30349_2022-10-11,2.0,pt,49891.0,51013.0,1122.0,home,shop
30349_2022-10-11,3.0,pt,52308.0,54086.0,1778.0,shop,home
30255_2022-10-31,0.0,mpt,20289.0,23705.0,3416.0,home,education
30255_2022-10-31,1.0,mpt,62579.0,65054.0,2475.0,education,home
30419_2022-09-14,0.0,mpt,14304.0,15721.0,1417.0,home,work
30419_2022-09-14,1.0,mpt,60209.0,62913.0,2704.0,work,home
30419_2022-09-14,2.0,walk,76521.0,76576.0,55.0,home,home
30633_2022-11-23,0.0,walk,24786.0,26763.0,1977.0,home,home
30633_2022-11-23,1.0,walk,37665.0,38182.0,517.0,home,other
30633_2022-11-23,2.0,walk,39131.0,39640.0,509.0,other,shop
30633_2022-11-23,3.0,walk,40300.0,40761.0,461.0,shop,home
30555_2022-11-25,0.0,pt,62530.0,64413.0,1883.0,home,leisure
30555_2022-11-25,1.0,pt,81138.0,83166.0,2028.0,leisure,home
31146_2022-10-14,0.0,mpt,19588.0,21348.0,1760.0,home,home
30681_2022-12-16,0.0,mpt,44806.0,45375.0,569.0,home,education
30681_2022-12-16,1.0,mpt,51499.0,52000.0,501.0,education,home
30980_2022-10-31,0.0,walk,29406.0,44160.0,14754.0,home,home
30980_2022-10-31,1.0,other,49762.0,51619.0,1857.0,home,leisure
30980_2022-10-31,2.0,mpt,52030.0,56803.0,4773.0,leisure,home
30980_2022-10-31,3.0,mpt,63409.0,64028.0,619.0,home,leisure
30980_2022-10-31,4.0,mpt,68605.0,69333.0,728.0,leisure,home
30800_2023-01-06,0.0,walk,24394.0,25102.0,708.0,home,education
30800_2023-01-06,1.0,walk,49453.0,51597.0,2144.0,education,home
30429_2022-12-18,0.0,pt,55954.0,57016.0,1062.0,home,leisure
30429_2022-12-18,1.0,pt,62164.0,62985.0,821.0,leisure,home
30211_2022-11-02,0.0,walk,56319.0,61287.0,4968.0,home,home
30370_2022-09-20,0.0,mpt,18642.0,20261.0,1619.0,home,home
30370_2022-09-20,1.0,walk,40700.0,40988.0,288.0,home,home
30370_2022-09-20,2.0,mpt,53452.0,53807.0,355.0,home,home
30370_2022-09-20,3.0,mpt,55467.0,56039.0,572.0,home,home
31145_2022-11-19,0.0,walk,32836.0,33944.0,1108.0,home,home
31145_2022-11-19,1.0,walk,37005.0,37636.0,631.0,home,shop
31145_2022-11-19,2.0,walk,38247.0,38802.0,555.0,shop,home
31145_2022-11-19,3.0,pt,51986.0,53719.0,1733.0,home,leisure
31145_2022-11-19,4.0,pt,61812.0,63571.0,1759.0,leisure,home
31145_2022-11-19,5.0,mpt,65038.0,66250.0,1212.0,home,leisure
31145_2022-11-19,6.0,mpt,81833.0,83125.0,1292.0,leisure,home
30134_2023-01-19,0.0,mpt,19814.0,21320.0,1506.0,home,education
30134_2023-01-19,1.0,walk,30233.0,30543.0,310.0,education,work
30134_2023-01-19,2.0,mpt,41556.0,43186.0,1630.0,work,home
30134_2023-01-19,3.0,walk,52593.0,52763.0,170.0,home,other
30134_2023-01-19,4.0,walk,62684.0,62865.0,181.0,other,home
30327_2022-11-29,0.0,pt,21489.0,22892.0,1403.0,home,other
30327_2022-11-29,1.0,pt,25420.0,25894.0,474.0,other,other
30327_2022-11-29,2.0,pt,26200.0,27118.0,918.0,other,work
30327_2022-11-29,3.0,walk,55685.0,60880.0,5195.0,work,home
30327_2022-11-29,4.0,pt,62070.0,64004.0,1934.0,home,home
30730_2022-08-27,0.0,mpt,24205.0,31852.0,7647.0,home,home
30730_2022-08-27,1.0,walk,54766.0,54831.0,65.0,home,leisure
30730_2022-08-27,2.0,mpt,58111.0,62502.0,4391.0,leisure,shop
30730_2022-08-27,3.0,mpt,62864.0,66165.0,3301.0,shop,other
30730_2022-08-27,4.0,mpt,66638.0,67248.0,610.0,other,home
31206_2022-08-31,0.0,mpt,20936.0,23108.0,2172.0,home,work
31206_2022-08-31,1.0,mpt,54162.0,58450.0,4288.0,work,home
30538_2022-11-16,0.0,mpt,23867.0,25200.0,1333.0,home,education
30538_2022-11-16,1.0,walk,30198.0,30528.0,330.0,education,education
30538_2022-11-16,2.0,walk,33004.0,33054.0,50.0,education,education
30538_2022-11-16,3.0,walk,37856.0,38027.0,171.0,education,education
30538_2022-11-16,4.0,walk,38569.0,38683.0,114.0,education,leisure
30538_2022-11-16,5.0,walk,40689.0,40834.0,145.0,leisure,education
30538_2022-11-16,6.0,walk,42488.0,43773.0,1285.0,education,education
30538_2022-11-16,7.0,walk,45866.0,45960.0,94.0,education,education
30538_2022-11-16,8.0,walk,62359.0,62441.0,82.0,education,education
30538_2022-11-16,9.0,mpt,62973.0,64726.0,1753.0,education,home
30750_2022-11-02,0.0,pt,23067.0,27874.0,4807.0,home,work
30750_2022-11-02,1.0,mpt,56515.0,60053.0,3538.0,work,leisure
30750_2022-11-02,2.0,mpt,60965.0,64648.0,3683.0,leisure,home
31049_2022-12-01,0.0,walk,24246.0,25157.0,911.0,home,other
31049_2022-12-01,1.0,walk,26161.0,26343.0,182.0,other,shop
31049_2022-12-01,2.0,bike,26838.0,27540.0,702.0,shop,home
31049_2022-12-01,3.0,bike,29534.0,29794.0,260.0,home,other
31049_2022-12-01,4.0,bike,31164.0,31774.0,610.0,other,home
30417_2022-10-11,0.0,pt,26611.0,29279.0,2668.0,home,work
30417_2022-10-11,1.0,pt,36118.0,36411.0,293.0,work,shop
30417_2022-10-11,2.0,pt,36871.0,37440.0,569.0,shop,education
30417_2022-10-11,3.0,pt,55124.0,55541.0,417.0,education,shop
30417_2022-10-11,4.0,pt,56115.0,58358.0,2243.0,shop,home
30180_2022-12-12,0.0,walk,21952.0,23392.0,1440.0,home,home
30180_2022-12-12,1.0,mpt,25049.0,27667.0,2618.0,home,education
30180_2022-12-12,2.0,mpt,40147.0,41569.0,1422.0,education,leisure
30180_2022-12-12,3.0,mpt,47408.0,48808.0,1400.0,leisure,home
30180_2022-12-12,4.0,walk,62202.0,65611.0,3409.0,home,shop
30180_2022-12-12,5.0,mpt,66612.0,66919.0,307.0,shop,home
30134_2023-01-23,0.0,mpt,20929.0,23455.0,2526.0,home,education
30134_2023-01-23,1.0,walk,25280.0,30868.0,5588.0,education,education
30134_2023-01-23,2.0,mpt,37841.0,39533.0,1692.0,education,other
30134_2023-01-23,3.0,walk,42574.0,42995.0,421.0,other,home
30134_2023-01-23,4.0,mpt,65240.0,65569.0,329.0,home,leisure
30134_2023-01-23,5.0,mpt,75618.0,75813.0,195.0,leisure,home
30995_2022-12-03,0.0,pt,54004.0,61445.0,7441.0,home,leisure
30995_2022-12-03,1.0,pt,74546.0,78338.0,3792.0,leisure,other
30995_2022-12-03,2.0,pt,78882.0,79603.0,721.0,other,home
30308_2022-12-13,0.0,mpt,18467.0,24270.0,5803.0,home,education
30308_2022-12-13,1.0,walk,25882.0,26158.0,276.0,education,education
30308_2022-12-13,2.0,walk,26811.0,27425.0,614.0,education,education
30308_2022-12-13,3.0,mpt,28018.0,31156.0,3138.0,education,education
30308_2022-12-13,4.0,mpt,34000.0,35110.0,1110.0,education,education
30308_2022-12-13,5.0,mpt,51749.0,53927.0,2178.0,education,other
30308_2022-12-13,6.0,mpt,57252.0,57670.0,418.0,other,leisure
30308_2022-12-13,7.0,mpt,59111.0,60674.0,1563.0,leisure,home
30168_2022-09-15,0.0,mpt,30925.0,31392.0,467.0,home,leisure
30168_2022-09-15,1.0,mpt,37561.0,37791.0,230.0,leisure,home
30168_2022-09-15,2.0,mpt,50533.0,51274.0,741.0,home,leisure
30168_2022-09-15,3.0,walk,52325.0,52434.0,109.0,leisure,shop
30168_2022-09-15,4.0,mpt,54664.0,55241.0,577.0,shop,home
30769_2022-11-01,0.0,mpt,22745.0,23933.0,1188.0,home,home
30769_2022-11-01,1.0,mpt,25214.0,25709.0,495.0,home,home
30769_2022-11-01,2.0,mpt,30775.0,32046.0,1271.0,home,other
30769_2022-11-01,3.0,mpt,32832.0,33905.0,1073.0,other,leisure
30769_2022-11-01,4.0,mpt,35194.0,36418.0,1224.0,leisure,education
30769_2022-11-01,5.0,mpt,38307.0,39456.0,1149.0,education,education
30769_2022-11-01,6.0,walk,42617.0,42654.0,37.0,education,education
30769_2022-11-01,7.0,mpt,52241.0,53666.0,1425.0,education,shop
30769_2022-11-01,8.0,mpt,54686.0,56707.0,2021.0,shop,education
30769_2022-11-01,9.0,mpt,57251.0,57411.0,160.0,education,home
30769_2022-11-01,10.0,mpt,60876.0,61228.0,352.0,home,other
30769_2022-11-01,11.0,mpt,61673.0,62165.0,492.0,other,home
30622_2022-09-05,0.0,bike,61425.0,61778.0,353.0,home,home
30622_2022-09-05,1.0,bike,62202.0,62530.0,328.0,home,home
30323_2023-01-27,0.0,mpt,61047.0,61566.0,519.0,home,leisure
30323_2023-01-27,1.0,mpt,73221.0,73476.0,255.0,leisure,home
30522_2022-11-16,0.0,mpt,37616.0,39176.0,1560.0,home,leisure
30522_2022-11-16,1.0,mpt,45917.0,46992.0,1075.0,leisure,home
31055_2022-09-23,0.0,mpt,21379.0,22568.0,1189.0,home,education
31055_2022-09-23,1.0,walk,32824.0,33006.0,182.0,education,shop
31055_2022-09-23,2.0,mpt,33427.0,33940.0,513.0,shop,shop
31055_2022-09-23,3.0,pt,35013.0,35302.0,289.0,shop,other
31055_2022-09-23,4.0,mpt,35738.0,36024.0,286.0,other,home
31055_2022-09-23,5.0,mpt,48288.0,48529.0,241.0,home,education
31055_2022-09-23,6.0,walk,49409.0,49564.0,155.0,education,work
31055_2022-09-23,7.0,mpt,55530.0,55968.0,438.0,work,home
30542_2022-11-24,0.0,pt,61742.0,62005.0,263.0,home,other
30542_2022-11-24,1.0,pt,62702.0,63960.0,1258.0,other,education
30542_2022-11-24,2.0,pt,69810.0,72337.0,2527.0,education,home
31049_2022-11-17,0.0,pt,25794.0,29098.0,3304.0,home,work
31049_2022-11-17,1.0,pt,55789.0,59079.0,3290.0,work,home
30243_2022-09-09,0.0,mpt,20810.0,22626.0,1816.0,home,home
30243_2022-09-09,1.0,mpt,43654.0,46704.0,3050.0,home,shop
30243_2022-09-09,2.0,mpt,47096.0,47951.0,855.0,shop,home
31114_2022-11-16,0.0,mpt,25812.0,26558.0,746.0,home,education
31114_2022-11-16,1.0,mpt,29368.0,29835.0,467.0,education,home
31114_2022-11-16,2.0,mpt,34895.0,37490.0,2595.0,home,home
31114_2022-11-16,3.0,mpt,60409.0,61601.0,1192.0,home,leisure
31114_2022-11-16,4.0,mpt,71543.0,72588.0,1045.0,leisure,home
30461_2022-11-09,0.0,pt,21129.0,29509.0,8380.0,home,education
30461_2022-11-09,1.0,walk,42390.0,42701.0,311.0,education,education
30461_2022-11-09,2.0,walk,49508.0,49677.0,169.0,education,education
30461_2022-11-09,3.0,walk,54638.0,54921.0,283.0,education,education
30461_2022-11-09,4.0,pt,56315.0,58965.0,2650.0,education,other
30461_2022-11-09,5.0,pt,59478.0,63703.0,4225.0,other,leisure
30461_2022-11-09,6.0,pt,64350.0,67342.0,2992.0,leisure,leisure
30461_2022-11-09,7.0,mpt,73262.0,73756.0,494.0,leisure,home
30580_2022-11-12,0.0,walk,61816.0,62393.0,577.0,home,leisure
30580_2022-11-12,1.0,walk,68731.0,69594.0,863.0,leisure,home
31168_2022-11-16,0.0,bike,29509.0,30524.0,1015.0,home,leisure
31168_2022-11-16,1.0,walk,35719.0,35870.0,151.0,leisure,shop
31168_2022-11-16,2.0,bike,37735.0,38203.0,468.0,shop,home
31168_2022-11-16,3.0,mpt,47416.0,47719.0,303.0,home,leisure
31168_2022-11-16,4.0,mpt,50950.0,51630.0,680.0,leisure,home
31020_2022-08-15,0.0,pt,16688.0,18426.0,1738.0,home,education
31020_2022-08-15,1.0,walk,36951.0,37143.0,192.0,education,leisure
31020_2022-08-15,2.0,pt,43605.0,45125.0,1520.0,leisure,shop
31020_2022-08-15,3.0,walk,46729.0,47166.0,437.0,shop,home
31017_2022-10-18,0.0,pt,17613.0,18177.0,564.0,home,other
31017_2022-10-18,1.0,pt,18582.0,19851.0,1269.0,other,work
31017_2022-10-18,2.0,pt,55545.0,58242.0,2697.0,work,home
30741_2022-12-07,0.0,walk,30310.0,30855.0,545.0,home,education
30741_2022-12-07,1.0,walk,36607.0,37115.0,508.0,education,home
30542_2022-11-14,0.0,pt,19119.0,19471.0,352.0,home,other
30542_2022-11-14,1.0,pt,19923.0,22155.0,2232.0,other,education
30542_2022-11-14,2.0,pt,37804.0,39573.0,1769.0,education,leisure
30542_2022-11-14,3.0,walk,41240.0,41352.0,112.0,leisure,leisure
30542_2022-11-14,4.0,pt,53011.0,54325.0,1314.0,leisure,home
30971_2022-11-01,0.0,pt,28984.0,29931.0,947.0,home,other
30971_2022-11-01,1.0,pt,30381.0,31954.0,1573.0,other,shop
30971_2022-11-01,2.0,walk,32321.0,32417.0,96.0,shop,education
30971_2022-11-01,3.0,pt,38350.0,41080.0,2730.0,education,home
30971_2022-11-01,4.0,walk,47125.0,48820.0,1695.0,home,home
30971_2022-11-01,5.0,walk,59967.0,60836.0,869.0,home,home
30794_2022-11-29,0.0,walk,22316.0,24087.0,1771.0,home,education
30794_2022-11-29,1.0,walk,39260.0,40364.0,1104.0,education,home
30794_2022-11-29,2.0,walk,50952.0,51975.0,1023.0,home,home
30794_2022-11-29,3.0,pt,52342.0,56747.0,4405.0,home,other
30794_2022-11-29,4.0,walk,61260.0,61730.0,470.0,other,leisure
30794_2022-11-29,5.0,pt,62129.0,65019.0,2890.0,leisure,leisure
30794_2022-11-29,6.0,pt,66839.0,72369.0,5530.0,leisure,home
30517_2022-11-07,0.0,bike,46929.0,47281.0,352.0,home,leisure
30517_2022-11-07,1.0,bike,52963.0,53610.0,647.0,leisure,shop
30517_2022-11-07,2.0,bike,54728.0,55379.0,651.0,shop,home
30515_2022-10-25,0.0,mpt,22094.0,23207.0,1113.0,home,education
30515_2022-10-25,1.0,mpt,37724.0,38363.0,639.0,education,home
30490_2022-11-23,0.0,walk,21454.0,21581.0,127.0,home,home
30490_2022-11-23,1.0,pt,24798.0,27435.0,2637.0,home,education
30490_2022-11-23,2.0,walk,40037.0,40452.0,415.0,education,education
30490_2022-11-23,3.0,walk,42918.0,45002.0,2084.0,education,education
30490_2022-11-23,4.0,pt,50433.0,51455.0,1022.0,education,other
30490_2022-11-23,5.0,pt,52298.0,54299.0,2001.0,other,home
30490_2022-11-23,6.0,mpt,61868.0,62949.0,1081.0,home,leisure
30490_2022-11-23,7.0,mpt,68914.0,70249.0,1335.0,leisure,home
30490_2022-11-23,8.0,walk,76026.0,76199.0,173.0,home,home
31306_2022-12-19,0.0,pt,44596.0,45778.0,1182.0,home,shop
31306_2022-12-19,1.0,walk,46477.0,48141.0,1664.0,shop,leisure
31306_2022-12-19,2.0,pt,49839.0,56322.0,6483.0,leisure,other
31306_2022-12-19,3.0,walk,56796.0,56900.0,104.0,other,home
31306_2022-12-19,4.0,walk,63851.0,64251.0,400.0,home,leisure
31306_2022-12-19,5.0,walk,70866.0,71256.0,390.0,leisure,home
30659_2022-11-30,0.0,pt,27287.0,28745.0,1458.0,home,home
30659_2022-11-30,1.0,bike,29344.0,30193.0,849.0,home,leisure
30659_2022-11-30,2.0,walk,31576.0,32634.0,1058.0,leisure,leisure
30659_2022-11-30,3.0,walk,33605.0,33934.0,329.0,leisure,leisure
30659_2022-11-30,4.0,bike,38745.0,39551.0,806.0,leisure,home
30339_2022-11-30,0.0,pt,42512.0,44515.0,2003.0,home,leisure
30339_2022-11-30,1.0,pt,58622.0,61075.0,2453.0,leisure,home
30467_2022-08-10,0.0,mpt,26468.0,28839.0,2371.0,home,education
30467_2022-08-10,1.0,mpt,47879.0,49095.0,1216.0,education,work
30467_2022-08-10,2.0,mpt,72437.0,73982.0,1545.0,work,home
30217_2022-10-16,0.0,walk,30798.0,31659.0,861.0,home,other
30217_2022-10-16,1.0,walk,32590.0,33313.0,723.0,other,other
30217_2022-10-16,2.0,walk,35328.0,36235.0,907.0,other,leisure
30217_2022-10-16,3.0,walk,37214.0,38788.0,1574.0,leisure,leisure
30217_2022-10-16,4.0,walk,44770.0,45103.0,333.0,leisure,home
30217_2022-10-16,5.0,mpt,49538.0,56166.0,6628.0,home,other
30217_2022-10-16,6.0,mpt,56576.0,74210.0,17634.0,other,home
30439_2022-11-22,0.0,walk,41190.0,41837.0,647.0,home,shop
30439_2022-11-22,1.0,walk,43233.0,43937.0,704.0,shop,home
30211_2022-11-18,0.0,walk,48833.0,51650.0,2817.0,home,leisure
30211_2022-11-18,1.0,mpt,60803.0,61019.0,216.0,leisure,home
30211_2022-11-18,2.0,mpt,64551.0,65680.0,1129.0,home,home
30211_2022-11-18,3.0,mpt,74970.0,76154.0,1184.0,home,home
30008_2022-12-08,0.0,pt,38813.0,41951.0,3138.0,home,home
30008_2022-12-08,1.0,bike,42909.0,43179.0,270.0,home,home
30008_2022-12-08,2.0,bike,46415.0,46711.0,296.0,home,home
30008_2022-12-08,3.0,bike,59460.0,60969.0,1509.0,home,education
30008_2022-12-08,4.0,bike,64794.0,66262.0,1468.0,education,home
31044_2022-11-30,0.0,mpt,26097.0,27354.0,1257.0,home,other
31044_2022-11-30,1.0,mpt,28678.0,28880.0,202.0,other,shop
31044_2022-11-30,2.0,mpt,29315.0,30712.0,1397.0,shop,home
30600_2022-08-09,0.0,walk,24629.0,24998.0,369.0,home,other
30600_2022-08-09,1.0,walk,26385.0,26798.0,413.0,other,home
30600_2022-08-09,2.0,walk,38058.0,39901.0,1843.0,home,home
30600_2022-08-09,3.0,walk,54291.0,54912.0,621.0,home,shop
30600_2022-08-09,4.0,walk,56334.0,56428.0,94.0,shop,leisure
30600_2022-08-09,5.0,walk,58537.0,59142.0,605.0,leisure,home
31288_2022-12-22,0.0,mpt,57491.0,57894.0,403.0,home,leisure
31288_2022-12-22,1.0,mpt,62012.0,62341.0,329.0,leisure,home
31295_2022-10-31,0.0,mpt,21469.0,21829.0,360.0,home,work
31295_2022-10-31,1.0,mpt,39287.0,39493.0,206.0,work,home
31295_2022-10-31,2.0,mpt,42923.0,43280.0,357.0,home,education
31295_2022-10-31,3.0,mpt,54268.0,54772.0,504.0,education,home
31295_2022-10-31,4.0,mpt,62101.0,63116.0,1015.0,home,home
31295_2022-10-31,5.0,mpt,67314.0,68103.0,789.0,home,home
31186_2022-11-14,0.0,walk,21569.0,23078.0,1509.0,home,leisure
31186_2022-11-14,1.0,walk,28644.0,29179.0,535.0,leisure,shop
31186_2022-11-14,2.0,pt,30089.0,31405.0,1316.0,shop,home
31186_2022-11-14,3.0,mpt,43632.0,44138.0,506.0,home,education
31186_2022-11-14,4.0,mpt,53124.0,53936.0,812.0,education,home
31186_2022-11-14,5.0,walk,66004.0,68348.0,2344.0,home,leisure
31186_2022-11-14,6.0,walk,75611.0,77289.0,1678.0,leisure,home
30838_2022-12-09,0.0,walk,35468.0,35768.0,300.0,home,other
30838_2022-12-09,1.0,walk,37856.0,38508.0,652.0,other,home
30838_2022-12-09,2.0,walk,46865.0,47072.0,207.0,home,shop
30838_2022-12-09,3.0,walk,47530.0,47861.0,331.0,shop,home
30838_2022-12-09,4.0,mpt,59290.0,72176.0,12886.0,home,home
30049_2022-12-09,0.0,walk,25513.0,26041.0,528.0,home,work
30049_2022-12-09,1.0,walk,46381.0,46662.0,281.0,work,home
30932_2022-11-06,0.0,mpt,41888.0,42856.0,968.0,home,leisure
30932_2022-11-06,1.0,walk,53483.0,58120.0,4637.0,leisure,leisure
30932_2022-11-06,2.0,pt,66788.0,70012.0,3224.0,leisure,other
30932_2022-11-06,3.0,pt,70399.0,71484.0,1085.0,other,home
30277_2022-08-17,0.0,bike,39157.0,40353.0,1196.0,home,work
30277_2022-08-17,1.0,bike,58787.0,60223.0,1436.0,work,home
30878_2022-09-07,0.0,mpt,29278.0,30739.0,1461.0,home,other
30878_2022-09-07,1.0,walk,31116.0,31479.0,363.0,other,education
30878_2022-09-07,2.0,mpt,37016.0,38503.0,1487.0,education,home
30878_2022-09-07,3.0,mpt,42229.0,43466.0,1237.0,home,education
30878_2022-09-07,4.0,mpt,45799.0,46697.0,898.0,education,home
30434_2022-10-19,0.0,mpt,15421.0,16498.0,1077.0,home,education
30434_2022-10-19,1.0,mpt,27148.0,28019.0,871.0,education,other
30434_2022-10-19,2.0,mpt,34187.0,35212.0,1025.0,other,home
30769_2022-10-20,0.0,walk,20094.0,21230.0,1136.0,home,home
30769_2022-10-20,1.0,mpt,25599.0,28342.0,2743.0,home,education
30769_2022-10-20,2.0,mpt,32253.0,34898.0,2645.0,education,shop
30769_2022-10-20,3.0,mpt,35972.0,36495.0,523.0,shop,home
30769_2022-10-20,4.0,mpt,56744.0,57160.0,416.0,home,home
30769_2022-10-20,5.0,mpt,59336.0,59828.0,492.0,home,home
30012_2022-08-03,0.0,mpt,22038.0,23179.0,1141.0,home,education
30012_2022-08-03,1.0,mpt,41343.0,42674.0,1331.0,education,education
30012_2022-08-03,2.0,mpt,57544.0,58783.0,1239.0,education,home
30012_2022-08-03,3.0,mpt,68919.0,70134.0,1215.0,home,other
30012_2022-08-03,4.0,mpt,70647.0,71703.0,1056.0,other,home
30102_2022-11-07,0.0,mpt,19605.0,21075.0,1470.0,home,leisure
30102_2022-11-07,1.0,mpt,25340.0,26816.0,1476.0,leisure,home
30102_2022-11-07,2.0,walk,30833.0,31179.0,346.0,home,other
30102_2022-11-07,3.0,walk,32752.0,33049.0,297.0,other,home
30102_2022-11-07,4.0,walk,42954.0,48024.0,5070.0,home,leisure
30102_2022-11-07,5.0,walk,49903.0,50518.0,615.0,leisure,leisure
30102_2022-11-07,6.0,walk,50918.0,51028.0,110.0,leisure,home
31193_2022-10-31,0.0,mpt,22667.0,23317.0,650.0,home,education
31193_2022-10-31,1.0,mpt,26606.0,29412.0,2806.0,education,education
31193_2022-10-31,2.0,walk,31801.0,31853.0,52.0,education,education
31193_2022-10-31,3.0,mpt,32382.0,32472.0,90.0,education,education
31193_2022-10-31,4.0,mpt,37681.0,38444.0,763.0,education,home
31193_2022-10-31,5.0,mpt,42884.0,43465.0,581.0,home,education
31193_2022-10-31,6.0,walk,44930.0,44947.0,17.0,education,education
31193_2022-10-31,7.0,mpt,46253.0,47499.0,1246.0,education,education
31193_2022-10-31,8.0,mpt,48706.0,51907.0,3201.0,education,home
30026_2022-12-06,0.0,walk,24606.0,24812.0,206.0,home,home
30889_2022-11-02,0.0,bike,60639.0,61272.0,633.0,home,leisure
30889_2022-11-02,1.0,bike,68792.0,69403.0,611.0,leisure,home
31071_2022-11-07,0.0,walk,31225.0,31573.0,348.0,home,other
31071_2022-11-07,1.0,pt,31992.0,33593.0,1601.0,other,other
31071_2022-11-07,2.0,walk,41105.0,42985.0,1880.0,other,shop
31071_2022-11-07,3.0,mpt,43960.0,45824.0,1864.0,shop,home
30980_2022-11-17,0.0,pt,18177.0,22014.0,3837.0,home,work
30980_2022-11-17,1.0,pt,60343.0,64429.0,4086.0,work,home
30543_2022-10-12,0.0,mpt,54479.0,55560.0,1081.0,home,shop
30543_2022-10-12,1.0,mpt,58705.0,59379.0,674.0,shop,home
31087_2022-08-25,0.0,walk,17934.0,23087.0,5153.0,home,home
31087_2022-08-25,1.0,mpt,34755.0,42156.0,7401.0,home,home
31087_2022-08-25,2.0,walk,42813.0,43688.0,875.0,home,home
31087_2022-08-25,3.0,mpt,56189.0,56762.0,573.0,home,home
31087_2022-08-25,4.0,walk,57474.0,58269.0,795.0,home,home
31087_2022-08-25,5.0,walk,60009.0,60029.0,20.0,home,home
31087_2022-08-25,6.0,walk,64213.0,64301.0,88.0,home,leisure
31087_2022-08-25,7.0,walk,69477.0,71226.0,1749.0,leisure,home
30342_2022-11-01,0.0,bike,23685.0,25132.0,1447.0,home,work
30342_2022-11-01,1.0,bike,61473.0,62368.0,895.0,work,home
30303_2022-11-03,0.0,mpt,20861.0,22012.0,1151.0,home,education
30303_2022-11-03,1.0,mpt,37685.0,38350.0,665.0,education,leisure
30303_2022-11-03,2.0,mpt,44901.0,45613.0,712.0,leisure,home
30303_2022-11-03,3.0,mpt,56753.0,59477.0,2724.0,home,home
30303_2022-11-03,4.0,walk,65130.0,65186.0,56.0,home,home
30303_2022-11-03,5.0,mpt,72552.0,72674.0,122.0,home,home
31074_2022-08-17,0.0,pt,36900.0,42472.0,5572.0,home,home
31074_2022-08-17,1.0,pt,52497.0,55445.0,2948.0,home,shop
31074_2022-08-17,2.0,walk,58731.0,60876.0,2145.0,shop,home
31119_2023-01-08,0.0,mpt,26882.0,27592.0,710.0,home,home
31119_2023-01-08,1.0,mpt,38203.0,39072.0,869.0,home,home
31119_2023-01-08,2.0,mpt,65600.0,69396.0,3796.0,home,education
31119_2023-01-08,3.0,mpt,71253.0,72778.0,1525.0,education,home
31206_2022-08-30,0.0,mpt,53289.0,57641.0,4352.0,home,home
31186_2022-11-22,0.0,mpt,24753.0,25419.0,666.0,home,education
31186_2022-11-22,1.0,walk,29416.0,29553.0,137.0,education,education
31186_2022-11-22,2.0,walk,32404.0,32593.0,189.0,education,education
31186_2022-11-22,3.0,mpt,37246.0,37877.0,631.0,education,home
31186_2022-11-22,4.0,mpt,45263.0,46759.0,1496.0,home,home
31186_2022-11-22,5.0,mpt,51275.0,52984.0,1709.0,home,home
31186_2022-11-22,6.0,mpt,53356.0,54529.0,1173.0,home,home
30049_2022-12-07,0.0,walk,26143.0,26175.0,32.0,home,education
30049_2022-12-07,1.0,mpt,27348.0,27420.0,72.0,education,education
30049_2022-12-07,2.0,other,36587.0,40253.0,3666.0,education,leisure
30049_2022-12-07,3.0,mpt,42739.0,43317.0,578.0,leisure,education
30049_2022-12-07,4.0,pt,58328.0,58399.0,71.0,education,education
30049_2022-12-07,5.0,walk,59030.0,59226.0,196.0,education,home
30831_2022-08-15,0.0,mpt,56369.0,56627.0,258.0,home,leisure
30831_2022-08-15,1.0,pt,57953.0,69256.0,11303.0,leisure,home
30317_2022-11-18,0.0,pt,46033.0,48571.0,2538.0,home,other
30317_2022-11-18,1.0,pt,48988.0,53654.0,4666.0,other,shop
30317_2022-11-18,2.0,walk,54684.0,54946.0,262.0,shop,shop
30317_2022-11-18,3.0,walk,55446.0,56012.0,566.0,shop,shop
30317_2022-11-18,4.0,pt,56542.0,57319.0,777.0,shop,other
30317_2022-11-18,5.0,pt,59231.0,63941.0,4710.0,other,other
30317_2022-11-18,6.0,pt,64644.0,66506.0,1862.0,other,other
30317_2022-11-18,7.0,pt,66965.0,67530.0,565.0,other,home
30517_2022-11-14,0.0,walk,52582.0,52799.0,217.0,home,shop
30517_2022-11-14,1.0,mpt,54316.0,54716.0,400.0,shop,home
30517_2022-11-14,2.0,bike,69696.0,70307.0,611.0,home,leisure
30517_2022-11-14,3.0,bike,75265.0,75492.0,227.0,leisure,home
30985_2022-09-20,0.0,pt,24834.0,28492.0,3658.0,home,other
30985_2022-09-20,1.0,walk,30807.0,32735.0,1928.0,other,other
30985_2022-09-20,2.0,walk,33255.0,33347.0,92.0,other,other
30985_2022-09-20,3.0,walk,34947.0,36041.0,1094.0,other,other
30985_2022-09-20,4.0,pt,37583.0,38570.0,987.0,other,leisure
30985_2022-09-20,5.0,walk,42214.0,43071.0,857.0,leisure,other
30985_2022-09-20,6.0,walk,43813.0,44417.0,604.0,other,other
30985_2022-09-20,7.0,pt,47726.0,50695.0,2969.0,other,home
30729_2022-11-29,0.0,walk,64738.0,65183.0,445.0,home,education
30729_2022-11-29,1.0,walk,69547.0,69843.0,296.0,education,home
30536_2022-10-17,0.0,mpt,18510.0,20354.0,1844.0,home,education
30536_2022-10-17,1.0,mpt,23802.0,26963.0,3161.0,education,education
30536_2022-10-17,2.0,mpt,31065.0,32072.0,1007.0,education,education
30536_2022-10-17,3.0,mpt,40909.0,46220.0,5311.0,education,home
30502_2022-10-20,0.0,walk,37969.0,42464.0,4495.0,home,work
31134_2022-10-11,0.0,bike,19694.0,19922.0,228.0,home,work
31134_2022-10-11,1.0,bike,57958.0,58540.0,582.0,work,home
31134_2022-10-11,2.0,walk,60789.0,61090.0,301.0,home,home
30399_2022-12-20,0.0,mpt,16242.0,17062.0,820.0,home,education
30399_2022-12-20,1.0,walk,37858.0,37989.0,131.0,education,leisure
30399_2022-12-20,2.0,walk,39375.0,39540.0,165.0,leisure,education
30399_2022-12-20,3.0,mpt,48642.0,49419.0,777.0,education,shop
30399_2022-12-20,4.0,mpt,50624.0,50960.0,336.0,shop,home
30399_2022-12-20,5.0,walk,51872.0,55433.0,3561.0,home,home
30704_2022-11-21,0.0,walk,32992.0,35445.0,2453.0,home,home
30538_2022-11-11,0.0,walk,26333.0,27559.0,1226.0,home,home
30538_2022-11-11,1.0,walk,71662.0,72295.0,633.0,home,leisure
30538_2022-11-11,2.0,walk,73555.0,74278.0,723.0,leisure,home
30265_2022-08-11,0.0,mpt,25500.0,26505.0,1005.0,home,shop
30265_2022-08-11,1.0,mpt,30101.0,31445.0,1344.0,shop,home
31094_2023-01-03,0.0,walk,19393.0,20779.0,1386.0,home,home
31094_2023-01-03,1.0,walk,51321.0,54698.0,3377.0,home,home
31094_2023-01-03,2.0,walk,70149.0,70265.0,116.0,home,home
30083_2022-11-24,0.0,pt,24132.0,25125.0,993.0,home,work
30083_2022-11-24,1.0,bike,57515.0,58330.0,815.0,work,home
30450_2022-09-09,0.0,mpt,20176.0,20398.0,222.0,other,work
30450_2022-09-09,1.0,walk,55189.0,55645.0,456.0,work,leisure
30450_2022-09-09,2.0,walk,57237.0,57377.0,140.0,leisure,other
30388_2022-12-09,0.0,pt,27367.0,29748.0,2381.0,home,work
30388_2022-12-09,1.0,walk,41837.0,41930.0,93.0,work,work
30388_2022-12-09,2.0,pt,57986.0,59464.0,1478.0,work,home
30099_2022-08-21,0.0,walk,34004.0,38560.0,4556.0,home,leisure
30099_2022-08-21,1.0,walk,38925.0,39847.0,922.0,leisure,home
30511_2022-09-27,0.0,mpt,31811.0,32711.0,900.0,home,shop
30511_2022-09-27,1.0,mpt,33177.0,33952.0,775.0,shop,home
30511_2022-09-27,2.0,mpt,55439.0,57276.0,1837.0,home,leisure
30511_2022-09-27,3.0,mpt,69231.0,70200.0,969.0,leisure,home
30461_2022-11-01,0.0,pt,19117.0,24412.0,5295.0,home,education
30461_2022-11-01,1.0,walk,39044.0,39290.0,246.0,education,leisure
30461_2022-11-01,2.0,pt,39835.0,41759.0,1924.0,leisure,shop
30461_2022-11-01,3.0,pt,42196.0,45405.0,3209.0,shop,home
30461_2022-11-01,4.0,mpt,49964.0,50469.0,505.0,home,home
30461_2022-11-01,5.0,mpt,69222.0,69802.0,580.0,home,home
31163_2022-10-19,0.0,mpt,33753.0,33906.0,153.0,home,shop
31163_2022-10-19,1.0,mpt,34633.0,34804.0,171.0,shop,home
31163_2022-10-19,2.0,mpt,40877.0,41088.0,211.0,home,other
31163_2022-10-19,3.0,mpt,46841.0,47100.0,259.0,other,home
31163_2022-10-19,4.0,walk,53956.0,54072.0,116.0,home,other
31163_2022-10-19,5.0,walk,54499.0,54609.0,110.0,other,home
31150_2022-12-20,0.0,bike,60356.0,60759.0,403.0,home,other
31150_2022-12-20,1.0,bike,64847.0,65170.0,323.0,other,home
30800_2023-01-12,0.0,walk,24837.0,26203.0,1366.0,home,other
30800_2023-01-12,1.0,walk,28578.0,28731.0,153.0,other,other
30800_2023-01-12,2.0,walk,29154.0,29308.0,154.0,other,home
30800_2023-01-12,3.0,walk,49884.0,51303.0,1419.0,home,home
30434_2022-11-09,0.0,mpt,18969.0,19969.0,1000.0,home,education
30434_2022-11-09,1.0,mpt,38976.0,39764.0,788.0,education,home
31295_2022-11-06,0.0,walk,33243.0,36737.0,3494.0,home,home
30463_2022-09-26,0.0,bike,29706.0,30416.0,710.0,home,leisure
30463_2022-09-26,1.0,bike,34399.0,34581.0,182.0,leisure,home
30592_2022-11-10,0.0,mpt,23353.0,23881.0,528.0,home,work
30592_2022-11-10,1.0,mpt,52263.0,53181.0,918.0,work,home
30592_2022-11-10,2.0,walk,55636.0,57407.0,1771.0,home,home
30053_2022-11-17,0.0,mpt,22791.0,23666.0,875.0,home,shop
30053_2022-11-17,1.0,walk,24052.0,24307.0,255.0,shop,education
30053_2022-11-17,2.0,mpt,43192.0,43599.0,407.0,education,shop
30053_2022-11-17,3.0,walk,44142.0,44432.0,290.0,shop,shop
30053_2022-11-17,4.0,mpt,44819.0,45945.0,1126.0,shop,education
30053_2022-11-17,5.0,mpt,57578.0,59380.0,1802.0,education,home
30053_2022-11-17,6.0,mpt,62195.0,64564.0,2369.0,home,education
30053_2022-11-17,7.0,mpt,75531.0,77611.0,2080.0,education,home
30339_2022-12-07,0.0,mpt,26473.0,32909.0,6436.0,home,leisure
30339_2022-12-07,1.0,mpt,35242.0,41055.0,5813.0,leisure,leisure
30339_2022-12-07,2.0,mpt,43177.0,46494.0,3317.0,leisure,other
30339_2022-12-07,3.0,mpt,47878.0,53550.0,5672.0,other,home
30339_2022-12-07,4.0,mpt,54845.0,56411.0,1566.0,home,leisure
30339_2022-12-07,5.0,walk,57293.0,57679.0,386.0,leisure,other
30339_2022-12-07,6.0,walk,58363.0,58457.0,94.0,other,leisure
30339_2022-12-07,7.0,walk,62229.0,62653.0,424.0,leisure,leisure
30339_2022-12-07,8.0,mpt,71277.0,72525.0,1248.0,leisure,home
30657_2022-11-03,0.0,walk,22946.0,27812.0,4866.0,education,education
30657_2022-11-03,1.0,mpt,28513.0,28651.0,138.0,education,education
30657_2022-11-03,2.0,mpt,31577.0,31695.0,118.0,education,home
30010_2022-11-28,0.0,pt,23352.0,24610.0,1258.0,home,leisure
30010_2022-11-28,1.0,walk,31205.0,31534.0,329.0,leisure,shop
30010_2022-11-28,2.0,pt,32007.0,33558.0,1551.0,shop,home
31085_2022-09-15,0.0,mpt,27683.0,28297.0,614.0,home,other
31085_2022-09-15,1.0,mpt,28821.0,29990.0,1169.0,other,shop
31085_2022-09-15,2.0,mpt,31453.0,33075.0,1622.0,shop,work
31085_2022-09-15,3.0,mpt,33844.0,34013.0,169.0,work,education
31085_2022-09-15,4.0,mpt,34493.0,36209.0,1716.0,education,home
31175_2022-08-25,0.0,walk,36363.0,37355.0,992.0,home,home
31175_2022-08-25,1.0,walk,60079.0,60186.0,107.0,home,home
30633_2022-11-15,0.0,walk,25102.0,26391.0,1289.0,home,leisure
30633_2022-11-15,1.0,walk,26820.0,27044.0,224.0,leisure,home
30633_2022-11-15,2.0,walk,37695.0,38403.0,708.0,home,other
30633_2022-11-15,3.0,walk,38983.0,40291.0,1308.0,other,home
30633_2022-11-15,4.0,walk,44806.0,45735.0,929.0,home,shop
30633_2022-11-15,5.0,walk,46122.0,46774.0,652.0,shop,home
30633_2022-11-15,6.0,walk,50546.0,51237.0,691.0,home,other
30633_2022-11-15,7.0,walk,51950.0,53529.0,1579.0,other,home
30663_2022-10-30,0.0,walk,16475.0,16806.0,331.0,home,home
30663_2022-10-30,1.0,walk,22842.0,24744.0,1902.0,home,leisure
30663_2022-10-30,2.0,walk,31282.0,40058.0,8776.0,leisure,shop
30663_2022-10-30,3.0,walk,40726.0,44474.0,3748.0,shop,leisure
30663_2022-10-30,4.0,pt,45437.0,46640.0,1203.0,leisure,other
30663_2022-10-30,5.0,mpt,47204.0,51825.0,4621.0,other,home
30663_2022-10-30,6.0,mpt,57743.0,62333.0,4590.0,home,home
30243_2022-08-26,0.0,mpt,21056.0,22969.0,1913.0,home,shop
30243_2022-08-26,1.0,pt,23385.0,24740.0,1355.0,shop,home
30243_2022-08-26,2.0,mpt,39540.0,43519.0,3979.0,home,home
30490_2022-11-13,0.0,walk,33611.0,33752.0,141.0,home,leisure
30490_2022-11-13,1.0,walk,56459.0,57561.0,1102.0,leisure,home
30872_2022-11-10,0.0,mpt,25009.0,25604.0,595.0,home,leisure
30872_2022-11-10,1.0,mpt,28316.0,29697.0,1381.0,leisure,education
30872_2022-11-10,2.0,bike,37587.0,38007.0,420.0,education,other
30872_2022-11-10,3.0,bike,38402.0,39472.0,1070.0,other,home
30872_2022-11-10,4.0,walk,57937.0,58440.0,503.0,home,home
30399_2022-11-24,0.0,mpt,36731.0,37605.0,874.0,home,other
30399_2022-11-24,1.0,mpt,39824.0,40496.0,672.0,other,home
30399_2022-11-24,2.0,bike,54911.0,55324.0,413.0,home,other
30399_2022-11-24,3.0,bike,56080.0,56477.0,397.0,other,home
30803_2022-12-26,0.0,bike,39603.0,40268.0,665.0,home,leisure
30803_2022-12-26,1.0,bike,45935.0,46203.0,268.0,leisure,home
31308_2022-09-21,0.0,walk,15050.0,15652.0,602.0,home,home
31308_2022-09-21,1.0,walk,33854.0,34754.0,900.0,home,home
31308_2022-09-21,2.0,walk,46123.0,46674.0,551.0,home,home
31308_2022-09-21,3.0,mpt,48235.0,50378.0,2143.0,home,home
31308_2022-09-21,4.0,walk,58152.0,58228.0,76.0,home,shop
31308_2022-09-21,5.0,mpt,63349.0,66215.0,2866.0,shop,home
31308_2022-09-21,6.0,walk,74742.0,74956.0,214.0,home,home
30007_2022-10-20,0.0,walk,17997.0,21733.0,3736.0,home,work
30007_2022-10-20,1.0,mpt,58140.0,60858.0,2718.0,work,leisure
30007_2022-10-20,2.0,mpt,73047.0,75155.0,2108.0,leisure,leisure
30007_2022-10-20,3.0,mpt,76113.0,76499.0,386.0,leisure,home
31308_2022-09-14,0.0,walk,18724.0,19330.0,606.0,home,home
31308_2022-09-14,1.0,walk,34428.0,36591.0,2163.0,home,home
31308_2022-09-14,2.0,walk,37868.0,38491.0,623.0,home,home
31308_2022-09-14,3.0,walk,61819.0,62020.0,201.0,home,home
30842_2022-11-11,0.0,mpt,64631.0,66370.0,1739.0,home,home
30083_2022-12-15,0.0,pt,39058.0,39986.0,928.0,home,work
30083_2022-12-15,1.0,bike,59105.0,59823.0,718.0,work,home
30083_2022-12-15,2.0,walk,60333.0,60940.0,607.0,home,home
30083_2022-12-15,3.0,walk,61690.0,62231.0,541.0,home,leisure
30083_2022-12-15,4.0,walk,66471.0,67130.0,659.0,leisure,home
31017_2022-10-26,0.0,walk,39967.0,41742.0,1775.0,home,home
31022_2022-08-23,0.0,mpt,43215.0,45037.0,1822.0,home,shop
31022_2022-08-23,1.0,mpt,46882.0,49092.0,2210.0,shop,home
30366_2022-12-07,0.0,mpt,20039.0,21115.0,1076.0,home,work
30366_2022-12-07,1.0,mpt,40803.0,41660.0,857.0,work,work
30366_2022-12-07,2.0,mpt,47791.0,48320.0,529.0,work,other
30366_2022-12-07,3.0,mpt,51840.0,52536.0,696.0,other,education
30366_2022-12-07,4.0,mpt,65054.0,65810.0,756.0,education,home
30872_2022-11-15,0.0,walk,28212.0,28863.0,651.0,home,home
30872_2022-11-15,1.0,bike,37317.0,37728.0,411.0,home,other
30872_2022-11-15,2.0,bike,38466.0,38985.0,519.0,other,home
30872_2022-11-15,3.0,bike,43854.0,44917.0,1063.0,home,home
30505_2022-12-21,0.0,pt,43257.0,47351.0,4094.0,home,shop
30505_2022-12-21,1.0,pt,49149.0,49909.0,760.0,shop,home
30505_2022-12-21,2.0,pt,51436.0,52482.0,1046.0,home,home
30505_2022-12-21,3.0,pt,57079.0,57157.0,78.0,home,other
30505_2022-12-21,4.0,pt,57921.0,58854.0,933.0,other,home
30819_2022-12-02,0.0,walk,56587.0,58041.0,1454.0,home,other
30819_2022-12-02,1.0,walk,58609.0,59091.0,482.0,other,leisure
30819_2022-12-02,2.0,pt,63664.0,65045.0,1381.0,leisure,home
30819_2022-12-02,3.0,pt,75088.0,76505.0,1417.0,home,home
31023_2022-11-27,0.0,walk,52196.0,58528.0,6332.0,home,home
31087_2022-08-23,0.0,walk,18864.0,25110.0,6246.0,home,home
31087_2022-08-23,1.0,walk,43316.0,43878.0,562.0,home,home
31087_2022-08-23,2.0,walk,62123.0,62425.0,302.0,home,other
31087_2022-08-23,3.0,walk,63157.0,63807.0,650.0,other,education
31087_2022-08-23,4.0,walk,64598.0,64845.0,247.0,education,other
31087_2022-08-23,5.0,walk,65378.0,65613.0,235.0,other,home
31087_2022-08-23,6.0,walk,77661.0,77675.0,14.0,home,home
30448_2022-10-18,0.0,mpt,23289.0,23788.0,499.0,home,other
30448_2022-10-18,1.0,walk,24266.0,24382.0,116.0,other,shop
30448_2022-10-18,2.0,mpt,26265.0,26864.0,599.0,shop,other
30448_2022-10-18,3.0,mpt,33516.0,33984.0,468.0,other,other
30448_2022-10-18,4.0,mpt,34744.0,35325.0,581.0,other,home
30448_2022-10-18,5.0,walk,39573.0,39700.0,127.0,home,home
30448_2022-10-18,6.0,mpt,40358.0,41142.0,784.0,home,home
30448_2022-10-18,7.0,mpt,42594.0,42857.0,263.0,home,home
30448_2022-10-18,8.0,mpt,47230.0,47833.0,603.0,home,other
30448_2022-10-18,9.0,mpt,53957.0,54499.0,542.0,other,home
30544_2022-10-26,0.0,walk,21565.0,22971.0,1406.0,home,home
30544_2022-10-26,1.0,walk,55188.0,55456.0,268.0,home,home
30544_2022-10-26,2.0,mpt,62160.0,62459.0,299.0,home,other
30544_2022-10-26,3.0,mpt,62912.0,63238.0,326.0,other,other
30544_2022-10-26,4.0,mpt,63923.0,64176.0,253.0,other,home
31055_2022-09-27,0.0,mpt,31436.0,32643.0,1207.0,home,other
31055_2022-09-27,1.0,walk,33749.0,33971.0,222.0,other,leisure
31055_2022-09-27,2.0,walk,35290.0,35489.0,199.0,leisure,leisure
31055_2022-09-27,3.0,walk,36195.0,36394.0,199.0,leisure,leisure
31055_2022-09-27,4.0,walk,37604.0,38039.0,435.0,leisure,leisure
31055_2022-09-27,5.0,walk,39865.0,40520.0,655.0,leisure,other
31055_2022-09-27,6.0,mpt,42207.0,44520.0,2313.0,other,home
31055_2022-09-27,7.0,mpt,61110.0,61650.0,540.0,home,other
31055_2022-09-27,8.0,walk,62013.0,62630.0,617.0,other,leisure
31055_2022-09-27,9.0,walk,74684.0,74732.0,48.0,leisure,leisure
31055_2022-09-27,10.0,mpt,79200.0,81065.0,1865.0,leisure,home
31085_2022-10-11,0.0,mpt,21366.0,22363.0,997.0,home,education
31085_2022-10-11,1.0,mpt,27650.0,29322.0,1672.0,education,education
31085_2022-10-11,2.0,walk,35763.0,35981.0,218.0,education,education
31085_2022-10-11,3.0,mpt,46505.0,50111.0,3606.0,education,education
31085_2022-10-11,4.0,mpt,51105.0,52666.0,1561.0,education,home
30819_2022-12-14,0.0,pt,31862.0,33358.0,1496.0,home,education
30819_2022-12-14,1.0,walk,42426.0,42640.0,214.0,education,work
30819_2022-12-14,2.0,pt,55536.0,58772.0,3236.0,work,home
30819_2022-12-14,3.0,walk,69196.0,69423.0,227.0,home,home
31044_2022-11-22,0.0,mpt,25456.0,26453.0,997.0,home,education
31044_2022-11-22,1.0,walk,35163.0,35688.0,525.0,education,work
31044_2022-11-22,2.0,walk,42536.0,44141.0,1605.0,work,education
31044_2022-11-22,3.0,walk,51350.0,51418.0,68.0,education,education
31044_2022-11-22,4.0,mpt,54261.0,55125.0,864.0,education,other
31044_2022-11-22,5.0,mpt,57673.0,58032.0,359.0,other,home
30681_2022-12-01,0.0,mpt,30772.0,32761.0,1989.0,home,education
30681_2022-12-01,1.0,mpt,35507.0,36999.0,1492.0,education,shop
30681_2022-12-01,2.0,mpt,37528.0,39134.0,1606.0,shop,home
30681_2022-12-01,3.0,mpt,45431.0,46171.0,740.0,home,education
30681_2022-12-01,4.0,mpt,51316.0,52023.0,707.0,education,shop
30681_2022-12-01,5.0,mpt,55030.0,56073.0,1043.0,shop,education
30681_2022-12-01,6.0,mpt,57385.0,58098.0,713.0,education,home
30148_2022-12-28,0.0,bike,39376.0,43536.0,4160.0,home,home
30650_2022-12-20,0.0,mpt,36310.0,37156.0,846.0,home,other
30650_2022-12-20,1.0,mpt,37690.0,39146.0,1456.0,other,other
30650_2022-12-20,2.0,mpt,39966.0,47842.0,7876.0,other,other
30650_2022-12-20,3.0,mpt,48945.0,60698.0,11753.0,other,home
30650_2022-12-20,4.0,mpt,61739.0,66833.0,5094.0,home,home
30760_2022-12-04,0.0,walk,31830.0,35170.0,3340.0,home,leisure
30760_2022-12-04,1.0,pt,38554.0,42414.0,3860.0,leisure,home
30760_2022-12-04,2.0,walk,47266.0,47302.0,36.0,home,leisure
30760_2022-12-04,3.0,pt,49055.0,51980.0,2925.0,leisure,leisure
30760_2022-12-04,4.0,walk,57912.0,58686.0,774.0,leisure,leisure
30760_2022-12-04,5.0,walk,61678.0,61718.0,40.0,leisure,leisure
30760_2022-12-04,6.0,mpt,62431.0,62573.0,142.0,leisure,leisure
30760_2022-12-04,7.0,pt,70563.0,72382.0,1819.0,leisure,home
30080_2022-07-27,0.0,walk,46832.0,48399.0,1567.0,home,shop
30080_2022-07-27,1.0,walk,49358.0,49583.0,225.0,shop,home
30724_2022-11-01,0.0,pt,31475.0,31934.0,459.0,home,other
30724_2022-11-01,1.0,pt,32318.0,35490.0,3172.0,other,education
30724_2022-11-01,2.0,pt,48710.0,50179.0,1469.0,education,other
30724_2022-11-01,3.0,pt,50847.0,52732.0,1885.0,other,other
30724_2022-11-01,4.0,pt,53098.0,55305.0,2207.0,other,home
30685_2022-12-07,0.0,bike,58516.0,59025.0,509.0,home,other
30685_2022-12-07,1.0,bike,61274.0,61793.0,519.0,other,shop
30685_2022-12-07,2.0,bike,62279.0,62413.0,134.0,shop,other
30685_2022-12-07,3.0,bike,63088.0,63517.0,429.0,other,shop
30685_2022-12-07,4.0,bike,63898.0,64137.0,239.0,shop,home
30905_2022-09-11,0.0,mpt,30756.0,31906.0,1150.0,home,other
30905_2022-09-11,1.0,walk,32814.0,32887.0,73.0,other,other
30905_2022-09-11,2.0,mpt,33855.0,35308.0,1453.0,other,home
30905_2022-09-11,3.0,mpt,49806.0,51824.0,2018.0,home,other
30905_2022-09-11,4.0,mpt,57729.0,59373.0,1644.0,other,home
30746_2022-12-06,0.0,bike,24778.0,25080.0,302.0,home,education
30746_2022-12-06,1.0,bike,39301.0,39740.0,439.0,education,leisure
30746_2022-12-06,2.0,bike,43428.0,43855.0,427.0,leisure,education
30746_2022-12-06,3.0,bike,60306.0,60672.0,366.0,education,home
30342_2022-10-08,0.0,bike,21608.0,22292.0,684.0,home,shop
30342_2022-10-08,1.0,bike,23046.0,23300.0,254.0,shop,home
30342_2022-10-08,2.0,bike,26591.0,26879.0,288.0,home,home
30342_2022-10-08,3.0,bike,27848.0,28082.0,234.0,home,home
30303_2022-11-04,0.0,mpt,20718.0,21904.0,1186.0,home,education
30303_2022-11-04,1.0,mpt,38193.0,38910.0,717.0,education,home
30303_2022-11-04,2.0,mpt,44541.0,45549.0,1008.0,home,home
30303_2022-11-04,3.0,mpt,55906.0,56327.0,421.0,home,other
30303_2022-11-04,4.0,mpt,56827.0,57271.0,444.0,other,home
30303_2022-11-04,5.0,walk,66752.0,67003.0,251.0,home,home
30303_2022-11-04,6.0,mpt,68035.0,68261.0,226.0,home,leisure
30303_2022-11-04,7.0,pt,75931.0,76256.0,325.0,leisure,home
30903_2022-11-30,0.0,mpt,59649.0,62124.0,2475.0,home,shop
30903_2022-11-30,1.0,mpt,62585.0,63254.0,669.0,shop,other
30903_2022-11-30,2.0,walk,64716.0,64733.0,17.0,other,leisure
30903_2022-11-30,3.0,mpt,65573.0,65798.0,225.0,leisure,other
30903_2022-11-30,4.0,mpt,69969.0,72438.0,2469.0,other,leisure
30903_2022-11-30,5.0,mpt,74400.0,76280.0,1880.0,leisure,leisure
31002_2022-12-09,0.0,walk,37560.0,38224.0,664.0,home,other
31002_2022-12-09,1.0,walk,38832.0,38998.0,166.0,other,home
30055_2022-10-14,0.0,walk,34983.0,37693.0,2710.0,home,leisure
30055_2022-10-14,1.0,walk,39919.0,40385.0,466.0,leisure,education
30055_2022-10-14,2.0,pt,47587.0,48193.0,606.0,education,home
30055_2022-10-14,3.0,pt,58494.0,61231.0,2737.0,home,leisure
30055_2022-10-14,4.0,pt,72532.0,74247.0,1715.0,leisure,home
30538_2022-11-09,0.0,mpt,24297.0,25603.0,1306.0,home,education
30538_2022-11-09,1.0,walk,33158.0,33297.0,139.0,education,education
30538_2022-11-09,2.0,walk,33834.0,33958.0,124.0,education,education
30538_2022-11-09,3.0,walk,34367.0,34406.0,39.0,education,education
30538_2022-11-09,4.0,mpt,39572.0,40982.0,1410.0,education,home
30538_2022-11-09,5.0,mpt,41888.0,42888.0,1000.0,home,other
30538_2022-11-09,6.0,mpt,43435.0,44208.0,773.0,other,home
30538_2022-11-09,7.0,mpt,56855.0,57810.0,955.0,home,other
30538_2022-11-09,8.0,mpt,58913.0,60595.0,1682.0,other,home
31251_2022-11-30,0.0,mpt,22482.0,24101.0,1619.0,home,home
31251_2022-11-30,1.0,mpt,32643.0,33311.0,668.0,home,other
31251_2022-11-30,2.0,mpt,33809.0,35177.0,1368.0,other,home
31251_2022-11-30,3.0,mpt,56747.0,57578.0,831.0,home,home
31251_2022-11-30,4.0,mpt,58138.0,59430.0,1292.0,home,home
30064_2023-01-02,0.0,walk,30527.0,30833.0,306.0,home,education
30064_2023-01-02,1.0,walk,31820.0,32136.0,316.0,education,home
30064_2023-01-02,2.0,mpt,44773.0,47271.0,2498.0,home,home
30064_2023-01-02,3.0,mpt,63710.0,66303.0,2593.0,home,home
31248_2022-11-24,0.0,mpt,22435.0,25237.0,2802.0,home,education
31248_2022-11-24,1.0,walk,38438.0,38834.0,396.0,education,leisure
31248_2022-11-24,2.0,walk,41193.0,41492.0,299.0,leisure,education
31248_2022-11-24,3.0,mpt,56142.0,57151.0,1009.0,education,leisure
31248_2022-11-24,4.0,mpt,61194.0,63898.0,2704.0,leisure,home
31248_2022-11-24,5.0,walk,66356.0,66565.0,209.0,home,home
30429_2022-12-15,0.0,walk,21685.0,29067.0,7382.0,other,other
30429_2022-12-15,1.0,mpt,35268.0,36108.0,840.0,other,other
30429_2022-12-15,2.0,walk,36615.0,37141.0,526.0,other,other
30429_2022-12-15,3.0,walk,39835.0,44447.0,4612.0,other,other
30429_2022-12-15,4.0,mpt,54914.0,58647.0,3733.0,other,other
30429_2022-12-15,5.0,walk,61207.0,65325.0,4118.0,other,other
30429_2022-12-15,6.0,walk,66315.0,67115.0,800.0,other,home
30878_2022-08-19,0.0,mpt,27085.0,28682.0,1597.0,home,shop
30878_2022-08-19,1.0,mpt,37042.0,38299.0,1257.0,shop,home
30878_2022-08-19,2.0,pt,57640.0,61549.0,3909.0,home,other
30878_2022-08-19,3.0,pt,62195.0,62477.0,282.0,other,other
30878_2022-08-19,4.0,walk,63557.0,63658.0,101.0,other,other
30878_2022-08-19,5.0,other,64862.0,68127.0,3265.0,other,other
30878_2022-08-19,6.0,pt,74603.0,86095.0,11492.0,other,home
30119_2022-09-16,0.0,bike,27110.0,27679.0,569.0,home,shop
30119_2022-09-16,1.0,bike,28861.0,28954.0,93.0,shop,other
30119_2022-09-16,2.0,pt,31481.0,34814.0,3333.0,other,shop
30119_2022-09-16,3.0,walk,35410.0,36570.0,1160.0,shop,leisure
30119_2022-09-16,4.0,pt,43131.0,48489.0,5358.0,leisure,home
30076_2022-09-16,0.0,mpt,19707.0,20025.0,318.0,home,home
30076_2022-09-16,1.0,walk,58791.0,60907.0,2116.0,home,home
30076_2022-09-16,2.0,bike,63653.0,64578.0,925.0,home,leisure
30076_2022-09-16,3.0,bike,78813.0,79779.0,966.0,leisure,home
30718_2022-10-29,0.0,walk,32559.0,33516.0,957.0,home,home
31297_2022-07-31,0.0,mpt,31819.0,35306.0,3487.0,home,home
31297_2022-07-31,1.0,mpt,36296.0,37156.0,860.0,home,home
31085_2022-10-13,0.0,mpt,30982.0,33260.0,2278.0,home,education
31085_2022-10-13,1.0,mpt,33717.0,35820.0,2103.0,education,education
31085_2022-10-13,2.0,mpt,37697.0,38417.0,720.0,education,education
31085_2022-10-13,3.0,mpt,49699.0,51608.0,1909.0,education,education
31085_2022-10-13,4.0,mpt,52442.0,58717.0,6275.0,education,education
31085_2022-10-13,5.0,mpt,66149.0,67008.0,859.0,education,other
31085_2022-10-13,6.0,mpt,68166.0,68705.0,539.0,other,home
31085_2022-10-13,7.0,mpt,72204.0,72332.0,128.0,home,home
30180_2023-01-04,0.0,walk,23227.0,25067.0,1840.0,home,home
30180_2023-01-04,1.0,walk,39896.0,41235.0,1339.0,home,home
30180_2023-01-04,2.0,walk,64975.0,67377.0,2402.0,home,home
30948_2023-01-15,0.0,mpt,28681.0,29181.0,500.0,home,work
30948_2023-01-15,1.0,mpt,73864.0,74889.0,1025.0,work,home
30872_2022-11-16,0.0,walk,37054.0,37222.0,168.0,home,home
30872_2022-11-16,1.0,mpt,39810.0,42257.0,2447.0,home,other
30872_2022-11-16,2.0,mpt,45177.0,46718.0,1541.0,other,shop
30872_2022-11-16,3.0,walk,48026.0,48143.0,117.0,shop,shop
30872_2022-11-16,4.0,walk,52924.0,52998.0,74.0,shop,shop
30872_2022-11-16,5.0,mpt,53692.0,54941.0,1249.0,shop,home
31145_2022-11-09,0.0,walk,35497.0,36542.0,1045.0,home,shop
31145_2022-11-09,1.0,walk,40821.0,41201.0,380.0,shop,home
31145_2022-11-09,2.0,mpt,58000.0,62826.0,4826.0,home,leisure
31145_2022-11-09,3.0,mpt,71301.0,74261.0,2960.0,leisure,home
31071_2022-11-11,0.0,pt,29487.0,31872.0,2385.0,home,shop
31071_2022-11-11,1.0,pt,33304.0,36738.0,3434.0,shop,home
30530_2022-09-04,0.0,pt,17192.0,23825.0,6633.0,home,other
30530_2022-09-04,1.0,walk,26858.0,27958.0,1100.0,other,other
30530_2022-09-04,2.0,walk,28554.0,35372.0,6818.0,other,leisure
30530_2022-09-04,3.0,walk,36582.0,36811.0,229.0,leisure,leisure
30530_2022-09-04,4.0,walk,37988.0,38938.0,950.0,leisure,leisure
30530_2022-09-04,5.0,walk,42675.0,43572.0,897.0,leisure,leisure
30530_2022-09-04,6.0,pt,44230.0,50529.0,6299.0,leisure,leisure
30530_2022-09-04,7.0,pt,52766.0,54078.0,1312.0,leisure,home
30339_2022-12-05,0.0,bike,46548.0,47238.0,690.0,home,leisure
30339_2022-12-05,1.0,bike,53445.0,54184.0,739.0,leisure,home
30339_2022-12-05,2.0,mpt,54695.0,57640.0,2945.0,home,shop
30339_2022-12-05,3.0,mpt,58157.0,58502.0,345.0,shop,leisure
30339_2022-12-05,4.0,mpt,59064.0,59852.0,788.0,leisure,shop
30339_2022-12-05,5.0,mpt,60892.0,61417.0,525.0,shop,home
30981_2022-08-19,0.0,bike,21553.0,23051.0,1498.0,home,education
30981_2022-08-19,1.0,walk,26690.0,26802.0,112.0,education,education
30981_2022-08-19,2.0,walk,32007.0,32153.0,146.0,education,work
30981_2022-08-19,3.0,walk,40696.0,40889.0,193.0,work,education
30981_2022-08-19,4.0,walk,45905.0,46477.0,572.0,education,education
30981_2022-08-19,5.0,bike,51030.0,51978.0,948.0,education,work
30981_2022-08-19,6.0,walk,82673.0,82820.0,147.0,work,leisure
30981_2022-08-19,7.0,bike,83202.0,84598.0,1396.0,leisure,home
31014_2022-12-14,0.0,pt,17816.0,23218.0,5402.0,home,education
31014_2022-12-14,1.0,pt,32951.0,37601.0,4650.0,education,home
31014_2022-12-14,2.0,pt,38767.0,39189.0,422.0,home,education
31014_2022-12-14,3.0,pt,47118.0,48091.0,973.0,education,home
31014_2022-12-14,4.0,pt,49012.0,52586.0,3574.0,home,home
31163_2022-10-26,0.0,mpt,29677.0,30014.0,337.0,home,leisure
31163_2022-10-26,1.0,mpt,32032.0,33156.0,1124.0,leisure,home
31163_2022-10-26,2.0,walk,56615.0,56814.0,199.0,home,home
30316_2023-01-08,0.0,mpt,29277.0,30184.0,907.0,home,leisure
30316_2023-01-08,1.0,mpt,36039.0,37787.0,1748.0,leisure,home
30316_2023-01-08,2.0,mpt,41442.0,41940.0,498.0,home,leisure
30316_2023-01-08,3.0,pt,45719.0,46076.0,357.0,leisure,home
30316_2023-01-08,4.0,walk,52690.0,55259.0,2569.0,home,home
30430_2022-09-25,0.0,bike,28200.0,28801.0,601.0,home,leisure
30430_2022-09-25,1.0,bike,36504.0,36960.0,456.0,leisure,home
30430_2022-09-25,2.0,walk,47720.0,48510.0,790.0,home,education
30430_2022-09-25,3.0,walk,61253.0,61859.0,606.0,education,home
30413_2022-10-31,0.0,walk,30491.0,33720.0,3229.0,home,home
30413_2022-10-31,1.0,walk,35004.0,35171.0,167.0,home,home
30413_2022-10-31,2.0,walk,36635.0,36826.0,191.0,home,home
30403_2022-12-12,0.0,mpt,29907.0,30256.0,349.0,home,shop
30403_2022-12-12,1.0,mpt,32186.0,32978.0,792.0,shop,shop
30403_2022-12-12,2.0,mpt,33596.0,33766.0,170.0,shop,other
30403_2022-12-12,3.0,mpt,34509.0,37519.0,3010.0,other,other
30403_2022-12-12,4.0,mpt,42847.0,44190.0,1343.0,other,shop
30403_2022-12-12,5.0,mpt,46396.0,48669.0,2273.0,shop,home
30403_2022-12-12,6.0,walk,69423.0,70677.0,1254.0,home,home
30741_2022-12-06,0.0,walk,39325.0,40027.0,702.0,home,education
30741_2022-12-06,1.0,walk,60204.0,60827.0,623.0,education,home
30113_2022-11-22,0.0,pt,25720.0,26153.0,433.0,home,shop
30113_2022-11-22,1.0,pt,26925.0,27237.0,312.0,shop,education
30113_2022-11-22,2.0,mpt,45438.0,45951.0,513.0,education,home
30113_2022-11-22,3.0,mpt,46582.0,47113.0,531.0,home,leisure
30113_2022-11-22,4.0,mpt,47634.0,47775.0,141.0,leisure,home
30373_2022-12-12,0.0,pt,26544.0,27802.0,1258.0,home,education
30373_2022-12-12,1.0,walk,30961.0,32955.0,1994.0,education,home
30373_2022-12-12,2.0,walk,41559.0,41639.0,80.0,home,home
30373_2022-12-12,3.0,pt,62283.0,64632.0,2349.0,home,home
30151_2022-08-19,0.0,walk,54521.0,58329.0,3808.0,home,home
30728_2022-11-17,0.0,mpt,60522.0,61469.0,947.0,home,shop
30728_2022-11-17,1.0,walk,63924.0,64460.0,536.0,shop,other
30728_2022-11-17,2.0,mpt,64995.0,65207.0,212.0,other,other
30728_2022-11-17,3.0,mpt,66189.0,66463.0,274.0,other,home
30339_2022-12-13,0.0,mpt,60161.0,62701.0,2540.0,home,leisure
30339_2022-12-13,1.0,mpt,84351.0,85078.0,727.0,leisure,home
30184_2022-09-20,0.0,bike,28156.0,28507.0,351.0,home,shop
30184_2022-09-20,1.0,mpt,28929.0,30422.0,1493.0,shop,home
30184_2022-09-20,2.0,mpt,61167.0,62770.0,1603.0,home,home
31029_2022-12-11,0.0,mpt,40347.0,40907.0,560.0,home,leisure
31029_2022-12-11,1.0,mpt,53489.0,54215.0,726.0,leisure,home
30567_2022-11-28,0.0,mpt,19043.0,20222.0,1179.0,home,education
30567_2022-11-28,1.0,mpt,43998.0,45201.0,1203.0,education,home
30567_2022-11-28,2.0,walk,60302.0,65143.0,4841.0,home,home
30012_2022-08-09,0.0,mpt,26091.0,27420.0,1329.0,home,education
30012_2022-08-09,1.0,walk,36381.0,36438.0,57.0,education,leisure
30012_2022-08-09,2.0,walk,39901.0,40055.0,154.0,leisure,education
30012_2022-08-09,3.0,mpt,49129.0,50339.0,1210.0,education,education
30012_2022-08-09,4.0,mpt,64066.0,65145.0,1079.0,education,home
31080_2022-09-21,0.0,walk,61463.0,66359.0,4896.0,home,home
30176_2022-09-06,0.0,mpt,33516.0,34568.0,1052.0,home,other
30176_2022-09-06,1.0,mpt,38261.0,38905.0,644.0,other,home
30147_2022-11-18,0.0,walk,20344.0,20647.0,303.0,home,education
30147_2022-11-18,1.0,mpt,28648.0,30361.0,1713.0,education,home
30147_2022-11-18,2.0,pt,32638.0,35063.0,2425.0,home,education
30147_2022-11-18,3.0,mpt,45738.0,51536.0,5798.0,education,education
30147_2022-11-18,4.0,walk,64623.0,64869.0,246.0,education,leisure
30785_2022-11-23,0.0,mpt,43971.0,44930.0,959.0,home,education
30785_2022-11-23,1.0,pt,45560.0,49816.0,4256.0,education,home
30214_2022-08-15,0.0,walk,25864.0,27685.0,1821.0,home,other
30214_2022-08-15,1.0,walk,29008.0,29379.0,371.0,other,shop
30214_2022-08-15,2.0,pt,31687.0,33747.0,2060.0,shop,home
30371_2022-11-26,0.0,walk,30404.0,34992.0,4588.0,home,leisure
30371_2022-11-26,1.0,walk,35389.0,35437.0,48.0,leisure,home
30444_2022-09-16,0.0,walk,19137.0,19271.0,134.0,home,home
30444_2022-09-16,1.0,walk,54049.0,55385.0,1336.0,home,home
30045_2022-11-09,0.0,mpt,46324.0,47012.0,688.0,home,shop
30045_2022-11-09,1.0,mpt,47908.0,49373.0,1465.0,shop,home
30045_2022-11-09,2.0,mpt,52523.0,53444.0,921.0,home,leisure
30045_2022-11-09,3.0,mpt,58628.0,61492.0,2864.0,leisure,home
30969_2022-10-24,0.0,mpt,22243.0,23440.0,1197.0,home,shop
30969_2022-10-24,1.0,walk,23823.0,24014.0,191.0,shop,leisure
30969_2022-10-24,2.0,mpt,24601.0,25629.0,1028.0,leisure,leisure
30969_2022-10-24,3.0,mpt,28623.0,29370.0,747.0,leisure,home
30969_2022-10-24,4.0,mpt,34862.0,36907.0,2045.0,home,home
30969_2022-10-24,5.0,mpt,41134.0,44642.0,3508.0,home,home
30969_2022-10-24,6.0,mpt,56700.0,57865.0,1165.0,home,education
30969_2022-10-24,7.0,walk,58639.0,58669.0,30.0,education,education
30969_2022-10-24,8.0,mpt,59076.0,59731.0,655.0,education,shop
30969_2022-10-24,9.0,mpt,60178.0,61131.0,953.0,shop,home
30236_2022-10-14,0.0,mpt,46874.0,47383.0,509.0,home,shop
30236_2022-10-14,1.0,mpt,48471.0,48706.0,235.0,shop,shop
30236_2022-10-14,2.0,mpt,50838.0,51853.0,1015.0,shop,home
31101_2022-11-25,0.0,mpt,47059.0,47582.0,523.0,home,other
31101_2022-11-25,1.0,mpt,48722.0,48945.0,223.0,other,shop
31101_2022-11-25,2.0,mpt,53653.0,53930.0,277.0,shop,home
31101_2022-11-25,3.0,mpt,58500.0,59043.0,543.0,home,home
31101_2022-11-25,4.0,walk,61230.0,61602.0,372.0,home,shop
31101_2022-11-25,5.0,walk,62051.0,62876.0,825.0,shop,leisure
31101_2022-11-25,6.0,walk,64069.0,65941.0,1872.0,leisure,home
31076_2022-10-16,0.0,mpt,1710.0,2167.0,457.0,education,home
31076_2022-10-16,1.0,mpt,39484.0,41244.0,1760.0,home,leisure
31076_2022-10-16,2.0,walk,43617.0,43669.0,52.0,leisure,leisure
31076_2022-10-16,3.0,mpt,44212.0,45644.0,1432.0,leisure,leisure
31076_2022-10-16,4.0,walk,47461.0,50175.0,2714.0,leisure,home
31076_2022-10-16,5.0,mpt,56614.0,59524.0,2910.0,home,home
30009_2022-09-14,0.0,mpt,18990.0,21690.0,2700.0,home,education
30009_2022-09-14,1.0,walk,28267.0,28646.0,379.0,education,education
30009_2022-09-14,2.0,walk,34004.0,34257.0,253.0,education,other
30009_2022-09-14,3.0,mpt,36313.0,36730.0,417.0,other,shop
30009_2022-09-14,4.0,mpt,37602.0,38277.0,675.0,shop,education
30009_2022-09-14,5.0,walk,42340.0,42409.0,69.0,education,education
30009_2022-09-14,6.0,mpt,54065.0,55420.0,1355.0,education,other
30009_2022-09-14,7.0,mpt,56031.0,56220.0,189.0,other,home
31047_2022-11-10,0.0,pt,24266.0,25901.0,1635.0,home,shop
31047_2022-11-10,1.0,pt,26277.0,26610.0,333.0,shop,education
31047_2022-11-10,2.0,walk,40427.0,41301.0,874.0,education,other
31047_2022-11-10,3.0,walk,42225.0,43026.0,801.0,other,home
30185_2022-11-30,0.0,walk,21186.0,26650.0,5464.0,home,education
30185_2022-11-30,1.0,pt,61319.0,65471.0,4152.0,education,home
31158_2022-12-20,0.0,pt,60367.0,61372.0,1005.0,home,home
31158_2022-12-20,1.0,walk,76508.0,77058.0,550.0,home,home
30695_2022-11-14,0.0,pt,26656.0,31900.0,5244.0,home,education
30695_2022-11-14,1.0,walk,38782.0,38925.0,143.0,education,leisure
30695_2022-11-14,2.0,pt,43826.0,48660.0,4834.0,leisure,home
30695_2022-11-14,3.0,bike,58184.0,61451.0,3267.0,home,home
30695_2022-11-14,4.0,bike,61830.0,64738.0,2908.0,home,home
30211_2022-11-16,0.0,mpt,22069.0,28500.0,6431.0,home,education
30211_2022-11-16,1.0,mpt,34994.0,39544.0,4550.0,education,home
30211_2022-11-16,2.0,walk,40287.0,45643.0,5356.0,home,home
30211_2022-11-16,3.0,mpt,52424.0,53104.0,680.0,home,home
30093_2023-01-05,0.0,pt,26219.0,26637.0,418.0,home,work
30093_2023-01-05,1.0,pt,61612.0,62450.0,838.0,work,home
31055_2022-09-13,0.0,bike,20318.0,21064.0,746.0,home,home
31055_2022-09-13,1.0,bike,21599.0,22269.0,670.0,home,home
31055_2022-09-13,2.0,walk,41016.0,41203.0,187.0,home,education
31055_2022-09-13,3.0,mpt,49836.0,50124.0,288.0,education,home
31055_2022-09-13,4.0,mpt,54744.0,55375.0,631.0,home,home
31196_2022-11-16,0.0,walk,48564.0,49286.0,722.0,home,home
31196_2022-11-16,1.0,mpt,53935.0,54094.0,159.0,home,shop
31196_2022-11-16,2.0,mpt,56063.0,56234.0,171.0,shop,home
31196_2022-11-16,3.0,mpt,67441.0,67930.0,489.0,home,home
30974_2022-12-20,0.0,mpt,40368.0,41130.0,762.0,home,leisure
30974_2022-12-20,1.0,mpt,43150.0,43971.0,821.0,leisure,leisure
30617_2022-11-13,0.0,mpt,33429.0,33744.0,315.0,home,home
30617_2022-11-13,1.0,walk,41384.0,41912.0,528.0,home,leisure
30617_2022-11-13,2.0,walk,48151.0,48253.0,102.0,leisure,other
30617_2022-11-13,3.0,pt,48634.0,48995.0,361.0,other,other
30617_2022-11-13,4.0,pt,49705.0,54818.0,5113.0,other,home
30184_2022-09-26,0.0,mpt,29324.0,31613.0,2289.0,home,shop
30184_2022-09-26,1.0,mpt,32109.0,32214.0,105.0,shop,home
30184_2022-09-26,2.0,walk,43367.0,44404.0,1037.0,home,home
30184_2022-09-26,3.0,mpt,53414.0,54156.0,742.0,home,leisure
30184_2022-09-26,4.0,mpt,57727.0,58086.0,359.0,leisure,leisure
30184_2022-09-26,5.0,mpt,59226.0,61138.0,1912.0,leisure,home
31171_2022-10-26,0.0,walk,53869.0,57170.0,3301.0,home,other
31171_2022-10-26,1.0,walk,57614.0,58265.0,651.0,other,home
31171_2022-10-26,2.0,walk,66447.0,66642.0,195.0,home,other
31171_2022-10-26,3.0,walk,67029.0,67210.0,181.0,other,home
30055_2022-10-20,0.0,pt,31508.0,33196.0,1688.0,home,education
30055_2022-10-20,1.0,walk,39157.0,39625.0,468.0,education,leisure
30055_2022-10-20,2.0,walk,40659.0,41163.0,504.0,leisure,home
30055_2022-10-20,3.0,pt,57149.0,57194.0,45.0,home,other
30055_2022-10-20,4.0,pt,57701.0,58572.0,871.0,other,leisure
30055_2022-10-20,5.0,pt,65008.0,66553.0,1545.0,leisure,home
30055_2022-10-20,6.0,pt,68084.0,69138.0,1054.0,home,other
30055_2022-10-20,7.0,pt,69532.0,78943.0,9411.0,other,home
30433_2022-11-03,0.0,mpt,34298.0,36895.0,2597.0,home,leisure
30433_2022-11-03,1.0,walk,39946.0,40081.0,135.0,leisure,leisure
30433_2022-11-03,2.0,walk,40556.0,40747.0,191.0,leisure,leisure
30433_2022-11-03,3.0,walk,45826.0,46170.0,344.0,leisure,education
30433_2022-11-03,4.0,mpt,46530.0,48058.0,1528.0,education,home
31274_2022-12-06,0.0,walk,1324.0,2131.0,807.0,leisure,home
31274_2022-12-06,1.0,walk,38048.0,38796.0,748.0,home,home
31274_2022-12-06,2.0,walk,40403.0,40570.0,167.0,home,home
31274_2022-12-06,3.0,walk,41909.0,43044.0,1135.0,home,home
31274_2022-12-06,4.0,walk,68601.0,68750.0,149.0,home,leisure
31274_2022-12-06,5.0,walk,71338.0,71483.0,145.0,leisure,home
31274_2022-12-06,6.0,walk,81426.0,82278.0,852.0,home,leisure
31274_2022-12-06,7.0,walk,85576.0,86321.0,745.0,leisure,home
30878_2022-09-14,0.0,mpt,26030.0,27623.0,1593.0,home,other
30878_2022-09-14,1.0,mpt,29285.0,30643.0,1358.0,other,home
30878_2022-09-14,2.0,bike,31769.0,32044.0,275.0,home,other
30878_2022-09-14,3.0,bike,34686.0,35678.0,992.0,other,home
30878_2022-09-14,4.0,bike,41674.0,42044.0,370.0,home,shop
30878_2022-09-14,5.0,bike,42448.0,42792.0,344.0,shop,shop
30878_2022-09-14,6.0,walk,43911.0,44042.0,131.0,shop,other
30878_2022-09-14,7.0,walk,44425.0,44454.0,29.0,other,other
30878_2022-09-14,8.0,bike,44983.0,45514.0,531.0,other,other
30878_2022-09-14,9.0,walk,46247.0,46382.0,135.0,other,home
30808_2022-11-03,0.0,walk,24783.0,26485.0,1702.0,home,home
30808_2022-11-03,1.0,bike,32093.0,32443.0,350.0,home,other
30808_2022-11-03,2.0,bike,36536.0,36944.0,408.0,other,home
30808_2022-11-03,3.0,bike,47548.0,47781.0,233.0,home,other
30808_2022-11-03,4.0,bike,52304.0,52857.0,553.0,other,home
31201_2022-12-22,0.0,mpt,21227.0,21652.0,425.0,home,home
31201_2022-12-22,1.0,mpt,24703.0,24870.0,167.0,home,shop
31201_2022-12-22,2.0,mpt,25273.0,25923.0,650.0,shop,home
31201_2022-12-22,3.0,mpt,37626.0,37910.0,284.0,home,other
31201_2022-12-22,4.0,mpt,38699.0,39219.0,520.0,other,home
30556_2023-02-09,0.0,bike,25311.0,26239.0,928.0,home,education
30556_2023-02-09,1.0,walk,37819.0,37870.0,51.0,education,leisure
30556_2023-02-09,2.0,bike,41069.0,41547.0,478.0,leisure,home
30556_2023-02-09,3.0,walk,60015.0,60701.0,686.0,home,home
30556_2023-02-09,4.0,walk,66325.0,66461.0,136.0,home,home
30556_2023-02-09,5.0,walk,66853.0,66897.0,44.0,home,home
30180_2022-12-19,0.0,walk,20844.0,21513.0,669.0,home,home
30180_2022-12-19,1.0,walk,40059.0,42214.0,2155.0,home,home
30180_2022-12-19,2.0,mpt,52245.0,54570.0,2325.0,home,home
30180_2022-12-19,3.0,walk,64097.0,66188.0,2091.0,home,home
30026_2022-12-20,0.0,walk,29746.0,29911.0,165.0,home,home
31114_2022-10-29,0.0,walk,21906.0,23004.0,1098.0,home,home
30511_2022-09-20,0.0,mpt,19469.0,20454.0,985.0,home,education
30511_2022-09-20,1.0,mpt,30334.0,31395.0,1061.0,education,shop
30511_2022-09-20,2.0,mpt,32502.0,32790.0,288.0,shop,home
30511_2022-09-20,3.0,bike,50002.0,51064.0,1062.0,home,other
30511_2022-09-20,4.0,walk,51631.0,51731.0,100.0,other,home
30511_2022-09-20,5.0,walk,64615.0,64685.0,70.0,home,home
30601_2022-09-07,0.0,mpt,26036.0,27625.0,1589.0,home,shop
30601_2022-09-07,1.0,mpt,28471.0,29001.0,530.0,shop,shop
30601_2022-09-07,2.0,mpt,30799.0,31997.0,1198.0,shop,leisure
30601_2022-09-07,3.0,mpt,32512.0,33687.0,1175.0,leisure,other
30601_2022-09-07,4.0,mpt,34702.0,35196.0,494.0,other,home
30601_2022-09-07,5.0,bike,65532.0,65750.0,218.0,home,leisure
30601_2022-09-07,6.0,bike,72606.0,72744.0,138.0,leisure,home
30903_2022-12-13,0.0,mpt,55969.0,58963.0,2994.0,home,other
30903_2022-12-13,1.0,mpt,64966.0,65461.0,495.0,other,other
30903_2022-12-13,2.0,mpt,66410.0,66614.0,204.0,other,home
30119_2022-09-04,0.0,bike,29673.0,42044.0,12371.0,home,home
30119_2022-09-04,1.0,bike,43235.0,44996.0,1761.0,home,home
30119_2022-09-04,2.0,bike,45406.0,47233.0,1827.0,home,home
31313_2022-09-08,0.0,mpt,62738.0,63096.0,358.0,home,home
31313_2022-09-08,1.0,mpt,64905.0,65051.0,146.0,home,home
31055_2022-09-12,0.0,mpt,21678.0,22229.0,551.0,home,leisure
31055_2022-09-12,1.0,mpt,25995.0,26861.0,866.0,leisure,shop
31055_2022-09-12,2.0,walk,27592.0,27705.0,113.0,shop,other
31055_2022-09-12,3.0,mpt,31236.0,31977.0,741.0,other,education
31055_2022-09-12,4.0,pt,35573.0,36267.0,694.0,education,home
31055_2022-09-12,5.0,mpt,46875.0,47415.0,540.0,home,other
31055_2022-09-12,6.0,mpt,49044.0,49659.0,615.0,other,home
30704_2022-11-30,0.0,walk,34237.0,36826.0,2589.0,home,home
30704_2022-11-30,1.0,walk,80692.0,81136.0,444.0,home,home
30317_2022-11-17,0.0,walk,45771.0,46405.0,634.0,home,other
30317_2022-11-17,1.0,walk,46779.0,47617.0,838.0,other,other
30317_2022-11-17,2.0,walk,48172.0,49563.0,1391.0,other,home
31260_2022-11-14,0.0,pt,45006.0,56167.0,11161.0,home,work
31260_2022-11-14,1.0,pt,77599.0,78711.0,1112.0,work,other
31260_2022-11-14,2.0,pt,80024.0,83183.0,3159.0,other,home
30538_2022-11-04,0.0,walk,0.0,41.0,41.0,home,shop
30538_2022-11-04,1.0,pt,57202.0,57409.0,207.0,shop,home
30538_2022-11-04,2.0,mpt,58446.0,59104.0,658.0,home,home
30538_2022-11-04,3.0,mpt,62937.0,63744.0,807.0,home,leisure
30538_2022-11-04,4.0,mpt,66088.0,66883.0,795.0,leisure,home
30538_2022-11-04,5.0,mpt,77784.0,78390.0,606.0,home,
31027_2022-11-22,0.0,walk,27424.0,33064.0,5640.0,home,home
31027_2022-11-22,1.0,walk,54368.0,55033.0,665.0,home,education
31027_2022-11-22,2.0,walk,59299.0,59902.0,603.0,education,home
31302_2022-11-24,0.0,bike,60669.0,61059.0,390.0,home,home
30630_2022-11-14,0.0,mpt,24636.0,25021.0,385.0,home,other
30630_2022-11-14,1.0,mpt,25528.0,25857.0,329.0,other,other
30630_2022-11-14,2.0,walk,27217.0,33941.0,6724.0,other,home
30630_2022-11-14,3.0,mpt,66888.0,67166.0,278.0,home,home
30203_2022-09-27,0.0,mpt,26948.0,27415.0,467.0,home,shop
30203_2022-09-27,1.0,mpt,28722.0,28747.0,25.0,shop,home
31187_2022-11-30,0.0,walk,40337.0,40685.0,348.0,home,home
30252_2023-01-09,0.0,mpt,20590.0,22264.0,1674.0,home,home
30252_2023-01-09,1.0,mpt,22638.0,22985.0,347.0,home,home
30252_2023-01-09,2.0,pt,29674.0,30050.0,376.0,home,home
30252_2023-01-09,3.0,mpt,36372.0,36546.0,174.0,home,leisure
30252_2023-01-09,4.0,mpt,36959.0,37235.0,276.0,leisure,home
30252_2023-01-09,5.0,mpt,50736.0,53796.0,3060.0,home,home
30252_2023-01-09,6.0,mpt,58239.0,58630.0,391.0,home,leisure
30252_2023-01-09,7.0,mpt,59728.0,59781.0,53.0,leisure,home
30252_2023-01-09,8.0,mpt,61882.0,63142.0,1260.0,home,home
30013_2022-11-07,0.0,walk,46458.0,48476.0,2018.0,home,home
31134_2022-10-12,0.0,bike,37764.0,37907.0,143.0,home,education
31134_2022-10-12,1.0,bike,53146.0,53491.0,345.0,education,education
31134_2022-10-12,2.0,bike,58753.0,59076.0,323.0,education,home
30592_2022-11-23,0.0,mpt,23515.0,24080.0,565.0,home,education
30592_2022-11-23,1.0,walk,33001.0,33311.0,310.0,education,education
30592_2022-11-23,2.0,mpt,44919.0,45766.0,847.0,education,home
30592_2022-11-23,3.0,walk,54873.0,55933.0,1060.0,home,home
31196_2022-11-22,0.0,bike,27497.0,28643.0,1146.0,home,education
31196_2022-11-22,1.0,bike,58826.0,59920.0,1094.0,education,home
30211_2022-11-13,0.0,walk,51612.0,53549.0,1937.0,home,home
30316_2023-01-03,0.0,mpt,19681.0,20298.0,617.0,home,education
30316_2023-01-03,1.0,mpt,36443.0,36964.0,521.0,education,home
30316_2023-01-03,2.0,mpt,56655.0,57961.0,1306.0,home,education
30989_2022-12-15,0.0,mpt,58149.0,59784.0,1635.0,home,home
30989_2022-12-15,1.0,walk,68749.0,69400.0,651.0,home,home
30366_2022-11-21,0.0,mpt,23590.0,24737.0,1147.0,home,work
30366_2022-11-21,1.0,walk,35128.0,35395.0,267.0,work,education
30366_2022-11-21,2.0,walk,38970.0,39145.0,175.0,education,leisure
30366_2022-11-21,3.0,mpt,40021.0,40406.0,385.0,leisure,education
30366_2022-11-21,4.0,walk,46604.0,46734.0,130.0,education,work
30366_2022-11-21,5.0,mpt,59814.0,60811.0,997.0,work,home
30630_2022-11-23,0.0,walk,29429.0,37154.0,7725.0,home,home
30630_2022-11-23,1.0,bike,55431.0,56404.0,973.0,home,other
30630_2022-11-23,2.0,bike,56962.0,57079.0,117.0,other,home
30872_2022-11-11,0.0,bike,24453.0,25171.0,718.0,home,leisure
30872_2022-11-11,1.0,bike,25953.0,26468.0,515.0,leisure,home
30872_2022-11-11,2.0,bike,37420.0,37900.0,480.0,home,leisure
30872_2022-11-11,3.0,bike,38316.0,39689.0,1373.0,leisure,home
30905_2022-09-27,0.0,mpt,27152.0,28544.0,1392.0,home,leisure
30905_2022-09-27,1.0,mpt,29089.0,29818.0,729.0,leisure,shop
30905_2022-09-27,2.0,mpt,31259.0,31815.0,556.0,shop,shop
30905_2022-09-27,3.0,mpt,32969.0,33355.0,386.0,shop,home
30905_2022-09-27,4.0,mpt,50445.0,53415.0,2970.0,home,home
30049_2022-12-08,0.0,walk,25399.0,26011.0,612.0,home,education
30049_2022-12-08,1.0,mpt,32832.0,32988.0,156.0,education,education
30049_2022-12-08,2.0,mpt,34053.0,34440.0,387.0,education,work
30049_2022-12-08,3.0,walk,58086.0,58601.0,515.0,work,home
30736_2022-12-03,0.0,mpt,42817.0,45312.0,2495.0,home,shop
30736_2022-12-03,1.0,mpt,49746.0,49836.0,90.0,shop,leisure
30736_2022-12-03,2.0,mpt,50394.0,52505.0,2111.0,leisure,leisure
30736_2022-12-03,3.0,walk,55554.0,55653.0,99.0,leisure,shop
30736_2022-12-03,4.0,walk,60710.0,60987.0,277.0,shop,leisure
30736_2022-12-03,5.0,mpt,61472.0,62111.0,639.0,leisure,home
30250_2022-11-21,0.0,mpt,18771.0,19202.0,431.0,education,education
30250_2022-11-21,1.0,mpt,44997.0,45548.0,551.0,education,education
30250_2022-11-21,2.0,mpt,48747.0,49558.0,811.0,education,home
30250_2022-11-21,3.0,mpt,50974.0,52414.0,1440.0,home,leisure
30250_2022-11-21,4.0,mpt,55703.0,56998.0,1295.0,leisure,home
30250_2022-11-21,5.0,mpt,57420.0,58115.0,695.0,home,leisure
30250_2022-11-21,6.0,mpt,59313.0,60590.0,1277.0,leisure,home
30250_2022-11-21,7.0,mpt,69771.0,70199.0,428.0,home,education
30339_2022-12-12,0.0,mpt,46965.0,47506.0,541.0,home,other
30339_2022-12-12,1.0,mpt,48811.0,49353.0,542.0,other,shop
30339_2022-12-12,2.0,mpt,50947.0,51890.0,943.0,shop,home
30848_2022-11-07,0.0,walk,22868.0,23262.0,394.0,home,home
31112_2022-12-19,0.0,mpt,25381.0,26239.0,858.0,home,education
31112_2022-12-19,1.0,mpt,32125.0,32782.0,657.0,education,education
31112_2022-12-19,2.0,mpt,39636.0,40620.0,984.0,education,home
31112_2022-12-19,3.0,mpt,44529.0,44840.0,311.0,home,education
31112_2022-12-19,4.0,mpt,59927.0,60262.0,335.0,education,home
30728_2022-11-25,0.0,mpt,50958.0,51313.0,355.0,home,other
30728_2022-11-25,1.0,mpt,52059.0,55609.0,3550.0,other,home
30728_2022-11-25,2.0,mpt,61132.0,62266.0,1134.0,home,home
30728_2022-11-25,3.0,mpt,65901.0,67085.0,1184.0,home,home
30728_2022-11-25,4.0,mpt,68407.0,69266.0,859.0,home,home
30728_2022-11-25,5.0,mpt,71576.0,72415.0,839.0,home,home
30694_2022-09-06,0.0,mpt,24087.0,29198.0,5111.0,home,education
30694_2022-09-06,1.0,mpt,38083.0,40512.0,2429.0,education,education
30694_2022-09-06,2.0,walk,56162.0,56307.0,145.0,education,other
30694_2022-09-06,3.0,mpt,56682.0,60279.0,3597.0,other,home
30694_2022-09-06,4.0,mpt,62081.0,62624.0,543.0,home,leisure
30694_2022-09-06,5.0,walk,68696.0,69634.0,938.0,leisure,home
30272_2022-11-17,0.0,pt,22041.0,26656.0,4615.0,home,education
30272_2022-11-17,1.0,pt,27562.0,28832.0,1270.0,education,education
30272_2022-11-17,2.0,walk,31903.0,32202.0,299.0,education,education
30272_2022-11-17,3.0,walk,39440.0,39992.0,552.0,education,leisure
30272_2022-11-17,4.0,walk,41856.0,43021.0,1165.0,leisure,education
30272_2022-11-17,5.0,pt,52817.0,57775.0,4958.0,education,home
31055_2022-09-19,0.0,mpt,21568.0,22204.0,636.0,home,leisure
31055_2022-09-19,1.0,mpt,26009.0,26607.0,598.0,leisure,home
31055_2022-09-19,2.0,bike,42549.0,43821.0,1272.0,home,education
31055_2022-09-19,3.0,bike,49902.0,50186.0,284.0,education,leisure
31055_2022-09-19,4.0,bike,50964.0,52468.0,1504.0,leisure,home
30252_2023-01-04,0.0,mpt,16130.0,17721.0,1591.0,home,home
30252_2023-01-04,1.0,walk,24870.0,25658.0,788.0,home,home
30252_2023-01-04,2.0,mpt,33979.0,34172.0,193.0,home,leisure
30252_2023-01-04,3.0,mpt,35037.0,35549.0,512.0,leisure,other
30252_2023-01-04,4.0,mpt,37160.0,38582.0,1422.0,other,home
30252_2023-01-04,5.0,mpt,42197.0,43501.0,1304.0,home,home
30252_2023-01-04,6.0,pt,47835.0,48329.0,494.0,home,home
30252_2023-01-04,7.0,mpt,62027.0,63230.0,1203.0,home,home
30252_2023-01-04,8.0,walk,65140.0,65238.0,98.0,home,home
30490_2022-11-17,0.0,walk,57567.0,58328.0,761.0,home,leisure
30490_2022-11-17,1.0,walk,59522.0,59729.0,207.0,leisure,home
30490_2022-11-17,2.0,walk,60637.0,61471.0,834.0,home,home
31251_2022-12-16,0.0,mpt,54982.0,55637.0,655.0,home,other
31251_2022-12-16,1.0,mpt,56023.0,57862.0,1839.0,other,leisure
31251_2022-12-16,2.0,walk,58322.0,58585.0,263.0,leisure,home
31251_2022-12-16,3.0,mpt,60121.0,60903.0,782.0,home,other
31251_2022-12-16,4.0,mpt,61478.0,62726.0,1248.0,other,home
31251_2022-12-16,5.0,walk,63191.0,63222.0,31.0,home,home
30872_2022-11-25,0.0,mpt,25224.0,25908.0,684.0,home,home
30872_2022-11-25,1.0,walk,31135.0,32087.0,952.0,home,home
30872_2022-11-25,2.0,mpt,37635.0,38684.0,1049.0,home,home
30872_2022-11-25,3.0,walk,49126.0,51457.0,2331.0,home,leisure
30872_2022-11-25,4.0,mpt,52018.0,52235.0,217.0,leisure,shop
30872_2022-11-25,5.0,mpt,53856.0,54077.0,221.0,shop,home
30817_2022-11-02,0.0,mpt,42651.0,46960.0,4309.0,home,home
31178_2022-08-16,0.0,mpt,31603.0,33628.0,2025.0,home,other
31178_2022-08-16,1.0,mpt,36111.0,36755.0,644.0,other,other
31178_2022-08-16,2.0,mpt,38830.0,39251.0,421.0,other,leisure
31178_2022-08-16,3.0,mpt,43287.0,45112.0,1825.0,leisure,home
31178_2022-08-16,4.0,mpt,53710.0,57033.0,3323.0,home,other
31178_2022-08-16,5.0,mpt,58549.0,60944.0,2395.0,other,home
31212_2022-10-18,0.0,mpt,24035.0,25474.0,1439.0,home,home
30018_2022-08-23,0.0,mpt,20298.0,20971.0,673.0,home,leisure
30018_2022-08-23,1.0,mpt,24436.0,25157.0,721.0,leisure,education
30018_2022-08-23,2.0,mpt,54273.0,54640.0,367.0,education,leisure
30018_2022-08-23,3.0,mpt,59260.0,59647.0,387.0,leisure,shop
30018_2022-08-23,4.0,mpt,61572.0,62624.0,1052.0,shop,home
30092_2022-11-25,0.0,bike,25131.0,25378.0,247.0,home,other
30092_2022-11-25,1.0,bike,31174.0,31336.0,162.0,other,shop
30092_2022-11-25,2.0,bike,33010.0,33102.0,92.0,shop,home
30092_2022-11-25,3.0,mpt,50042.0,50834.0,792.0,home,home
30922_2022-11-17,0.0,mpt,27879.0,31386.0,3507.0,home,home
30922_2022-11-17,1.0,walk,32817.0,32965.0,148.0,home,home
30922_2022-11-17,2.0,walk,46947.0,51361.0,4414.0,home,other
30922_2022-11-17,3.0,mpt,51869.0,52471.0,602.0,other,home
31006_2022-12-18,0.0,walk,39240.0,39556.0,316.0,home,leisure
31006_2022-12-18,1.0,walk,43936.0,44460.0,524.0,leisure,leisure
31006_2022-12-18,2.0,walk,54545.0,55803.0,1258.0,leisure,shop
31006_2022-12-18,3.0,pt,57342.0,57626.0,284.0,shop,leisure
31006_2022-12-18,4.0,pt,62096.0,62427.0,331.0,leisure,home
31101_2022-11-22,0.0,mpt,44329.0,44651.0,322.0,home,other
31101_2022-11-22,1.0,mpt,46165.0,46552.0,387.0,other,shop
31101_2022-11-22,2.0,mpt,48496.0,48733.0,237.0,shop,shop
31101_2022-11-22,3.0,mpt,52421.0,52617.0,196.0,shop,leisure
31101_2022-11-22,4.0,walk,53156.0,54613.0,1457.0,leisure,home
30835_2022-11-21,0.0,mpt,22590.0,22850.0,260.0,home,home
30835_2022-11-21,1.0,mpt,39231.0,39784.0,553.0,home,shop
30835_2022-11-21,2.0,mpt,42421.0,42534.0,113.0,shop,shop
30835_2022-11-21,3.0,mpt,43277.0,43664.0,387.0,shop,home
30835_2022-11-21,4.0,mpt,59118.0,60900.0,1782.0,home,shop
30835_2022-11-21,5.0,pt,62653.0,62925.0,272.0,shop,home
30318_2022-09-01,0.0,mpt,15047.0,16232.0,1185.0,home,education
30318_2022-09-01,1.0,walk,22018.0,22149.0,131.0,education,education
30318_2022-09-01,2.0,mpt,36065.0,36629.0,564.0,education,education
30318_2022-09-01,3.0,mpt,37459.0,38845.0,1386.0,education,home
30318_2022-09-01,4.0,mpt,67350.0,67540.0,190.0,home,leisure
30318_2022-09-01,5.0,mpt,78945.0,79480.0,535.0,leisure,home
30057_2022-08-11,0.0,pt,14438.0,15080.0,642.0,home,leisure
30057_2022-08-11,1.0,pt,15424.0,16157.0,733.0,leisure,education
30057_2022-08-11,2.0,walk,35080.0,35902.0,822.0,education,leisure
30057_2022-08-11,3.0,walk,36886.0,37310.0,424.0,leisure,education
30057_2022-08-11,4.0,pt,51777.0,51958.0,181.0,education,other
30057_2022-08-11,5.0,pt,52586.0,54130.0,1544.0,other,shop
30057_2022-08-11,6.0,bike,54512.0,56006.0,1494.0,shop,home
30012_2022-08-05,0.0,mpt,27082.0,28120.0,1038.0,home,education
30012_2022-08-05,1.0,walk,37233.0,37468.0,235.0,education,leisure
30012_2022-08-05,2.0,walk,40513.0,40647.0,134.0,leisure,education
30012_2022-08-05,3.0,mpt,42131.0,42859.0,728.0,education,home
30401_2022-11-28,0.0,pt,29275.0,31387.0,2112.0,home,education
30401_2022-11-28,1.0,walk,37061.0,37723.0,662.0,education,home
30401_2022-11-28,2.0,walk,39416.0,39645.0,229.0,home,education
30401_2022-11-28,3.0,walk,43706.0,44341.0,635.0,education,education
30401_2022-11-28,4.0,pt,45000.0,45901.0,901.0,education,education
30401_2022-11-28,5.0,pt,46454.0,47037.0,583.0,education,home
30401_2022-11-28,6.0,walk,56121.0,56274.0,153.0,home,home
30401_2022-11-28,7.0,pt,57080.0,57996.0,916.0,home,other
30401_2022-11-28,8.0,pt,58613.0,58855.0,242.0,other,other
30401_2022-11-28,9.0,pt,59221.0,60412.0,1191.0,other,home
30401_2022-11-28,10.0,walk,73733.0,74181.0,448.0,home,home
31245_2022-08-15,0.0,bike,45400.0,46878.0,1478.0,home,work
31245_2022-08-15,1.0,bike,79200.0,86399.0,7199.0,work,home
31000_2022-12-22,0.0,mpt,44930.0,45319.0,389.0,home,home
31000_2022-12-22,1.0,mpt,58126.0,59683.0,1557.0,home,other
31000_2022-12-22,2.0,mpt,60754.0,61651.0,897.0,other,home
30433_2022-11-18,0.0,mpt,69002.0,69352.0,350.0,home,leisure
30433_2022-11-18,1.0,mpt,80937.0,81178.0,241.0,leisure,home
31261_2022-12-28,0.0,pt,34795.0,35076.0,281.0,home,other
31261_2022-12-28,1.0,pt,35486.0,40214.0,4728.0,other,other
31261_2022-12-28,2.0,pt,40628.0,49260.0,8632.0,other,shop
31261_2022-12-28,3.0,walk,50556.0,51818.0,1262.0,shop,home
30694_2022-08-26,0.0,mpt,22852.0,23447.0,595.0,home,other
30694_2022-08-26,1.0,mpt,28285.0,28990.0,705.0,other,other
30694_2022-08-26,2.0,mpt,29441.0,30266.0,825.0,other,leisure
30694_2022-08-26,3.0,mpt,34348.0,35561.0,1213.0,leisure,home
30694_2022-08-26,4.0,mpt,43856.0,44549.0,693.0,home,leisure
30694_2022-08-26,5.0,walk,49875.0,49962.0,87.0,leisure,leisure
30694_2022-08-26,6.0,mpt,61052.0,61654.0,602.0,leisure,shop
30694_2022-08-26,7.0,mpt,62044.0,63303.0,1259.0,shop,home
30042_2023-01-03,0.0,mpt,20590.0,22291.0,1701.0,home,education
30042_2023-01-03,1.0,mpt,57064.0,58158.0,1094.0,education,other
30042_2023-01-03,2.0,mpt,61146.0,62321.0,1175.0,other,home
30042_2023-01-03,3.0,mpt,65308.0,65612.0,304.0,home,other
30042_2023-01-03,4.0,mpt,66137.0,66456.0,319.0,other,home
30800_2023-01-11,0.0,walk,25512.0,26602.0,1090.0,home,education
30800_2023-01-11,1.0,walk,38008.0,42107.0,4099.0,education,other
30800_2023-01-11,2.0,walk,42577.0,42690.0,113.0,other,home
30372_2022-12-11,0.0,mpt,35771.0,36836.0,1065.0,home,leisure
30372_2022-12-11,1.0,walk,46872.0,47149.0,277.0,leisure,home
30372_2022-12-11,2.0,mpt,63783.0,64849.0,1066.0,home,home
30431_2022-12-22,0.0,bike,43411.0,43962.0,551.0,home,education
30431_2022-12-22,1.0,bike,51412.0,51568.0,156.0,education,home
30431_2022-12-22,2.0,bike,57637.0,57784.0,147.0,home,home
30222_2022-10-10,0.0,bike,19337.0,19460.0,123.0,home,education
30222_2022-10-10,1.0,bike,34560.0,35174.0,614.0,education,home
30222_2022-10-10,2.0,mpt,43233.0,43552.0,319.0,home,shop
30222_2022-10-10,3.0,walk,43966.0,44197.0,231.0,shop,leisure
30222_2022-10-10,4.0,mpt,48928.0,51395.0,2467.0,leisure,home
30222_2022-10-10,5.0,mpt,62119.0,63098.0,979.0,home,leisure
30222_2022-10-10,6.0,mpt,73886.0,75158.0,1272.0,leisure,home
30350_2022-10-14,0.0,pt,14771.0,17860.0,3089.0,home,education
30350_2022-10-14,1.0,pt,34982.0,39023.0,4041.0,education,home
31093_2022-10-26,0.0,pt,21174.0,22631.0,1457.0,home,education
31093_2022-10-26,1.0,pt,38502.0,40475.0,1973.0,education,home
31093_2022-10-26,2.0,walk,42813.0,44464.0,1651.0,home,home
31093_2022-10-26,3.0,bike,52198.0,52676.0,478.0,home,shop
31093_2022-10-26,4.0,bike,53922.0,54503.0,581.0,shop,home
31093_2022-10-26,5.0,walk,71476.0,72037.0,561.0,home,home
30394_2022-11-29,0.0,mpt,20123.0,20423.0,300.0,home,home
30394_2022-11-29,1.0,walk,42308.0,43878.0,1570.0,home,home
30394_2022-11-29,2.0,mpt,64645.0,64949.0,304.0,home,home
30394_2022-11-29,3.0,pt,68076.0,68368.0,292.0,home,home
30830_2022-11-21,0.0,pt,20086.0,21039.0,953.0,home,education
30830_2022-11-21,1.0,bike,39050.0,39331.0,281.0,education,leisure
30830_2022-11-21,2.0,bike,43250.0,43603.0,353.0,leisure,education
30830_2022-11-21,3.0,pt,55798.0,57362.0,1564.0,education,other
30830_2022-11-21,4.0,pt,59037.0,59401.0,364.0,other,other
30830_2022-11-21,5.0,pt,59841.0,61105.0,1264.0,other,home
30345_2022-11-14,0.0,pt,17270.0,20960.0,3690.0,home,education
30345_2022-11-14,1.0,pt,41940.0,42042.0,102.0,education,other
30345_2022-11-14,2.0,pt,42449.0,44913.0,2464.0,other,other
30345_2022-11-14,3.0,pt,46940.0,47221.0,281.0,other,home
31101_2022-11-16,0.0,walk,25190.0,26398.0,1208.0,home,leisure
31101_2022-11-16,1.0,walk,28067.0,28276.0,209.0,leisure,other
31101_2022-11-16,2.0,walk,29561.0,30996.0,1435.0,other,leisure
31101_2022-11-16,3.0,walk,33998.0,35752.0,1754.0,leisure,home
31101_2022-11-16,4.0,mpt,44424.0,45503.0,1079.0,home,shop
31101_2022-11-16,5.0,mpt,48254.0,48772.0,518.0,shop,home
30544_2022-11-02,0.0,walk,24245.0,26193.0,1948.0,home,home
30544_2022-11-02,1.0,walk,28363.0,28595.0,232.0,home,home
30544_2022-11-02,2.0,walk,51758.0,51868.0,110.0,home,home
30076_2022-09-01,0.0,walk,18577.0,22078.0,3501.0,home,work
30076_2022-09-01,1.0,pt,60678.0,63376.0,2698.0,work,shop
30076_2022-09-01,2.0,pt,63750.0,64339.0,589.0,shop,leisure
30076_2022-09-01,3.0,pt,68958.0,71456.0,2498.0,leisure,home
30327_2022-11-30,0.0,pt,32318.0,33236.0,918.0,home,other
30327_2022-11-30,1.0,pt,34298.0,36366.0,2068.0,other,education
30327_2022-11-30,2.0,walk,40972.0,41582.0,610.0,education,leisure
30327_2022-11-30,3.0,walk,43318.0,43713.0,395.0,leisure,work
30327_2022-11-30,4.0,pt,59187.0,61070.0,1883.0,work,home
30670_2022-12-21,0.0,pt,19885.0,21511.0,1626.0,home,other
30670_2022-12-21,1.0,pt,21910.0,22369.0,459.0,other,education
30670_2022-12-21,2.0,pt,39738.0,43156.0,3418.0,education,home
30749_2022-12-01,0.0,mpt,43317.0,43874.0,557.0,home,education
30749_2022-12-01,1.0,mpt,47937.0,48396.0,459.0,education,home
30769_2022-10-28,0.0,mpt,20918.0,23584.0,2666.0,home,education
30769_2022-10-28,1.0,mpt,28664.0,30760.0,2096.0,education,home
30769_2022-10-28,2.0,mpt,58712.0,60801.0,2089.0,home,home
30687_2022-10-20,0.0,pt,17706.0,21312.0,3606.0,home,work
30687_2022-10-20,1.0,walk,40615.0,41678.0,1063.0,work,education
30687_2022-10-20,2.0,bike,54635.0,60301.0,5666.0,education,home
30026_2022-12-29,0.0,walk,36914.0,37991.0,1077.0,home,shop
30026_2022-12-29,1.0,walk,38621.0,39473.0,852.0,shop,home
30013_2022-11-06,0.0,walk,51011.0,51462.0,451.0,home,shop
30013_2022-11-06,1.0,walk,51839.0,52331.0,492.0,shop,home
30246_2022-08-08,0.0,bike,20053.0,21053.0,1000.0,home,education
30246_2022-08-08,1.0,walk,39999.0,40458.0,459.0,education,work
30246_2022-08-08,2.0,bike,55228.0,55824.0,596.0,work,leisure
30246_2022-08-08,3.0,bike,61580.0,61984.0,404.0,leisure,home
30224_2022-11-03,0.0,mpt,60892.0,62517.0,1625.0,home,other
30224_2022-11-03,1.0,mpt,65316.0,65975.0,659.0,other,other
30922_2022-11-03,0.0,pt,31373.0,33544.0,2171.0,home,home
30922_2022-11-03,1.0,pt,38778.0,40965.0,2187.0,home,home
30922_2022-11-03,2.0,walk,47098.0,47905.0,807.0,home,shop
30922_2022-11-03,3.0,walk,48724.0,48894.0,170.0,shop,home
30222_2022-10-12,0.0,walk,21000.0,21462.0,462.0,home,education
30222_2022-10-12,1.0,bike,34753.0,35110.0,357.0,education,home
30222_2022-10-12,2.0,bike,39258.0,39763.0,505.0,home,leisure
30222_2022-10-12,3.0,bike,42920.0,43163.0,243.0,leisure,home
30222_2022-10-12,4.0,bike,47601.0,47737.0,136.0,home,education
30222_2022-10-12,5.0,bike,54190.0,54495.0,305.0,education,home
30800_2023-01-04,0.0,walk,52486.0,54440.0,1954.0,home,other
30800_2023-01-04,1.0,walk,54924.0,55022.0,98.0,other,home
30800_2023-01-04,2.0,walk,67613.0,67989.0,376.0,home,home
30140_2022-11-17,0.0,walk,18505.0,21009.0,2504.0,home,home
30140_2022-11-17,1.0,pt,21682.0,24997.0,3315.0,home,education
30140_2022-11-17,2.0,walk,45058.0,45578.0,520.0,education,work
30140_2022-11-17,3.0,pt,61089.0,61861.0,772.0,work,other
30140_2022-11-17,4.0,pt,62318.0,64724.0,2406.0,other,home
30605_2022-12-21,0.0,bike,37488.0,38464.0,976.0,home,education
30605_2022-12-21,1.0,walk,42016.0,42569.0,553.0,education,leisure
30605_2022-12-21,2.0,walk,45434.0,45975.0,541.0,leisure,education
30605_2022-12-21,3.0,bike,47349.0,48080.0,731.0,education,shop
30605_2022-12-21,4.0,bike,48582.0,49692.0,1110.0,shop,home
31308_2022-09-06,0.0,walk,15415.0,17137.0,1722.0,home,home
31308_2022-09-06,1.0,pt,20400.0,21814.0,1414.0,home,education
31308_2022-09-06,2.0,pt,46369.0,48975.0,2606.0,education,home
31308_2022-09-06,3.0,walk,61254.0,62326.0,1072.0,home,home
30670_2022-12-24,0.0,pt,38566.0,40531.0,1965.0,home,other
30670_2022-12-24,1.0,pt,41258.0,42414.0,1156.0,other,home
30670_2022-12-24,2.0,walk,55804.0,56388.0,584.0,home,leisure
30670_2022-12-24,3.0,walk,58931.0,60190.0,1259.0,leisure,home
30670_2022-12-24,4.0,mpt,65158.0,66384.0,1226.0,home,home
30769_2022-11-08,0.0,mpt,22976.0,23430.0,454.0,home,home
30769_2022-11-08,1.0,mpt,57417.0,59587.0,2170.0,home,other
30769_2022-11-08,2.0,mpt,60194.0,63244.0,3050.0,other,home
30704_2022-11-16,0.0,walk,34748.0,36439.0,1691.0,home,leisure
30704_2022-11-16,1.0,walk,37447.0,38634.0,1187.0,leisure,home
30704_2022-11-16,2.0,walk,70706.0,70932.0,226.0,home,home
30704_2022-11-16,3.0,walk,71320.0,71642.0,322.0,home,home
30118_2022-11-22,0.0,mpt,41642.0,48190.0,6548.0,home,shop
30118_2022-11-22,1.0,mpt,49752.0,50650.0,898.0,shop,shop
30118_2022-11-22,2.0,mpt,52260.0,52333.0,73.0,shop,leisure
30118_2022-11-22,3.0,mpt,52861.0,53162.0,301.0,leisure,home
31237_2022-11-30,0.0,mpt,24632.0,24757.0,125.0,home,education
31237_2022-11-30,1.0,mpt,39896.0,40160.0,264.0,education,home
31237_2022-11-30,2.0,mpt,43505.0,43692.0,187.0,home,other
31237_2022-11-30,3.0,walk,44226.0,44348.0,122.0,other,education
31237_2022-11-30,4.0,mpt,63299.0,63592.0,293.0,education,home
30803_2022-12-22,0.0,mpt,60061.0,60782.0,721.0,home,leisure
30803_2022-12-22,1.0,mpt,66887.0,67390.0,503.0,leisure,other
30803_2022-12-22,2.0,mpt,67888.0,68863.0,975.0,other,leisure
30803_2022-12-22,3.0,mpt,76639.0,77772.0,1133.0,leisure,home
31112_2023-01-03,0.0,mpt,40120.0,40494.0,374.0,home,shop
31112_2023-01-03,1.0,mpt,41809.0,42066.0,257.0,shop,home
31112_2023-01-03,2.0,mpt,46713.0,47098.0,385.0,home,home
31112_2023-01-03,3.0,mpt,60598.0,62747.0,2149.0,home,home
31112_2023-01-03,4.0,mpt,76321.0,76476.0,155.0,home,home
31112_2023-01-03,5.0,mpt,77724.0,79573.0,1849.0,home,home
30399_2022-12-22,0.0,mpt,39512.0,40028.0,516.0,home,leisure
30399_2022-12-22,1.0,mpt,43248.0,43410.0,162.0,leisure,home
30399_2022-12-22,2.0,mpt,50926.0,51624.0,698.0,home,other
30399_2022-12-22,3.0,mpt,52376.0,55106.0,2730.0,other,home
30012_2022-08-07,0.0,mpt,32545.0,33208.0,663.0,home,home
30136_2022-11-14,0.0,pt,25339.0,29929.0,4590.0,education,work
30136_2022-11-14,1.0,pt,58052.0,58505.0,453.0,work,other
30136_2022-11-14,2.0,pt,59654.0,63265.0,3611.0,other,home
31087_2022-08-08,0.0,walk,20313.0,25505.0,5192.0,home,home
31087_2022-08-08,1.0,walk,43727.0,44191.0,464.0,home,home
31087_2022-08-08,2.0,mpt,60487.0,69423.0,8936.0,home,other
31087_2022-08-08,3.0,walk,70117.0,72494.0,2377.0,other,home
31087_2022-08-08,4.0,walk,79200.0,80918.0,1718.0,home,home
30741_2022-11-28,0.0,walk,22073.0,22475.0,402.0,other,other
30741_2022-11-28,1.0,pt,22893.0,27292.0,4399.0,other,education
30741_2022-11-28,2.0,pt,55562.0,60169.0,4607.0,education,home
30515_2022-10-06,0.0,mpt,6241.0,6429.0,188.0,home,home
30515_2022-10-06,1.0,mpt,22920.0,24166.0,1246.0,home,education
30515_2022-10-06,2.0,mpt,36650.0,37324.0,674.0,education,home
30515_2022-10-06,3.0,walk,63085.0,64208.0,1123.0,home,leisure
30515_2022-10-06,4.0,walk,64550.0,65632.0,1082.0,leisure,leisure
30515_2022-10-06,5.0,walk,67981.0,69392.0,1411.0,leisure,home
30010_2022-11-08,0.0,pt,45305.0,47376.0,2071.0,home,leisure
30010_2022-11-08,1.0,pt,54198.0,55350.0,1152.0,leisure,education
30010_2022-11-08,2.0,walk,57894.0,57990.0,96.0,education,home
30089_2022-11-28,0.0,walk,27696.0,31120.0,3424.0,home,home
31263_2022-12-30,0.0,mpt,61425.0,66393.0,4968.0,home,shop
31263_2022-12-30,1.0,mpt,66910.0,72383.0,5473.0,shop,home
30450_2022-09-13,0.0,mpt,36690.0,37099.0,409.0,other,shop
30450_2022-09-13,1.0,mpt,37845.0,38360.0,515.0,shop,work
30694_2022-08-24,0.0,mpt,28384.0,28864.0,480.0,home,leisure
30694_2022-08-24,1.0,mpt,33552.0,34101.0,549.0,leisure,work
30694_2022-08-24,2.0,walk,42412.0,43252.0,840.0,work,shop
30694_2022-08-24,3.0,walk,45752.0,46649.0,897.0,shop,home
30694_2022-08-24,4.0,mpt,50732.0,51605.0,873.0,home,other
30694_2022-08-24,5.0,mpt,52462.0,53022.0,560.0,other,leisure
30694_2022-08-24,6.0,mpt,53677.0,53867.0,190.0,leisure,home
30694_2022-08-24,7.0,mpt,54680.0,55762.0,1082.0,home,shop
30694_2022-08-24,8.0,mpt,56882.0,57301.0,419.0,shop,home
30694_2022-08-24,9.0,mpt,60589.0,61388.0,799.0,home,leisure
30694_2022-08-24,10.0,mpt,79654.0,80159.0,505.0,leisure,home
31074_2022-08-15,0.0,walk,19218.0,21599.0,2381.0,home,work
31074_2022-08-15,1.0,pt,48932.0,50458.0,1526.0,work,home
31074_2022-08-15,2.0,pt,57762.0,58464.0,702.0,home,leisure
31074_2022-08-15,3.0,walk,64065.0,64959.0,894.0,leisure,home
30794_2022-12-02,0.0,walk,22410.0,23807.0,1397.0,home,education
30794_2022-12-02,1.0,walk,41828.0,43021.0,1193.0,education,home
30794_2022-12-02,2.0,bike,56521.0,58122.0,1601.0,home,leisure
30794_2022-12-02,3.0,bike,63188.0,64842.0,1654.0,leisure,home
30848_2022-11-23,0.0,bike,24759.0,26043.0,1284.0,home,education
30848_2022-11-23,1.0,walk,38497.0,39161.0,664.0,education,education
30848_2022-11-23,2.0,bike,59433.0,60368.0,935.0,education,leisure
30848_2022-11-23,3.0,bike,74152.0,75431.0,1279.0,leisure,home
31292_2022-11-11,0.0,walk,311.0,1142.0,831.0,other,home
31292_2022-11-11,1.0,mpt,24421.0,25114.0,693.0,home,work
31292_2022-11-11,2.0,walk,38723.0,38860.0,137.0,work,education
31292_2022-11-11,3.0,mpt,39916.0,41483.0,1567.0,education,home
31292_2022-11-11,4.0,mpt,43179.0,43809.0,630.0,home,work
31292_2022-11-11,5.0,mpt,59449.0,60498.0,1049.0,work,leisure
31292_2022-11-11,6.0,walk,61223.0,61733.0,510.0,leisure,leisure
31292_2022-11-11,7.0,walk,62922.0,63550.0,628.0,leisure,leisure
31292_2022-11-11,8.0,mpt,70735.0,74342.0,3607.0,leisure,home
31034_2022-11-07,0.0,mpt,21475.0,24271.0,2796.0,home,education
31034_2022-11-07,1.0,walk,43211.0,43431.0,220.0,education,education
31034_2022-11-07,2.0,mpt,60933.0,61348.0,415.0,education,shop
31034_2022-11-07,3.0,walk,61867.0,62082.0,215.0,shop,other
31034_2022-11-07,4.0,walk,63373.0,63476.0,103.0,other,leisure
31034_2022-11-07,5.0,mpt,65194.0,67661.0,2467.0,leisure,home
30822_2022-12-15,0.0,mpt,20790.0,22916.0,2126.0,home,work
30822_2022-12-15,1.0,mpt,66874.0,67703.0,829.0,work,shop
30822_2022-12-15,2.0,mpt,68208.0,69956.0,1748.0,shop,home
30687_2022-10-25,0.0,walk,29806.0,29979.0,173.0,home,home
30687_2022-10-25,1.0,walk,45753.0,46269.0,516.0,home,home
30687_2022-10-25,2.0,walk,47580.0,48045.0,465.0,home,home
30115_2022-09-16,0.0,walk,29404.0,30599.0,1195.0,home,education
30115_2022-09-16,1.0,bike,43052.0,43409.0,357.0,education,shop
30115_2022-09-16,2.0,bike,49471.0,50013.0,542.0,shop,home
30235_2022-11-11,0.0,walk,20374.0,21466.0,1092.0,home,home
30235_2022-11-11,1.0,walk,39520.0,41469.0,1949.0,home,home
30235_2022-11-11,2.0,walk,59812.0,61772.0,1960.0,home,home
31002_2022-12-08,0.0,walk,25449.0,25873.0,424.0,home,other
31002_2022-12-08,1.0,walk,26182.0,26925.0,743.0,other,home
31002_2022-12-08,2.0,walk,59359.0,59788.0,429.0,home,other
31002_2022-12-08,3.0,walk,60642.0,61373.0,731.0,other,home
30193_2022-10-30,0.0,mpt,49789.0,51033.0,1244.0,home,home
30010_2022-11-23,0.0,walk,27375.0,27638.0,263.0,home,home
30010_2022-11-23,1.0,walk,28689.0,29207.0,518.0,home,home
30010_2022-11-23,2.0,bike,48738.0,48896.0,158.0,home,other
30010_2022-11-23,3.0,bike,49426.0,49974.0,548.0,other,home
30728_2022-11-23,0.0,pt,27920.0,28377.0,457.0,home,home
30728_2022-11-23,1.0,mpt,30923.0,31456.0,533.0,home,home
30728_2022-11-23,2.0,mpt,65249.0,65623.0,374.0,home,home
30728_2022-11-23,3.0,walk,66411.0,66655.0,244.0,home,home
30728_2022-11-23,4.0,mpt,68310.0,69191.0,881.0,home,home
30099_2022-09-08,0.0,bike,22192.0,23590.0,1398.0,home,education
30099_2022-09-08,1.0,bike,41108.0,42573.0,1465.0,education,home
30099_2022-09-08,2.0,bike,49100.0,49506.0,406.0,home,other
30099_2022-09-08,3.0,bike,53316.0,53952.0,636.0,other,home
30099_2022-09-08,4.0,mpt,59744.0,62244.0,2500.0,home,other
30099_2022-09-08,5.0,mpt,73208.0,74981.0,1773.0,other,home
30294_2023-01-16,0.0,other,19505.0,21920.0,2415.0,home,education
30294_2023-01-16,1.0,walk,26530.0,26748.0,218.0,education,work
30294_2023-01-16,2.0,mpt,55311.0,57461.0,2150.0,work,leisure
30294_2023-01-16,3.0,mpt,59247.0,61595.0,2348.0,leisure,home
30922_2022-11-21,0.0,mpt,36923.0,38840.0,1917.0,home,leisure
30922_2022-11-21,1.0,walk,39430.0,39464.0,34.0,leisure,home
30670_2022-12-28,0.0,pt,57473.0,57500.0,27.0,home,other
30670_2022-12-28,1.0,pt,58220.0,62470.0,4250.0,other,leisure
30670_2022-12-28,2.0,walk,65912.0,67605.0,1693.0,leisure,leisure
30670_2022-12-28,3.0,walk,71834.0,72326.0,492.0,leisure,leisure
30670_2022-12-28,4.0,pt,74704.0,75349.0,645.0,leisure,other
30670_2022-12-28,5.0,pt,75804.0,78677.0,2873.0,other,home
30053_2022-11-22,0.0,mpt,45106.0,46206.0,1100.0,home,shop
30053_2022-11-22,1.0,mpt,47726.0,47933.0,207.0,shop,home
30053_2022-11-22,2.0,walk,69757.0,69955.0,198.0,home,other
30053_2022-11-22,3.0,walk,70470.0,70776.0,306.0,other,home
30053_2022-11-22,4.0,mpt,72278.0,72843.0,565.0,home,home
30583_2022-10-04,0.0,mpt,17761.0,20070.0,2309.0,home,leisure
30583_2022-10-04,1.0,mpt,20507.0,24901.0,4394.0,leisure,work
30583_2022-10-04,2.0,mpt,41922.0,44136.0,2214.0,work,education
30583_2022-10-04,3.0,mpt,57093.0,59388.0,2295.0,education,home
30932_2022-10-17,0.0,mpt,30150.0,34521.0,4371.0,home,leisure
30932_2022-10-17,1.0,mpt,36318.0,40494.0,4176.0,leisure,shop
30932_2022-10-17,2.0,mpt,40980.0,41309.0,329.0,shop,home
30932_2022-10-17,3.0,mpt,45018.0,57828.0,12810.0,home,home
30473_2022-12-14,0.0,walk,57751.0,58078.0,327.0,home,other
30473_2022-12-14,1.0,pt,58620.0,60677.0,2057.0,other,leisure
30473_2022-12-14,2.0,pt,67884.0,69918.0,2034.0,leisure,home
31104_2022-12-06,0.0,walk,31650.0,32284.0,634.0,home,shop
31104_2022-12-06,1.0,walk,33148.0,33350.0,202.0,shop,home
31104_2022-12-06,2.0,walk,56360.0,56882.0,522.0,home,home
31104_2022-12-06,3.0,walk,65521.0,66176.0,655.0,home,home
30989_2022-12-20,0.0,walk,39878.0,40552.0,674.0,home,home
30989_2022-12-20,1.0,mpt,56382.0,57600.0,1218.0,home,home
30989_2022-12-20,2.0,mpt,59541.0,60633.0,1092.0,home,shop
30989_2022-12-20,3.0,mpt,61019.0,61433.0,414.0,shop,home
30044_2022-08-28,0.0,bike,35693.0,37525.0,1832.0,home,leisure
30044_2022-08-28,1.0,bike,38473.0,42311.0,3838.0,leisure,leisure
30044_2022-08-28,2.0,walk,43206.0,43358.0,152.0,leisure,leisure
30044_2022-08-28,3.0,bike,45943.0,49093.0,3150.0,leisure,home
30905_2022-09-21,0.0,mpt,25288.0,26539.0,1251.0,home,home
30905_2022-09-21,1.0,mpt,50111.0,50572.0,461.0,home,shop
30905_2022-09-21,2.0,mpt,51936.0,52466.0,530.0,shop,home
30401_2022-11-10,0.0,bike,24515.0,24915.0,400.0,home,education
30401_2022-11-10,1.0,bike,39386.0,39940.0,554.0,education,home
30401_2022-11-10,2.0,bike,51663.0,52106.0,443.0,home,education
30401_2022-11-10,3.0,bike,60490.0,60893.0,403.0,education,home
30401_2022-11-10,4.0,bike,67542.0,67770.0,228.0,home,leisure
30401_2022-11-10,5.0,bike,76151.0,76337.0,186.0,leisure,home
31237_2022-11-25,0.0,mpt,34296.0,34752.0,456.0,home,shop
31237_2022-11-25,1.0,mpt,35248.0,35616.0,368.0,shop,other
31237_2022-11-25,2.0,walk,36028.0,36064.0,36.0,other,shop
31237_2022-11-25,3.0,mpt,36475.0,37492.0,1017.0,shop,home
31237_2022-11-25,4.0,bike,45286.0,45734.0,448.0,home,education
31237_2022-11-25,5.0,bike,50025.0,50117.0,92.0,education,other
31237_2022-11-25,6.0,mpt,50657.0,51978.0,1321.0,other,leisure
31237_2022-11-25,7.0,mpt,55624.0,56477.0,853.0,leisure,home
31237_2022-11-25,8.0,mpt,60456.0,60812.0,356.0,home,other
31237_2022-11-25,9.0,walk,66952.0,67122.0,170.0,other,other
31237_2022-11-25,10.0,mpt,72273.0,72677.0,404.0,other,home
30803_2022-12-09,0.0,bike,40655.0,40802.0,147.0,home,leisure
30803_2022-12-09,1.0,bike,47573.0,47841.0,268.0,leisure,home
30803_2022-12-09,2.0,mpt,62162.0,64109.0,1947.0,home,leisure
30803_2022-12-09,3.0,walk,64494.0,64796.0,302.0,leisure,leisure
30803_2022-12-09,4.0,mpt,66608.0,66869.0,261.0,leisure,leisure
30803_2022-12-09,5.0,mpt,67594.0,67814.0,220.0,leisure,leisure
30803_2022-12-09,6.0,walk,80700.0,80970.0,270.0,leisure,leisure
30042_2023-01-13,0.0,mpt,59305.0,60140.0,835.0,home,shop
30042_2023-01-13,1.0,mpt,61202.0,61725.0,523.0,shop,home
30442_2022-12-05,0.0,walk,25681.0,28140.0,2459.0,home,education
30442_2022-12-05,1.0,walk,53578.0,54668.0,1090.0,education,education
30442_2022-12-05,2.0,mpt,57401.0,57921.0,520.0,education,home
30369_2022-11-01,0.0,pt,26523.0,27016.0,493.0,home,home
30369_2022-11-01,1.0,mpt,64462.0,66709.0,2247.0,home,home
30167_2022-11-04,0.0,walk,40207.0,45574.0,5367.0,home,home
30704_2022-11-27,0.0,walk,37179.0,40645.0,3466.0,home,home
30704_2022-11-27,1.0,walk,80159.0,80633.0,474.0,home,home
31034_2022-11-01,0.0,walk,53757.0,57291.0,3534.0,home,leisure
31034_2022-11-01,1.0,walk,57998.0,58722.0,724.0,leisure,home
30782_2022-11-28,0.0,bike,51468.0,52584.0,1116.0,home,shop
30782_2022-11-28,1.0,bike,53133.0,53249.0,116.0,shop,home
30782_2022-11-28,2.0,bike,62475.0,62615.0,140.0,home,leisure
30782_2022-11-28,3.0,bike,77729.0,77930.0,201.0,leisure,home
30229_2022-09-14,0.0,walk,31622.0,32282.0,660.0,home,shop
30229_2022-09-14,1.0,walk,36074.0,36807.0,733.0,shop,home
30229_2022-09-14,2.0,walk,51148.0,52210.0,1062.0,home,home
30229_2022-09-14,3.0,walk,52806.0,52921.0,115.0,home,home
30229_2022-09-14,4.0,walk,57317.0,57411.0,94.0,home,home
30229_2022-09-14,5.0,walk,59739.0,61446.0,1707.0,home,home
30180_2022-12-27,0.0,walk,23241.0,25231.0,1990.0,home,home
30180_2022-12-27,1.0,walk,40006.0,41722.0,1716.0,home,home
30180_2022-12-27,2.0,walk,64594.0,66393.0,1799.0,home,home
30422_2022-12-05,0.0,bike,31394.0,31790.0,396.0,home,shop
30422_2022-12-05,1.0,bike,32300.0,32683.0,383.0,shop,work
30422_2022-12-05,2.0,walk,61933.0,62589.0,656.0,work,home
30422_2022-12-05,3.0,bike,63597.0,63737.0,140.0,home,home
30502_2022-11-17,0.0,walk,42028.0,46316.0,4288.0,home,home
30351_2022-11-15,0.0,mpt,51631.0,51810.0,179.0,home,other
30351_2022-11-15,1.0,mpt,52329.0,52496.0,167.0,other,home
30785_2022-11-29,0.0,pt,24079.0,28329.0,4250.0,home,other
30785_2022-11-29,1.0,pt,28868.0,30275.0,1407.0,other,work
30785_2022-11-29,2.0,pt,37749.0,39145.0,1396.0,work,other
30785_2022-11-29,3.0,pt,39599.0,39799.0,200.0,other,other
30785_2022-11-29,4.0,pt,40601.0,44017.0,3416.0,other,home
30785_2022-11-29,5.0,mpt,64714.0,65453.0,739.0,home,leisure
30785_2022-11-29,6.0,mpt,70368.0,71251.0,883.0,leisure,home
30176_2022-09-23,0.0,walk,54332.0,54656.0,324.0,home,home
30176_2022-09-23,1.0,walk,72878.0,72974.0,96.0,home,home
30099_2022-09-07,0.0,bike,18096.0,19495.0,1399.0,home,education
30099_2022-09-07,1.0,walk,27332.0,27567.0,235.0,education,education
30099_2022-09-07,2.0,bike,40872.0,41709.0,837.0,education,shop
30099_2022-09-07,3.0,bike,42837.0,43473.0,636.0,shop,home
30013_2022-11-09,0.0,walk,54683.0,56280.0,1597.0,home,home
30013_2022-11-09,1.0,mpt,61385.0,62360.0,975.0,home,home
30013_2022-11-09,2.0,mpt,64517.0,65640.0,1123.0,home,home
30896_2022-09-09,0.0,walk,57507.0,58820.0,1313.0,home,leisure
30896_2022-09-09,1.0,walk,62409.0,63787.0,1378.0,leisure,home
30502_2022-11-12,0.0,bike,26465.0,27366.0,901.0,home,home
30502_2022-11-12,1.0,other,51924.0,52189.0,265.0,home,home
30502_2022-11-12,2.0,bike,53257.0,53947.0,690.0,home,home
30905_2022-09-24,0.0,mpt,21224.0,24155.0,2931.0,home,leisure
30905_2022-09-24,1.0,mpt,25774.0,33130.0,7356.0,leisure,leisure
30905_2022-09-24,2.0,mpt,35200.0,42470.0,7270.0,leisure,leisure
30905_2022-09-24,3.0,mpt,44426.0,45484.0,1058.0,leisure,leisure
30905_2022-09-24,4.0,mpt,52678.0,55789.0,3111.0,leisure,home
31094_2023-01-09,0.0,walk,19102.0,19731.0,629.0,home,home
31094_2023-01-09,1.0,walk,51272.0,55171.0,3899.0,home,home
30399_2022-11-23,0.0,mpt,16340.0,17021.0,681.0,home,education
30399_2022-11-23,1.0,walk,38094.0,38544.0,450.0,education,leisure
30399_2022-11-23,2.0,walk,39814.0,40694.0,880.0,leisure,education
30399_2022-11-23,3.0,mpt,48748.0,49845.0,1097.0,education,shop
30399_2022-11-23,4.0,mpt,50390.0,52496.0,2106.0,shop,home
30803_2022-12-27,0.0,bike,38133.0,38257.0,124.0,home,leisure
30803_2022-12-27,1.0,bike,45867.0,46102.0,235.0,leisure,home
30045_2022-11-02,0.0,mpt,53561.0,55003.0,1442.0,home,other
30045_2022-11-02,1.0,mpt,56462.0,56953.0,491.0,other,shop
30045_2022-11-02,2.0,mpt,57783.0,58192.0,409.0,shop,home
30045_2022-11-02,3.0,mpt,60818.0,61780.0,962.0,home,home
30553_2022-10-22,0.0,bike,33977.0,37614.0,3637.0,home,leisure
30553_2022-10-22,1.0,bike,42277.0,45883.0,3606.0,leisure,home
31017_2022-10-24,0.0,mpt,59509.0,61149.0,1640.0,home,home
31017_2022-10-24,1.0,mpt,65619.0,66752.0,1133.0,home,home
30905_2022-09-28,0.0,mpt,33022.0,35200.0,2178.0,home,shop
30905_2022-09-28,1.0,mpt,36779.0,37230.0,451.0,shop,home
30905_2022-09-28,2.0,mpt,47615.0,48249.0,634.0,home,leisure
30905_2022-09-28,3.0,mpt,49337.0,49705.0,368.0,leisure,leisure
30905_2022-09-28,4.0,mpt,50870.0,51336.0,466.0,leisure,home
30681_2022-12-12,0.0,mpt,44747.0,45548.0,801.0,home,education
30681_2022-12-12,1.0,mpt,51289.0,51797.0,508.0,education,home
30724_2022-10-15,0.0,walk,11319.0,11719.0,400.0,home,education
30724_2022-10-15,1.0,bike,29448.0,30306.0,858.0,education,home
30724_2022-10-15,2.0,walk,32412.0,33939.0,1527.0,home,home
30724_2022-10-15,3.0,walk,50237.0,51576.0,1339.0,home,leisure
30724_2022-10-15,4.0,walk,52107.0,52347.0,240.0,leisure,home
30724_2022-10-15,5.0,walk,53204.0,54066.0,862.0,home,home
31251_2022-11-29,0.0,mpt,21869.0,22764.0,895.0,home,other
31251_2022-11-29,1.0,mpt,23185.0,24041.0,856.0,other,home
31251_2022-11-29,2.0,mpt,56336.0,57339.0,1003.0,home,home
31251_2022-11-29,3.0,walk,57791.0,58334.0,543.0,home,home
31251_2022-11-29,4.0,mpt,61257.0,62594.0,1337.0,home,home
30013_2022-10-24,0.0,mpt,33899.0,35074.0,1175.0,home,shop
30013_2022-10-24,1.0,walk,35436.0,35780.0,344.0,shop,home
30013_2022-10-24,2.0,walk,40411.0,40706.0,295.0,home,other
30013_2022-10-24,3.0,walk,41568.0,41768.0,200.0,other,education
30013_2022-10-24,4.0,walk,42542.0,42599.0,57.0,education,other
30013_2022-10-24,5.0,mpt,43566.0,45079.0,1513.0,other,home
30013_2022-10-24,6.0,walk,51084.0,51519.0,435.0,home,shop
30013_2022-10-24,7.0,walk,51909.0,52524.0,615.0,shop,home
30013_2022-10-24,8.0,walk,79021.0,79039.0,18.0,home,home
30382_2022-08-13,0.0,walk,31101.0,31336.0,235.0,home,home
30860_2022-10-10,0.0,bike,29111.0,30190.0,1079.0,other,leisure
30860_2022-10-10,1.0,bike,31021.0,31685.0,664.0,leisure,home
30860_2022-10-10,2.0,mpt,34941.0,36791.0,1850.0,home,education
30860_2022-10-10,3.0,mpt,55017.0,56925.0,1908.0,education,other
30418_2022-11-02,0.0,pt,63359.0,64803.0,1444.0,home,home
30418_2022-11-02,1.0,pt,78308.0,78402.0,94.0,home,home
31161_2022-12-08,0.0,mpt,17675.0,18751.0,1076.0,home,education
31161_2022-12-08,1.0,walk,53368.0,53768.0,400.0,education,education
31161_2022-12-08,2.0,mpt,54761.0,56126.0,1365.0,education,shop
31161_2022-12-08,3.0,mpt,56745.0,57130.0,385.0,shop,home
30693_2022-11-14,0.0,mpt,44470.0,44609.0,139.0,home,other
30693_2022-11-14,1.0,mpt,45184.0,45753.0,569.0,other,shop
30693_2022-11-14,2.0,mpt,47419.0,48121.0,702.0,shop,shop
30693_2022-11-14,3.0,mpt,49250.0,49385.0,135.0,shop,other
30693_2022-11-14,4.0,walk,52778.0,53597.0,819.0,other,home
30693_2022-11-14,5.0,walk,65787.0,66644.0,857.0,home,other
30693_2022-11-14,6.0,mpt,67466.0,67544.0,78.0,other,home
30235_2022-11-14,0.0,walk,18879.0,20462.0,1583.0,home,home
30235_2022-11-14,1.0,mpt,22865.0,24695.0,1830.0,home,work
30235_2022-11-14,2.0,mpt,59460.0,60951.0,1491.0,work,home
30235_2022-11-14,3.0,walk,67499.0,67931.0,432.0,home,home
30567_2022-11-21,0.0,bike,18473.0,21639.0,3166.0,home,education
30567_2022-11-21,1.0,bike,45224.0,48210.0,2986.0,education,home
30567_2022-11-21,2.0,mpt,51305.0,53216.0,1911.0,home,shop
30567_2022-11-21,3.0,mpt,54666.0,56514.0,1848.0,shop,home
30567_2022-11-21,4.0,walk,61762.0,66161.0,4399.0,home,home
30657_2022-11-24,0.0,pt,48511.0,48629.0,118.0,home,other
30657_2022-11-24,1.0,mpt,51150.0,52265.0,1115.0,other,home
30878_2022-08-24,0.0,walk,39771.0,39901.0,130.0,home,other
30878_2022-08-24,1.0,pt,40523.0,43590.0,3067.0,other,education
30878_2022-08-24,2.0,mpt,44672.0,46612.0,1940.0,education,education
30878_2022-08-24,3.0,mpt,50748.0,52739.0,1991.0,education,education
30878_2022-08-24,4.0,pt,54842.0,55461.0,619.0,education,other
30878_2022-08-24,5.0,pt,56015.0,58193.0,2178.0,other,leisure
30878_2022-08-24,6.0,pt,68654.0,69451.0,797.0,leisure,other
30878_2022-08-24,7.0,pt,70208.0,71112.0,904.0,other,other
30878_2022-08-24,8.0,pt,72202.0,74105.0,1903.0,other,home
30957_2022-08-08,0.0,bike,17493.0,18919.0,1426.0,leisure,work
30957_2022-08-08,1.0,bike,50889.0,52581.0,1692.0,work,home
31096_2023-01-29,0.0,mpt,50488.0,51372.0,884.0,home,leisure
31096_2023-01-29,1.0,mpt,57575.0,58359.0,784.0,leisure,home
31096_2023-01-29,2.0,walk,70950.0,71259.0,309.0,home,home
30729_2022-11-18,0.0,mpt,42598.0,44958.0,2360.0,home,shop
30729_2022-11-18,1.0,mpt,45641.0,47026.0,1385.0,shop,education
30729_2022-11-18,2.0,mpt,47835.0,50880.0,3045.0,education,education
30729_2022-11-18,3.0,mpt,66833.0,67286.0,453.0,education,leisure
30729_2022-11-18,4.0,mpt,72584.0,72866.0,282.0,leisure,home
30795_2022-09-06,0.0,bike,48080.0,48374.0,294.0,home,other
30795_2022-09-06,1.0,bike,48714.0,48804.0,90.0,other,other
30795_2022-09-06,2.0,bike,49182.0,50158.0,976.0,other,home
30948_2022-12-29,0.0,mpt,46489.0,47532.0,1043.0,home,shop
30948_2022-12-29,1.0,mpt,51359.0,52421.0,1062.0,shop,education
30948_2022-12-29,2.0,mpt,55772.0,56736.0,964.0,education,shop
30948_2022-12-29,3.0,mpt,57451.0,58487.0,1036.0,shop,home
30980_2022-11-12,0.0,mpt,31086.0,31532.0,446.0,home,home
30980_2022-11-12,1.0,mpt,43623.0,43860.0,237.0,home,other
30980_2022-11-12,2.0,mpt,44632.0,45202.0,570.0,other,home
30980_2022-11-12,3.0,mpt,47339.0,48080.0,741.0,home,shop
30980_2022-11-12,4.0,mpt,49327.0,49724.0,397.0,shop,home
30803_2022-12-19,0.0,bike,38563.0,38739.0,176.0,home,leisure
30803_2022-12-19,1.0,walk,43418.0,43594.0,176.0,leisure,leisure
30803_2022-12-19,2.0,walk,43976.0,44324.0,348.0,leisure,leisure
30803_2022-12-19,3.0,bike,45212.0,46182.0,970.0,leisure,home
30889_2022-11-08,0.0,mpt,36572.0,39583.0,3011.0,home,leisure
30889_2022-11-08,1.0,mpt,45485.0,46115.0,630.0,leisure,leisure
30889_2022-11-08,2.0,mpt,49228.0,52139.0,2911.0,leisure,home
30889_2022-11-08,3.0,bike,68267.0,69962.0,1695.0,home,home
30196_2022-09-03,0.0,mpt,23657.0,24446.0,789.0,other,leisure
30196_2022-09-03,1.0,mpt,26750.0,31750.0,5000.0,leisure,other
30196_2022-09-03,2.0,pt,33033.0,33227.0,194.0,other,leisure
30196_2022-09-03,3.0,bike,35879.0,37086.0,1207.0,leisure,home
30631_2022-10-27,0.0,walk,21401.0,28518.0,7117.0,home,home
30631_2022-10-27,1.0,bike,33294.0,33437.0,143.0,home,shop
30631_2022-10-27,2.0,bike,35378.0,35916.0,538.0,shop,home
30631_2022-10-27,3.0,walk,53300.0,54426.0,1126.0,home,home
30222_2022-11-02,0.0,bike,23387.0,23904.0,517.0,home,education
30222_2022-11-02,1.0,walk,30813.0,31096.0,283.0,education,education
30222_2022-11-02,2.0,walk,38739.0,38904.0,165.0,education,home
30222_2022-11-02,3.0,bike,67121.0,67312.0,191.0,home,leisure
30222_2022-11-02,4.0,bike,74503.0,74762.0,259.0,leisure,leisure
30222_2022-11-02,5.0,bike,77202.0,77575.0,373.0,leisure,home
30831_2022-08-08,0.0,pt,52828.0,53568.0,740.0,home,other
30831_2022-08-08,1.0,pt,54003.0,65126.0,11123.0,other,other
30831_2022-08-08,2.0,pt,65506.0,65841.0,335.0,other,home
30252_2023-01-07,0.0,mpt,16663.0,18143.0,1480.0,home,education
30252_2023-01-07,1.0,pt,20482.0,20518.0,36.0,education,home
30252_2023-01-07,2.0,mpt,22030.0,22476.0,446.0,home,home
30252_2023-01-07,3.0,pt,24137.0,24264.0,127.0,home,home
30252_2023-01-07,4.0,walk,36753.0,38677.0,1924.0,home,home
30252_2023-01-07,5.0,walk,40295.0,40349.0,54.0,home,leisure
30252_2023-01-07,6.0,mpt,41488.0,42980.0,1492.0,leisure,home
30252_2023-01-07,7.0,mpt,43350.0,45090.0,1740.0,home,home
30252_2023-01-07,8.0,mpt,45860.0,46529.0,669.0,home,home
30252_2023-01-07,9.0,mpt,51230.0,52495.0,1265.0,home,home
30252_2023-01-07,10.0,mpt,52863.0,53178.0,315.0,home,home
30835_2022-10-31,0.0,mpt,22557.0,22856.0,299.0,home,home
30835_2022-10-31,1.0,mpt,38932.0,39360.0,428.0,home,home
30835_2022-10-31,2.0,mpt,43378.0,43727.0,349.0,home,home
30835_2022-10-31,3.0,mpt,49675.0,50103.0,428.0,home,home
30835_2022-10-31,4.0,mpt,58816.0,59412.0,596.0,home,leisure
30835_2022-10-31,5.0,mpt,62449.0,63055.0,606.0,leisure,home
30835_2022-10-31,6.0,mpt,72084.0,72383.0,299.0,home,home
30862_2022-11-14,0.0,mpt,41063.0,42311.0,1248.0,home,education
30862_2022-11-14,1.0,mpt,68353.0,72606.0,4253.0,education,home
30458_2023-01-12,0.0,walk,22732.0,25806.0,3074.0,home,education
30458_2023-01-12,1.0,walk,42393.0,65568.0,23175.0,education,shop
30458_2023-01-12,2.0,pt,65976.0,68463.0,2487.0,shop,home
30016_2022-12-04,0.0,mpt,36232.0,47526.0,11294.0,home,shop
30016_2022-12-04,1.0,mpt,47931.0,54609.0,6678.0,shop,home
30109_2022-12-14,0.0,bike,52077.0,52958.0,881.0,home,education
30109_2022-12-14,1.0,walk,59740.0,60236.0,496.0,education,leisure
30109_2022-12-14,2.0,bike,64523.0,64975.0,452.0,leisure,home
31260_2022-11-24,0.0,walk,36302.0,36987.0,685.0,home,shop
31260_2022-11-24,1.0,walk,43218.0,43857.0,639.0,shop,home
30217_2022-11-01,0.0,mpt,29624.0,31066.0,1442.0,home,shop
30217_2022-11-01,1.0,walk,32864.0,32949.0,85.0,shop,shop
30217_2022-11-01,2.0,mpt,33319.0,34280.0,961.0,shop,home
30167_2022-10-14,0.0,pt,40740.0,41162.0,422.0,home,other
30167_2022-10-14,1.0,pt,41646.0,43843.0,2197.0,other,leisure
30167_2022-10-14,2.0,walk,62866.0,63506.0,640.0,leisure,leisure
30167_2022-10-14,3.0,walk,74389.0,75499.0,1110.0,leisure,leisure
30913_2022-11-12,0.0,pt,29595.0,32495.0,2900.0,home,other
30913_2022-11-12,1.0,pt,32916.0,36198.0,3282.0,other,leisure
30913_2022-11-12,2.0,walk,37162.0,37392.0,230.0,leisure,leisure
30913_2022-11-12,3.0,walk,39049.0,39479.0,430.0,leisure,shop
30913_2022-11-12,4.0,walk,40360.0,41055.0,695.0,shop,shop
30913_2022-11-12,5.0,walk,43392.0,44146.0,754.0,shop,leisure
30913_2022-11-12,6.0,walk,52867.0,53811.0,944.0,leisure,leisure
30913_2022-11-12,7.0,walk,58595.0,58675.0,80.0,leisure,leisure
30913_2022-11-12,8.0,pt,64094.0,68457.0,4363.0,leisure,leisure
30913_2022-11-12,9.0,pt,69305.0,70059.0,754.0,leisure,other
30913_2022-11-12,10.0,pt,70489.0,72638.0,2149.0,other,home
30369_2022-10-11,0.0,mpt,23372.0,24443.0,1071.0,home,work
30369_2022-10-11,1.0,pt,58180.0,59685.0,1505.0,work,home
30464_2022-12-24,0.0,mpt,25183.0,25772.0,589.0,home,shop
30464_2022-12-24,1.0,walk,27532.0,28000.0,468.0,shop,leisure
30464_2022-12-24,2.0,mpt,29017.0,29596.0,579.0,leisure,home
30464_2022-12-24,3.0,walk,33438.0,33637.0,199.0,home,home
30464_2022-12-24,4.0,mpt,49056.0,50153.0,1097.0,home,home
30180_2022-12-29,0.0,walk,23584.0,25432.0,1848.0,home,home
30180_2022-12-29,1.0,walk,40952.0,42227.0,1275.0,home,home
30180_2022-12-29,2.0,walk,62746.0,64701.0,1955.0,home,home
30398_2022-09-09,0.0,bike,55089.0,55535.0,446.0,home,shop
30398_2022-09-09,1.0,bike,55873.0,56042.0,169.0,shop,home
30278_2022-11-20,0.0,walk,42969.0,46350.0,3381.0,home,home
30278_2022-11-20,1.0,mpt,50093.0,50403.0,310.0,home,home
30278_2022-11-20,2.0,mpt,50820.0,51143.0,323.0,home,other
30278_2022-11-20,3.0,mpt,51820.0,52312.0,492.0,other,home
30591_2023-01-03,0.0,mpt,23483.0,24953.0,1470.0,home,education
30591_2023-01-03,1.0,mpt,39850.0,40438.0,588.0,education,work
30591_2023-01-03,2.0,mpt,58062.0,58950.0,888.0,work,home
30591_2023-01-03,3.0,mpt,76603.0,77552.0,949.0,home,home
30782_2022-11-06,0.0,pt,41779.0,42023.0,244.0,home,other
30782_2022-11-06,1.0,pt,42455.0,43260.0,805.0,other,other
30782_2022-11-06,2.0,pt,43572.0,44484.0,912.0,other,leisure
30782_2022-11-06,3.0,mpt,53360.0,55217.0,1857.0,leisure,home
30697_2022-10-17,0.0,mpt,13441.0,14280.0,839.0,home,education
30697_2022-10-17,1.0,walk,20895.0,21826.0,931.0,education,education
30697_2022-10-17,2.0,walk,32762.0,33563.0,801.0,education,education
30697_2022-10-17,3.0,mpt,64201.0,65217.0,1016.0,education,home
30553_2022-09-27,0.0,pt,37078.0,40857.0,3779.0,home,education
30553_2022-09-27,1.0,walk,48188.0,49170.0,982.0,education,education
30553_2022-09-27,2.0,pt,50420.0,52902.0,2482.0,education,education
30553_2022-09-27,3.0,walk,55084.0,55160.0,76.0,education,education
30553_2022-09-27,4.0,walk,58923.0,59656.0,733.0,education,leisure
30553_2022-09-27,5.0,walk,73246.0,73415.0,169.0,leisure,home
30345_2022-10-31,0.0,pt,17682.0,21193.0,3511.0,home,work
30345_2022-10-31,1.0,pt,40306.0,43192.0,2886.0,work,home
30345_2022-10-31,2.0,mpt,55206.0,56061.0,855.0,home,home
30345_2022-10-31,3.0,mpt,60175.0,60988.0,813.0,home,shop
30345_2022-10-31,4.0,mpt,63662.0,63766.0,104.0,shop,home
30008_2022-11-30,0.0,bike,26675.0,28222.0,1547.0,home,education
30008_2022-11-30,1.0,bike,38767.0,40289.0,1522.0,education,work
30008_2022-11-30,2.0,walk,48585.0,48737.0,152.0,work,home
30008_2022-11-30,3.0,walk,49121.0,49136.0,15.0,home,home
30008_2022-11-30,4.0,bike,60293.0,60618.0,325.0,home,education
30008_2022-11-30,5.0,bike,69709.0,70758.0,1049.0,education,home
31034_2022-11-02,0.0,mpt,23888.0,27739.0,3851.0,home,shop
31034_2022-11-02,1.0,mpt,31152.0,33442.0,2290.0,shop,home
31034_2022-11-02,2.0,mpt,60936.0,61426.0,490.0,home,leisure
31034_2022-11-02,3.0,mpt,68880.0,69026.0,146.0,leisure,other
31034_2022-11-02,4.0,mpt,69563.0,70250.0,687.0,other,home
31000_2022-12-08,0.0,mpt,58581.0,60117.0,1536.0,home,other
31000_2022-12-08,1.0,mpt,61402.0,62504.0,1102.0,other,home
30636_2022-11-11,0.0,mpt,25148.0,25760.0,612.0,home,education
30636_2022-11-11,1.0,mpt,38367.0,39092.0,725.0,education,home
30636_2022-11-11,2.0,mpt,58231.0,59236.0,1005.0,home,shop
30636_2022-11-11,3.0,walk,61219.0,61256.0,37.0,shop,leisure
30636_2022-11-11,4.0,mpt,62548.0,62845.0,297.0,leisure,other
30636_2022-11-11,5.0,mpt,65034.0,65765.0,731.0,other,home
30081_2022-12-02,0.0,walk,61600.0,61745.0,145.0,work,other
30735_2022-11-03,0.0,mpt,17109.0,20628.0,3519.0,home,shop
30735_2022-11-03,1.0,mpt,21129.0,23065.0,1936.0,shop,education
30735_2022-11-03,2.0,walk,38433.0,38650.0,217.0,education,leisure
30735_2022-11-03,3.0,walk,45561.0,45899.0,338.0,leisure,work
30735_2022-11-03,4.0,mpt,60438.0,66448.0,6010.0,work,home
30161_2022-11-20,0.0,mpt,39846.0,40410.0,564.0,home,education
30161_2022-11-20,1.0,mpt,44640.0,44940.0,300.0,education,education
30161_2022-11-20,2.0,mpt,45885.0,46790.0,905.0,education,home
30685_2022-11-23,0.0,walk,60551.0,61057.0,506.0,home,home
31245_2022-08-27,0.0,bike,21786.0,21891.0,105.0,home,home
30718_2022-11-10,0.0,pt,69315.0,71137.0,1822.0,home,home
30038_2022-11-15,0.0,pt,54088.0,57387.0,3299.0,home,leisure
30038_2022-11-15,1.0,pt,64305.0,64761.0,456.0,leisure,leisure
30038_2022-11-15,2.0,pt,77204.0,77938.0,734.0,leisure,other
30038_2022-11-15,3.0,pt,78609.0,80748.0,2139.0,other,home
31083_2022-11-16,0.0,mpt,26416.0,28080.0,1664.0,home,education
31083_2022-11-16,1.0,mpt,38466.0,39906.0,1440.0,education,leisure
31083_2022-11-16,2.0,mpt,43816.0,45004.0,1188.0,leisure,work
31083_2022-11-16,3.0,mpt,62230.0,62802.0,572.0,work,leisure
31083_2022-11-16,4.0,mpt,77944.0,79474.0,1530.0,leisure,home
30685_2022-12-01,0.0,mpt,21165.0,21412.0,247.0,home,other
30685_2022-12-01,1.0,mpt,21936.0,23870.0,1934.0,other,work
30685_2022-12-01,2.0,pt,56888.0,58109.0,1221.0,work,leisure
30685_2022-12-01,3.0,mpt,78306.0,80711.0,2405.0,leisure,home
30872_2022-11-17,0.0,walk,23715.0,27545.0,3830.0,home,home
30872_2022-11-17,1.0,mpt,37752.0,37993.0,241.0,home,leisure
30872_2022-11-17,2.0,mpt,38778.0,38971.0,193.0,leisure,home
30872_2022-11-17,3.0,mpt,60210.0,60949.0,739.0,home,leisure
30872_2022-11-17,4.0,mpt,63590.0,64010.0,420.0,leisure,home
30948_2023-01-14,0.0,mpt,31827.0,33420.0,1593.0,home,shop
30948_2023-01-14,1.0,mpt,34090.0,34876.0,786.0,shop,education
30948_2023-01-14,2.0,walk,37588.0,38482.0,894.0,education,education
30948_2023-01-14,3.0,mpt,39209.0,40548.0,1339.0,education,leisure
30948_2023-01-14,4.0,mpt,61075.0,62539.0,1464.0,leisure,education
30948_2023-01-14,5.0,mpt,81597.0,82493.0,896.0,education,home
30396_2022-09-13,0.0,walk,18707.0,18945.0,238.0,home,other
30396_2022-09-13,1.0,walk,19404.0,19762.0,358.0,other,home
30396_2022-09-13,2.0,walk,37905.0,38432.0,527.0,home,home
30147_2022-11-17,0.0,walk,20403.0,20564.0,161.0,education,work
30147_2022-11-17,1.0,walk,42873.0,44272.0,1399.0,work,education
30147_2022-11-17,2.0,walk,55977.0,56055.0,78.0,education,other
30147_2022-11-17,3.0,walk,56522.0,56566.0,44.0,other,home
30704_2022-12-02,0.0,walk,41444.0,41471.0,27.0,home,leisure
30704_2022-12-02,1.0,walk,42083.0,42365.0,282.0,leisure,home
30704_2022-12-02,2.0,bike,65711.0,66432.0,721.0,home,leisure
30704_2022-12-02,3.0,bike,83153.0,84630.0,1477.0,leisure,home
31240_2022-12-20,0.0,walk,59213.0,61216.0,2003.0,home,home
31145_2022-11-20,0.0,walk,28928.0,30382.0,1454.0,home,work
31145_2022-11-20,1.0,walk,54489.0,54937.0,448.0,work,home
30109_2022-12-07,0.0,bike,47051.0,47484.0,433.0,home,education
30109_2022-12-07,1.0,bike,54417.0,54641.0,224.0,education,shop
30109_2022-12-07,2.0,bike,55282.0,55533.0,251.0,shop,home
31158_2022-12-21,0.0,mpt,59561.0,59872.0,311.0,home,shop
31158_2022-12-21,1.0,mpt,61998.0,62390.0,392.0,shop,home
31224_2022-09-06,0.0,mpt,61530.0,61708.0,178.0,home,other
31224_2022-09-06,1.0,mpt,62401.0,62737.0,336.0,other,home
30385_2022-09-14,0.0,bike,33012.0,33438.0,426.0,home,shop
30385_2022-09-14,1.0,pt,33881.0,41643.0,7762.0,shop,education
30385_2022-09-14,2.0,pt,56273.0,56894.0,621.0,education,shop
30385_2022-09-14,3.0,pt,57889.0,63047.0,5158.0,shop,home
30350_2022-10-22,0.0,mpt,37861.0,42674.0,4813.0,home,leisure
30350_2022-10-22,1.0,mpt,45107.0,46002.0,895.0,leisure,home
30350_2022-10-22,2.0,walk,47251.0,47365.0,114.0,home,home
30889_2022-11-10,0.0,mpt,31159.0,31315.0,156.0,home,other
30889_2022-11-10,1.0,mpt,31675.0,32297.0,622.0,other,leisure
30889_2022-11-10,2.0,mpt,33955.0,34535.0,580.0,leisure,shop
30889_2022-11-10,3.0,mpt,35098.0,35945.0,847.0,shop,home
30889_2022-11-10,4.0,mpt,51703.0,52838.0,1135.0,home,leisure
30889_2022-11-10,5.0,mpt,57295.0,58955.0,1660.0,leisure,home
30889_2022-11-10,6.0,walk,59486.0,59801.0,315.0,home,home
31186_2022-11-10,0.0,mpt,24590.0,25116.0,526.0,home,education
31186_2022-11-10,1.0,walk,32810.0,33236.0,426.0,education,work
31186_2022-11-10,2.0,walk,46039.0,46281.0,242.0,work,education
31186_2022-11-10,3.0,bike,50938.0,51347.0,409.0,education,education
31186_2022-11-10,4.0,mpt,52386.0,52766.0,380.0,education,home
30403_2022-12-07,0.0,bike,21188.0,21940.0,752.0,home,education
30403_2022-12-07,1.0,walk,22785.0,22932.0,147.0,education,education
30403_2022-12-07,2.0,bike,41064.0,41856.0,792.0,education,home
30403_2022-12-07,3.0,bike,48433.0,48755.0,322.0,home,leisure
30403_2022-12-07,4.0,bike,56225.0,56917.0,692.0,leisure,shop
30403_2022-12-07,5.0,bike,58231.0,58532.0,301.0,shop,home
31194_2022-12-12,0.0,mpt,56841.0,56927.0,86.0,home,home
30366_2022-11-18,0.0,mpt,18875.0,19893.0,1018.0,home,work
30366_2022-11-18,1.0,walk,40006.0,40413.0,407.0,work,work
30366_2022-11-18,2.0,mpt,62136.0,63265.0,1129.0,work,home
30115_2022-09-21,0.0,walk,22063.0,22296.0,233.0,home,other
30115_2022-09-21,1.0,walk,22900.0,23294.0,394.0,other,education
30115_2022-09-21,2.0,walk,44315.0,45624.0,1309.0,education,education
30115_2022-09-21,3.0,walk,55667.0,56012.0,345.0,education,other
30115_2022-09-21,4.0,walk,56905.0,58012.0,1107.0,other,home
30277_2022-08-16,0.0,walk,39469.0,41094.0,1625.0,home,home
30217_2022-11-05,0.0,mpt,38779.0,40402.0,1623.0,home,leisure
30217_2022-11-05,1.0,walk,40776.0,40903.0,127.0,leisure,leisure
30217_2022-11-05,2.0,walk,47576.0,48959.0,1383.0,leisure,leisure
30217_2022-11-05,3.0,walk,49691.0,49799.0,108.0,leisure,leisure
30217_2022-11-05,4.0,walk,50586.0,51258.0,672.0,leisure,leisure
30217_2022-11-05,5.0,walk,51663.0,51721.0,58.0,leisure,leisure
30217_2022-11-05,6.0,walk,52091.0,53177.0,1086.0,leisure,leisure
30217_2022-11-05,7.0,mpt,56364.0,57872.0,1508.0,leisure,home
30217_2022-11-05,8.0,walk,58696.0,58805.0,109.0,home,home
30089_2022-11-23,0.0,walk,28592.0,31949.0,3357.0,home,home
30089_2022-11-23,1.0,walk,48091.0,48658.0,567.0,home,leisure
30089_2022-11-23,2.0,walk,53740.0,54346.0,606.0,leisure,home
30089_2022-11-23,3.0,walk,54749.0,55595.0,846.0,home,home
30200_2022-09-04,0.0,walk,28134.0,28918.0,784.0,home,home
30200_2022-09-04,1.0,walk,39421.0,40295.0,874.0,home,home
30200_2022-09-04,2.0,walk,52479.0,52880.0,401.0,home,home
30200_2022-09-04,3.0,walk,56261.0,56983.0,722.0,home,home
30388_2022-12-21,0.0,pt,35364.0,37208.0,1844.0,home,shop
30388_2022-12-21,1.0,pt,37879.0,39146.0,1267.0,shop,work
30388_2022-12-21,2.0,pt,61007.0,61770.0,763.0,work,home
30388_2022-12-21,3.0,walk,64907.0,65860.0,953.0,home,leisure
30502_2022-11-18,0.0,walk,24686.0,25046.0,360.0,home,home
30502_2022-11-18,1.0,walk,34107.0,34166.0,59.0,home,home
30502_2022-11-18,2.0,other,35371.0,35403.0,32.0,home,home
30502_2022-11-18,3.0,walk,41107.0,45335.0,4228.0,home,home
30502_2022-11-18,4.0,mpt,63322.0,64137.0,815.0,home,other
30502_2022-11-18,5.0,walk,65477.0,65569.0,92.0,other,leisure
30502_2022-11-18,6.0,mpt,78478.0,79572.0,1094.0,leisure,home
30313_2022-10-31,0.0,bike,25999.0,26288.0,289.0,home,education
30313_2022-10-31,1.0,bike,41293.0,41559.0,266.0,education,work
30313_2022-10-31,2.0,bike,59576.0,60040.0,464.0,work,home
30803_2022-12-23,0.0,bike,39845.0,40138.0,293.0,home,leisure
30803_2022-12-23,1.0,walk,46260.0,46430.0,170.0,leisure,shop
30803_2022-12-23,2.0,bike,47709.0,48139.0,430.0,shop,home
30803_2022-12-23,3.0,pt,61908.0,63556.0,1648.0,home,leisure
30803_2022-12-23,4.0,walk,66804.0,67434.0,630.0,leisure,leisure
30803_2022-12-23,5.0,pt,82355.0,83508.0,1153.0,leisure,home
30327_2022-12-05,0.0,pt,20577.0,22134.0,1557.0,home,work
30327_2022-12-05,1.0,pt,59058.0,60997.0,1939.0,work,home
31260_2022-11-21,0.0,pt,28328.0,28535.0,207.0,home,other
31260_2022-11-21,1.0,pt,28871.0,37696.0,8825.0,other,home
31260_2022-11-21,2.0,walk,52308.0,52792.0,484.0,home,shop
31260_2022-11-21,3.0,walk,53895.0,54073.0,178.0,shop,leisure
31260_2022-11-21,4.0,pt,59848.0,69697.0,9849.0,leisure,home
30151_2022-08-22,0.0,walk,37382.0,38175.0,793.0,home,home
30278_2022-11-29,0.0,mpt,25574.0,26347.0,773.0,home,shop
30278_2022-11-29,1.0,mpt,26952.0,27218.0,266.0,shop,leisure
30278_2022-11-29,2.0,walk,34513.0,34738.0,225.0,leisure,shop
30278_2022-11-29,3.0,mpt,35224.0,36098.0,874.0,shop,home
30278_2022-11-29,4.0,mpt,47443.0,47607.0,164.0,home,education
30278_2022-11-29,5.0,mpt,48714.0,48853.0,139.0,education,home
30278_2022-11-29,6.0,walk,54224.0,54595.0,371.0,home,home
30426_2022-12-04,0.0,pt,31909.0,32577.0,668.0,home,leisure
30426_2022-12-04,1.0,pt,38487.0,39006.0,519.0,leisure,leisure
30426_2022-12-04,2.0,mpt,41032.0,44042.0,3010.0,leisure,leisure
30426_2022-12-04,3.0,mpt,67094.0,70559.0,3465.0,leisure,home
30820_2022-11-18,0.0,mpt,59808.0,61130.0,1322.0,home,leisure
30820_2022-11-18,1.0,mpt,66120.0,66838.0,718.0,leisure,home
30553_2022-10-21,0.0,pt,19353.0,21646.0,2293.0,home,work
30553_2022-10-21,1.0,pt,52739.0,55133.0,2394.0,work,education
30553_2022-10-21,2.0,mpt,60802.0,61057.0,255.0,education,leisure
30553_2022-10-21,3.0,mpt,73145.0,73451.0,306.0,leisure,home
30229_2022-09-27,0.0,walk,44651.0,44950.0,299.0,home,shop
30229_2022-09-27,1.0,walk,46001.0,46212.0,211.0,shop,shop
30229_2022-09-27,2.0,walk,47302.0,47823.0,521.0,shop,home
31237_2022-11-18,0.0,mpt,31490.0,31855.0,365.0,home,other
31237_2022-11-18,1.0,mpt,36210.0,36420.0,210.0,other,home
31237_2022-11-18,2.0,bike,52505.0,52720.0,215.0,home,education
31237_2022-11-18,3.0,walk,57119.0,57309.0,190.0,education,home
31237_2022-11-18,4.0,mpt,59915.0,61616.0,1701.0,home,shop
31237_2022-11-18,5.0,mpt,62280.0,62579.0,299.0,shop,home
31284_2022-09-09,0.0,mpt,36348.0,39365.0,3017.0,home,education
31284_2022-09-09,1.0,mpt,41845.0,43202.0,1357.0,education,home
31284_2022-09-09,2.0,mpt,52323.0,54250.0,1927.0,home,home
30704_2022-11-18,0.0,walk,34030.0,36799.0,2769.0,home,home
30704_2022-11-18,1.0,walk,40616.0,40657.0,41.0,home,leisure
30704_2022-11-18,2.0,walk,41198.0,41515.0,317.0,leisure,home
30704_2022-11-18,3.0,mpt,52808.0,53738.0,930.0,home,other
30704_2022-11-18,4.0,mpt,54746.0,55613.0,867.0,other,home
30704_2022-11-18,5.0,walk,80357.0,80777.0,420.0,home,home
31234_2022-09-28,0.0,mpt,63371.0,64007.0,636.0,home,leisure
31234_2022-09-28,1.0,mpt,68906.0,69421.0,515.0,leisure,home
30012_2022-08-08,0.0,mpt,23442.0,24480.0,1038.0,home,education
30012_2022-08-08,1.0,mpt,27906.0,29122.0,1216.0,education,education
30012_2022-08-08,2.0,walk,36662.0,36917.0,255.0,education,leisure
30012_2022-08-08,3.0,walk,40698.0,41022.0,324.0,leisure,education
30012_2022-08-08,4.0,mpt,57186.0,58825.0,1639.0,education,home
30388_2022-12-23,0.0,mpt,37263.0,39563.0,2300.0,home,other
30388_2022-12-23,1.0,mpt,41062.0,42118.0,1056.0,other,home
30388_2022-12-23,2.0,mpt,45207.0,55702.0,10495.0,home,home
30388_2022-12-23,3.0,mpt,56273.0,65046.0,8773.0,home,home
31014_2022-12-05,0.0,pt,17910.0,22631.0,4721.0,home,education
31014_2022-12-05,1.0,pt,40439.0,41859.0,1420.0,education,home
31014_2022-12-05,2.0,pt,42542.0,44674.0,2132.0,home,home
31014_2022-12-05,3.0,pt,46901.0,47524.0,623.0,home,education
31014_2022-12-05,4.0,pt,55148.0,55743.0,595.0,education,leisure
31014_2022-12-05,5.0,pt,56572.0,60283.0,3711.0,leisure,home
30878_2022-09-02,0.0,bike,23677.0,24030.0,353.0,home,other
30878_2022-09-02,1.0,bike,25648.0,25765.0,117.0,other,shop
30878_2022-09-02,2.0,bike,26902.0,27376.0,474.0,shop,home
30878_2022-09-02,3.0,mpt,37307.0,38597.0,1290.0,home,other
30878_2022-09-02,4.0,mpt,40677.0,42605.0,1928.0,other,shop
30878_2022-09-02,5.0,mpt,43149.0,43796.0,647.0,shop,shop
30878_2022-09-02,6.0,mpt,45144.0,46715.0,1571.0,shop,home
30848_2022-11-08,0.0,mpt,41774.0,44061.0,2287.0,home,education
30848_2022-11-08,1.0,bike,45802.0,47042.0,1240.0,education,leisure
30848_2022-11-08,2.0,mpt,48913.0,50545.0,1632.0,leisure,home
30848_2022-11-08,3.0,mpt,67782.0,68312.0,530.0,home,other
30848_2022-11-08,4.0,mpt,68916.0,69603.0,687.0,other,home
31163_2022-10-06,0.0,mpt,30536.0,32398.0,1862.0,home,home
30782_2022-11-26,0.0,bike,42621.0,42750.0,129.0,home,shop
30782_2022-11-26,1.0,bike,43071.0,43375.0,304.0,shop,shop
30782_2022-11-26,2.0,bike,43835.0,43936.0,101.0,shop,home
30448_2022-11-01,0.0,bike,32873.0,32969.0,96.0,home,education
30448_2022-11-01,1.0,bike,38908.0,39080.0,172.0,education,home
30057_2022-08-08,0.0,mpt,21921.0,22492.0,571.0,home,shop
30057_2022-08-08,1.0,mpt,23772.0,24902.0,1130.0,shop,home
30057_2022-08-08,2.0,pt,39864.0,41695.0,1831.0,home,education
30057_2022-08-08,3.0,pt,54696.0,56310.0,1614.0,education,home
30057_2022-08-08,4.0,walk,65203.0,68884.0,3681.0,home,home
31186_2022-11-15,0.0,mpt,24563.0,25107.0,544.0,home,education
31186_2022-11-15,1.0,walk,29515.0,29648.0,133.0,education,education
31186_2022-11-15,2.0,walk,33799.0,34307.0,508.0,education,education
31186_2022-11-15,3.0,mpt,37425.0,39030.0,1605.0,education,home
30693_2022-11-04,0.0,mpt,54966.0,58519.0,3553.0,home,other
30693_2022-11-04,1.0,walk,59180.0,59265.0,85.0,other,leisure
30693_2022-11-04,2.0,mpt,69759.0,71654.0,1895.0,leisure,leisure
30693_2022-11-04,3.0,walk,81261.0,81301.0,40.0,leisure,leisure
30693_2022-11-04,4.0,mpt,86097.0,86399.0,302.0,leisure,
30583_2022-10-05,0.0,mpt,62419.0,63475.0,1056.0,home,leisure
30583_2022-10-05,1.0,mpt,69191.0,70181.0,990.0,leisure,home
30521_2022-10-25,0.0,mpt,15083.0,19318.0,4235.0,home,education
30521_2022-10-25,1.0,walk,23054.0,23178.0,124.0,education,education
30521_2022-10-25,2.0,walk,40877.0,41238.0,361.0,education,education
30521_2022-10-25,3.0,mpt,41698.0,42965.0,1267.0,education,education
30521_2022-10-25,4.0,mpt,47152.0,48983.0,1831.0,education,home
30399_2022-11-25,0.0,mpt,54246.0,54478.0,232.0,home,other
30399_2022-11-25,1.0,mpt,56333.0,56995.0,662.0,other,home
30243_2022-09-02,0.0,mpt,20902.0,22881.0,1979.0,home,shop
30243_2022-09-02,1.0,mpt,23623.0,24274.0,651.0,shop,home
30243_2022-09-02,2.0,mpt,39760.0,41532.0,1772.0,home,shop
30243_2022-09-02,3.0,mpt,41899.0,45031.0,3132.0,shop,home
31284_2022-08-31,0.0,mpt,56839.0,57421.0,582.0,home,shop
31284_2022-08-31,1.0,mpt,57982.0,58798.0,816.0,shop,home
31284_2022-08-31,2.0,walk,66972.0,67008.0,36.0,home,home
31087_2022-08-05,0.0,walk,17841.0,21020.0,3179.0,home,home
31087_2022-08-05,1.0,walk,34800.0,36763.0,1963.0,home,home
31087_2022-08-05,2.0,walk,47183.0,47789.0,606.0,home,leisure
31087_2022-08-05,3.0,walk,48745.0,50065.0,1320.0,leisure,leisure
31087_2022-08-05,4.0,mpt,51037.0,51452.0,415.0,leisure,shop
31087_2022-08-05,5.0,mpt,52162.0,52373.0,211.0,shop,home
31087_2022-08-05,6.0,mpt,57455.0,58115.0,660.0,home,home
31087_2022-08-05,7.0,mpt,61885.0,63702.0,1817.0,home,education
31087_2022-08-05,8.0,walk,65273.0,66109.0,836.0,education,education
31087_2022-08-05,9.0,mpt,66960.0,70681.0,3721.0,education,home
31087_2022-08-05,10.0,walk,71503.0,71920.0,417.0,home,home
30076_2022-09-12,0.0,walk,61028.0,64859.0,3831.0,home,home
31260_2022-11-22,0.0,pt,42722.0,43180.0,458.0,home,other
31260_2022-11-22,1.0,pt,44064.0,46371.0,2307.0,other,education
31260_2022-11-22,2.0,pt,47495.0,48911.0,1416.0,education,work
31260_2022-11-22,3.0,pt,76379.0,78411.0,2032.0,work,shop
31260_2022-11-22,4.0,pt,79930.0,82894.0,2964.0,shop,home
30234_2022-07-26,0.0,pt,16382.0,18343.0,1961.0,home,education
30234_2022-07-26,1.0,pt,35383.0,37712.0,2329.0,education,home
30068_2022-11-29,0.0,mpt,58362.0,59239.0,877.0,home,other
30068_2022-11-29,1.0,mpt,60395.0,60547.0,152.0,other,shop
30068_2022-11-29,2.0,mpt,61408.0,61990.0,582.0,shop,home
30265_2022-08-10,0.0,mpt,21775.0,23479.0,1704.0,home,education
30265_2022-08-10,1.0,mpt,62029.0,63793.0,1764.0,education,home
30583_2022-09-28,0.0,pt,45173.0,49212.0,4039.0,home,education
30583_2022-09-28,1.0,pt,56387.0,56936.0,549.0,education,other
30583_2022-09-28,2.0,mpt,58148.0,60064.0,1916.0,other,home
30583_2022-09-28,3.0,mpt,62385.0,63457.0,1072.0,home,leisure
30583_2022-09-28,4.0,mpt,70506.0,71398.0,892.0,leisure,home
30388_2022-12-20,0.0,pt,28779.0,31829.0,3050.0,home,education
30388_2022-12-20,1.0,walk,53164.0,53294.0,130.0,education,education
30388_2022-12-20,2.0,walk,62235.0,62741.0,506.0,education,leisure
30388_2022-12-20,3.0,walk,63103.0,63707.0,604.0,leisure,leisure
30388_2022-12-20,4.0,pt,70517.0,71690.0,1173.0,leisure,home
30080_2022-08-10,0.0,pt,52171.0,53335.0,1164.0,home,other
30080_2022-08-10,1.0,pt,57652.0,59281.0,1629.0,other,home
30064_2023-01-10,0.0,mpt,26490.0,26820.0,330.0,home,work
30064_2023-01-10,1.0,mpt,38756.0,39178.0,422.0,work,home
30064_2023-01-10,2.0,mpt,51124.0,51955.0,831.0,home,shop
30064_2023-01-10,3.0,mpt,53547.0,54549.0,1002.0,shop,home
30064_2023-01-10,4.0,mpt,56707.0,57553.0,846.0,home,education
30064_2023-01-10,5.0,mpt,58345.0,60312.0,1967.0,education,education
30064_2023-01-10,6.0,mpt,61097.0,61458.0,361.0,education,home
30842_2022-11-01,0.0,walk,48447.0,50992.0,2545.0,home,leisure
30842_2022-11-01,1.0,mpt,52024.0,54128.0,2104.0,leisure,home
30605_2022-12-20,0.0,pt,24501.0,25632.0,1131.0,home,work
30605_2022-12-20,1.0,mpt,59011.0,59847.0,836.0,work,leisure
30605_2022-12-20,2.0,walk,63647.0,64474.0,827.0,leisure,leisure
30605_2022-12-20,3.0,pt,73640.0,74787.0,1147.0,leisure,home
31295_2022-11-02,0.0,mpt,22445.0,22659.0,214.0,home,other
31295_2022-11-02,1.0,mpt,23376.0,24635.0,1259.0,other,work
31295_2022-11-02,2.0,mpt,38525.0,40075.0,1550.0,work,home
31295_2022-11-02,3.0,mpt,46681.0,46802.0,121.0,home,home
31202_2022-12-05,0.0,walk,59127.0,60442.0,1315.0,home,leisure
31202_2022-12-05,1.0,walk,61052.0,61088.0,36.0,leisure,home
30464_2022-12-22,0.0,pt,15561.0,19978.0,4417.0,home,other
30464_2022-12-22,1.0,pt,20345.0,21418.0,1073.0,other,education
30464_2022-12-22,2.0,walk,40686.0,41217.0,531.0,education,work
30464_2022-12-22,3.0,pt,70519.0,71580.0,1061.0,work,other
30464_2022-12-22,4.0,pt,72337.0,75856.0,3519.0,other,home
31006_2022-12-21,0.0,walk,30110.0,30377.0,267.0,home,education
31006_2022-12-21,1.0,walk,56139.0,56563.0,424.0,education,leisure
31006_2022-12-21,2.0,pt,66445.0,75979.0,9534.0,leisure,home
30567_2022-11-24,0.0,mpt,56867.0,57194.0,327.0,home,shop
30567_2022-11-24,1.0,mpt,57733.0,58160.0,427.0,shop,leisure
30567_2022-11-24,2.0,walk,67867.0,71827.0,3960.0,leisure,home
30620_2022-08-21,0.0,mpt,25450.0,25550.0,100.0,home,home
30620_2022-08-21,1.0,mpt,26856.0,26912.0,56.0,home,home
30620_2022-08-21,2.0,mpt,40323.0,40796.0,473.0,home,leisure
30620_2022-08-21,3.0,mpt,41321.0,42040.0,719.0,leisure,home
30620_2022-08-21,4.0,other,47928.0,48358.0,430.0,home,leisure
30620_2022-08-21,5.0,other,66421.0,66587.0,166.0,leisure,home
30620_2022-08-21,6.0,mpt,67523.0,67700.0,177.0,home,leisure
30620_2022-08-21,7.0,mpt,72072.0,72237.0,165.0,leisure,home
31211_2022-10-19,0.0,mpt,16861.0,17666.0,805.0,home,education
31211_2022-10-19,1.0,mpt,24498.0,26952.0,2454.0,education,education
31211_2022-10-19,2.0,mpt,28722.0,29121.0,399.0,education,education
31211_2022-10-19,3.0,mpt,29528.0,31855.0,2327.0,education,education
31211_2022-10-19,4.0,mpt,36189.0,36542.0,353.0,education,leisure
31211_2022-10-19,5.0,mpt,39053.0,39494.0,441.0,leisure,education
31211_2022-10-19,6.0,mpt,39912.0,41374.0,1462.0,education,education
31211_2022-10-19,7.0,mpt,42487.0,43581.0,1094.0,education,education
31211_2022-10-19,8.0,walk,45087.0,45227.0,140.0,education,education
31211_2022-10-19,9.0,walk,48077.0,48207.0,130.0,education,education
31211_2022-10-19,10.0,mpt,52790.0,53458.0,668.0,education,education
31211_2022-10-19,11.0,bike,54882.0,61590.0,6708.0,education,home
31014_2022-12-04,0.0,mpt,46957.0,48122.0,1165.0,home,home
31014_2022-12-04,1.0,walk,50916.0,51669.0,753.0,home,shop
31014_2022-12-04,2.0,pt,52072.0,57988.0,5916.0,shop,education
31014_2022-12-04,3.0,walk,68480.0,68668.0,188.0,education,home
31125_2022-11-12,0.0,mpt,61973.0,62721.0,748.0,home,home
31125_2022-11-12,1.0,mpt,74683.0,75180.0,497.0,home,home
30990_2022-12-15,0.0,mpt,25606.0,27130.0,1524.0,home,work
30990_2022-12-15,1.0,walk,38129.0,38212.0,83.0,work,education
30990_2022-12-15,2.0,walk,49231.0,49542.0,311.0,education,education
30990_2022-12-15,3.0,mpt,55542.0,56812.0,1270.0,education,leisure
30990_2022-12-15,4.0,mpt,59912.0,61194.0,1282.0,leisure,home
30092_2022-11-04,0.0,pt,57737.0,59235.0,1498.0,home,other
30092_2022-11-04,1.0,pt,59918.0,61434.0,1516.0,other,leisure
30092_2022-11-04,2.0,walk,65286.0,66373.0,1087.0,leisure,leisure
30092_2022-11-04,3.0,walk,81192.0,82100.0,908.0,leisure,leisure
30092_2022-11-04,4.0,pt,84178.0,86399.0,2221.0,leisure,
30385_2022-09-22,0.0,mpt,26012.0,27058.0,1046.0,home,other
30385_2022-09-22,1.0,mpt,29581.0,31438.0,1857.0,other,other
30385_2022-09-22,2.0,walk,33648.0,33920.0,272.0,other,leisure
30385_2022-09-22,3.0,walk,37517.0,37796.0,279.0,leisure,leisure
30385_2022-09-22,4.0,walk,38293.0,39382.0,1089.0,leisure,leisure
30385_2022-09-22,5.0,walk,39814.0,40140.0,326.0,leisure,leisure
30385_2022-09-22,6.0,walk,40842.0,41263.0,421.0,leisure,other
30385_2022-09-22,7.0,mpt,41999.0,44628.0,2629.0,other,home
30556_2023-01-25,0.0,bike,22437.0,22985.0,548.0,home,education
30556_2023-01-25,1.0,bike,41181.0,41313.0,132.0,education,leisure
30556_2023-01-25,2.0,walk,43503.0,43674.0,171.0,leisure,leisure
30556_2023-01-25,3.0,bike,46508.0,46670.0,162.0,leisure,education
30556_2023-01-25,4.0,bike,60874.0,61257.0,383.0,education,shop
30556_2023-01-25,5.0,bike,61712.0,62164.0,452.0,shop,home
30567_2022-12-05,0.0,mpt,18949.0,20082.0,1133.0,home,education
30567_2022-12-05,1.0,mpt,44242.0,45532.0,1290.0,education,home
30567_2022-12-05,2.0,walk,62045.0,66781.0,4736.0,home,home
30741_2022-11-29,0.0,walk,39544.0,40232.0,688.0,home,education
30741_2022-11-29,1.0,walk,45283.0,45802.0,519.0,education,home
30605_2022-12-28,0.0,walk,28662.0,28827.0,165.0,home,leisure
30605_2022-12-28,1.0,walk,33812.0,34033.0,221.0,leisure,shop
30605_2022-12-28,2.0,walk,34456.0,34522.0,66.0,shop,home
30109_2022-12-15,0.0,bike,36010.0,36220.0,210.0,home,shop
30109_2022-12-15,1.0,walk,37499.0,37722.0,223.0,shop,other
30109_2022-12-15,2.0,bike,39906.0,40220.0,314.0,other,home
30109_2022-12-15,3.0,walk,51954.0,52221.0,267.0,home,shop
30109_2022-12-15,4.0,walk,52907.0,53404.0,497.0,shop,home
31284_2022-09-01,0.0,mpt,33051.0,34542.0,1491.0,home,shop
31284_2022-09-01,1.0,mpt,36257.0,38168.0,1911.0,shop,education
31284_2022-09-01,2.0,mpt,43319.0,46534.0,3215.0,education,leisure
31284_2022-09-01,3.0,mpt,54243.0,56215.0,1972.0,leisure,home
30605_2022-12-09,0.0,walk,63812.0,63912.0,100.0,home,shop
30605_2022-12-09,1.0,walk,64832.0,64873.0,41.0,shop,home
31297_2022-08-03,0.0,mpt,28891.0,30098.0,1207.0,home,home
31297_2022-08-03,1.0,mpt,31378.0,33195.0,1817.0,home,shop
31297_2022-08-03,2.0,mpt,33733.0,35081.0,1348.0,shop,home
30140_2022-11-15,0.0,walk,20255.0,20561.0,306.0,home,home
30140_2022-11-15,1.0,walk,23876.0,25139.0,1263.0,home,home
30140_2022-11-15,2.0,walk,61621.0,63741.0,2120.0,home,home
30140_2022-11-15,3.0,walk,69778.0,70254.0,476.0,home,home
30266_2022-12-16,0.0,pt,38244.0,40416.0,2172.0,home,home
30266_2022-12-16,1.0,pt,45969.0,47773.0,1804.0,home,shop
30266_2022-12-16,2.0,pt,48355.0,49214.0,859.0,shop,home
30266_2022-12-16,3.0,pt,51194.0,52099.0,905.0,home,shop
30266_2022-12-16,4.0,walk,52533.0,52892.0,359.0,shop,shop
30266_2022-12-16,5.0,walk,53323.0,53638.0,315.0,shop,shop
30266_2022-12-16,6.0,walk,54162.0,54482.0,320.0,shop,shop
30266_2022-12-16,7.0,pt,55514.0,56356.0,842.0,shop,other
30266_2022-12-16,8.0,pt,57228.0,57589.0,361.0,other,home
30969_2022-11-07,0.0,mpt,25324.0,26410.0,1086.0,home,shop
30969_2022-11-07,1.0,mpt,27974.0,28984.0,1010.0,shop,shop
30969_2022-11-07,2.0,mpt,29908.0,30078.0,170.0,shop,leisure
30969_2022-11-07,3.0,mpt,32716.0,33512.0,796.0,leisure,home
30969_2022-11-07,4.0,walk,37196.0,37685.0,489.0,home,home
30969_2022-11-07,5.0,mpt,38806.0,40762.0,1956.0,home,home
30969_2022-11-07,6.0,mpt,44821.0,48246.0,3425.0,home,home
30969_2022-11-07,7.0,mpt,62095.0,62816.0,721.0,home,other
30969_2022-11-07,8.0,mpt,63721.0,64486.0,765.0,other,home
30938_2022-08-13,0.0,walk,25447.0,26117.0,670.0,home,education
30938_2022-08-13,1.0,walk,64634.0,65384.0,750.0,education,shop
30938_2022-08-13,2.0,walk,66159.0,66611.0,452.0,shop,home
30294_2023-01-06,0.0,pt,21369.0,22080.0,711.0,home,other
30294_2023-01-06,1.0,pt,22528.0,24421.0,1893.0,other,work
30294_2023-01-06,2.0,pt,39054.0,41534.0,2480.0,work,home
30294_2023-01-06,3.0,mpt,49938.0,50637.0,699.0,home,leisure
30294_2023-01-06,4.0,other,52015.0,54922.0,2907.0,leisure,work
30294_2023-01-06,5.0,mpt,58648.0,59468.0,820.0,work,home
31248_2022-11-28,0.0,mpt,21475.0,22416.0,941.0,home,shop
31248_2022-11-28,1.0,mpt,22782.0,23130.0,348.0,shop,home
30320_2022-09-13,0.0,bike,49717.0,50137.0,420.0,home,shop
30320_2022-09-13,1.0,bike,52259.0,52464.0,205.0,shop,home
30530_2022-09-12,0.0,pt,59545.0,60875.0,1330.0,home,leisure
30530_2022-09-12,1.0,walk,65730.0,66124.0,394.0,leisure,leisure
30530_2022-09-12,2.0,pt,67350.0,68571.0,1221.0,leisure,home
31187_2022-12-14,0.0,mpt,21090.0,21594.0,504.0,home,shop
31187_2022-12-14,1.0,mpt,22088.0,22628.0,540.0,shop,home
30103_2022-09-17,0.0,mpt,20451.0,21427.0,976.0,home,home
30103_2022-09-17,1.0,mpt,30112.0,31227.0,1115.0,home,shop
30103_2022-09-17,2.0,walk,34445.0,34551.0,106.0,shop,shop
30103_2022-09-17,3.0,mpt,35586.0,36092.0,506.0,shop,home
30103_2022-09-17,4.0,mpt,45321.0,46746.0,1425.0,home,shop
30103_2022-09-17,5.0,mpt,47049.0,47199.0,150.0,shop,leisure
30103_2022-09-17,6.0,walk,47811.0,47924.0,113.0,leisure,leisure
30103_2022-09-17,7.0,mpt,52040.0,53502.0,1462.0,leisure,home
30103_2022-09-17,8.0,mpt,61209.0,61923.0,714.0,home,leisure
30103_2022-09-17,9.0,mpt,68483.0,69346.0,863.0,leisure,home
30695_2022-11-11,0.0,bike,53622.0,59939.0,6317.0,home,home
30695_2022-11-11,1.0,bike,60760.0,63041.0,2281.0,home,home
30932_2022-10-25,0.0,bike,20165.0,20764.0,599.0,home,work
30932_2022-10-25,1.0,walk,37204.0,37400.0,196.0,work,home
30932_2022-10-25,2.0,walk,39109.0,39277.0,168.0,home,education
30932_2022-10-25,3.0,bike,57670.0,58147.0,477.0,education,shop
30932_2022-10-25,4.0,walk,58927.0,58998.0,71.0,shop,home
30948_2022-12-27,0.0,mpt,33019.0,34429.0,1410.0,home,leisure
30948_2022-12-27,1.0,mpt,38176.0,38608.0,432.0,leisure,education
30948_2022-12-27,2.0,mpt,40588.0,41622.0,1034.0,education,home
30948_2022-12-27,3.0,mpt,46588.0,47143.0,555.0,home,shop
30948_2022-12-27,4.0,mpt,47722.0,49021.0,1299.0,shop,home
30948_2022-12-27,5.0,mpt,52683.0,54250.0,1567.0,home,shop
30948_2022-12-27,6.0,pt,55743.0,56286.0,543.0,shop,shop
30948_2022-12-27,7.0,walk,60063.0,60347.0,284.0,shop,shop
30948_2022-12-27,8.0,mpt,61382.0,63313.0,1931.0,shop,education
30948_2022-12-27,9.0,mpt,65381.0,65864.0,483.0,education,home
30234_2022-08-10,0.0,pt,17622.0,20130.0,2508.0,home,education
30234_2022-08-10,1.0,walk,36420.0,36692.0,272.0,education,leisure
30234_2022-08-10,2.0,walk,39007.0,39275.0,268.0,leisure,education
30234_2022-08-10,3.0,pt,42985.0,44847.0,1862.0,education,home
31114_2022-11-08,0.0,mpt,56256.0,57702.0,1446.0,home,leisure
31114_2022-11-08,1.0,mpt,63708.0,64869.0,1161.0,leisure,home
31010_2022-10-30,0.0,mpt,37903.0,39011.0,1108.0,home,leisure
31010_2022-10-30,1.0,mpt,46291.0,47765.0,1474.0,leisure,home
30327_2022-12-06,0.0,pt,41275.0,43286.0,2011.0,home,work
30327_2022-12-06,1.0,pt,55448.0,57352.0,1904.0,work,home
30782_2022-11-22,0.0,bike,22903.0,24963.0,2060.0,home,education
30782_2022-11-22,1.0,walk,38135.0,38745.0,610.0,education,education
30782_2022-11-22,2.0,walk,44059.0,44748.0,689.0,education,education
30782_2022-11-22,3.0,bike,61000.0,63083.0,2083.0,education,home
30847_2022-10-27,0.0,pt,16901.0,18645.0,1744.0,home,other
30847_2022-10-27,1.0,pt,19462.0,22958.0,3496.0,other,education
30847_2022-10-27,2.0,mpt,35218.0,35534.0,316.0,education,leisure
30847_2022-10-27,3.0,mpt,38875.0,39252.0,377.0,leisure,education
30847_2022-10-27,4.0,pt,49155.0,50882.0,1727.0,education,other
30847_2022-10-27,5.0,pt,51276.0,53514.0,2238.0,other,shop
30847_2022-10-27,6.0,mpt,55064.0,55578.0,514.0,shop,home
30847_2022-10-27,7.0,pt,56063.0,58301.0,2238.0,home,leisure
30847_2022-10-27,8.0,mpt,63215.0,63561.0,346.0,leisure,leisure
30847_2022-10-27,9.0,mpt,76218.0,77310.0,1092.0,leisure,home
30831_2022-08-04,0.0,bike,17014.0,17622.0,608.0,home,leisure
30831_2022-08-04,1.0,bike,21608.0,22243.0,635.0,leisure,home
30831_2022-08-04,2.0,pt,37047.0,38336.0,1289.0,home,other
30831_2022-08-04,3.0,pt,39205.0,39532.0,327.0,other,education
30831_2022-08-04,4.0,walk,47672.0,48084.0,412.0,education,education
30831_2022-08-04,5.0,pt,53888.0,65586.0,11698.0,education,home
30481_2023-01-09,0.0,pt,19643.0,24801.0,5158.0,home,education
30481_2023-01-09,1.0,walk,40758.0,40918.0,160.0,education,leisure
30481_2023-01-09,2.0,walk,46598.0,46729.0,131.0,leisure,work
30481_2023-01-09,3.0,pt,59382.0,63084.0,3702.0,work,other
30481_2023-01-09,4.0,pt,63488.0,64717.0,1229.0,other,home
30889_2022-11-06,0.0,pt,30869.0,47436.0,16567.0,home,shop
30889_2022-11-06,1.0,pt,48145.0,54847.0,6702.0,shop,home
31237_2022-11-24,0.0,pt,24633.0,24776.0,143.0,home,education
31237_2022-11-24,1.0,mpt,39050.0,39328.0,278.0,education,home
31237_2022-11-24,2.0,pt,43406.0,43584.0,178.0,home,education
31237_2022-11-24,3.0,mpt,61399.0,61806.0,407.0,education,home
31237_2022-11-24,4.0,walk,68898.0,69028.0,130.0,home,home
31094_2023-01-06,0.0,walk,19736.0,20421.0,685.0,home,home
31094_2023-01-06,1.0,mpt,51878.0,55081.0,3203.0,home,home
31094_2023-01-06,2.0,walk,60401.0,60855.0,454.0,home,shop
31094_2023-01-06,3.0,walk,61360.0,61794.0,434.0,shop,home
31187_2022-12-15,0.0,pt,19736.0,21743.0,2007.0,home,education
31187_2022-12-15,1.0,walk,40666.0,40910.0,244.0,education,shop
31187_2022-12-15,2.0,walk,42124.0,42287.0,163.0,shop,home
31187_2022-12-15,3.0,walk,43191.0,43653.0,462.0,home,education
31187_2022-12-15,4.0,walk,53325.0,60350.0,7025.0,education,other
31187_2022-12-15,5.0,walk,63625.0,63872.0,247.0,other,home
31187_2022-12-15,6.0,pt,75885.0,76767.0,882.0,home,other
31187_2022-12-15,7.0,pt,77720.0,79029.0,1309.0,other,home
31260_2022-11-15,0.0,walk,40867.0,41586.0,719.0,home,leisure
31260_2022-11-15,1.0,pt,43417.0,43790.0,373.0,leisure,shop
31260_2022-11-15,2.0,pt,45450.0,50022.0,4572.0,shop,work
31260_2022-11-15,3.0,pt,77919.0,79471.0,1552.0,work,other
31260_2022-11-15,4.0,pt,79945.0,82973.0,3028.0,other,home
30803_2022-12-28,0.0,bike,37455.0,37950.0,495.0,home,leisure
30803_2022-12-28,1.0,bike,44630.0,44942.0,312.0,leisure,other
30803_2022-12-28,2.0,walk,45748.0,45858.0,110.0,other,home
30803_2022-12-28,3.0,pt,58876.0,60640.0,1764.0,home,shop
30803_2022-12-28,4.0,pt,62748.0,64631.0,1883.0,shop,home
30957_2022-08-24,0.0,walk,57407.0,58853.0,1446.0,home,home
30957_2022-08-24,1.0,walk,65113.0,65220.0,107.0,home,home
30180_2022-12-14,0.0,walk,22514.0,24048.0,1534.0,home,home
30180_2022-12-14,1.0,walk,40624.0,42086.0,1462.0,home,home
30180_2022-12-14,2.0,mpt,45947.0,47822.0,1875.0,home,education
30180_2022-12-14,3.0,mpt,59543.0,61720.0,2177.0,education,leisure
30180_2022-12-14,4.0,mpt,71832.0,73338.0,1506.0,leisure,home
30782_2022-11-17,0.0,bike,23384.0,25281.0,1897.0,home,education
30782_2022-11-17,1.0,walk,41503.0,42069.0,566.0,education,shop
30782_2022-11-17,2.0,bike,43263.0,45497.0,2234.0,shop,home
30782_2022-11-17,3.0,bike,63438.0,63632.0,194.0,home,shop
30782_2022-11-17,4.0,bike,64062.0,64172.0,110.0,shop,home
31170_2022-11-16,0.0,bike,50819.0,51679.0,860.0,home,other
31170_2022-11-16,1.0,bike,52121.0,52552.0,431.0,other,home
31170_2022-11-16,2.0,mpt,56307.0,56920.0,613.0,home,shop
31170_2022-11-16,3.0,mpt,58454.0,58887.0,433.0,shop,home
31170_2022-11-16,4.0,mpt,59314.0,59703.0,389.0,home,leisure
31170_2022-11-16,5.0,mpt,60700.0,60810.0,110.0,leisure,home
30942_2022-12-01,0.0,bike,17432.0,18566.0,1134.0,home,work
30942_2022-12-01,1.0,walk,32456.0,32730.0,274.0,work,work
30942_2022-12-01,2.0,bike,51019.0,52205.0,1186.0,work,other
30942_2022-12-01,3.0,bike,56063.0,57056.0,993.0,other,home
30942_2022-12-01,4.0,bike,63215.0,64613.0,1398.0,home,leisure
30942_2022-12-01,5.0,bike,72091.0,73299.0,1208.0,leisure,home
30869_2022-12-13,0.0,mpt,29965.0,30049.0,84.0,home,shop
30869_2022-12-13,1.0,mpt,30744.0,30969.0,225.0,shop,education
30869_2022-12-13,2.0,mpt,31762.0,33547.0,1785.0,education,leisure
30869_2022-12-13,3.0,mpt,34928.0,39358.0,4430.0,leisure,education
30869_2022-12-13,4.0,mpt,40320.0,40458.0,138.0,education,home
30869_2022-12-13,5.0,mpt,52482.0,53650.0,1168.0,home,shop
30869_2022-12-13,6.0,mpt,54085.0,55240.0,1155.0,shop,other
30869_2022-12-13,7.0,mpt,57332.0,59127.0,1795.0,other,home
30211_2022-11-10,0.0,mpt,28903.0,31384.0,2481.0,home,education
30211_2022-11-10,1.0,mpt,35681.0,37967.0,2286.0,education,home
30211_2022-11-10,2.0,bike,38845.0,42658.0,3813.0,home,home
30211_2022-11-10,3.0,mpt,52714.0,55445.0,2731.0,home,education
30211_2022-11-10,4.0,walk,62931.0,63039.0,108.0,education,education
30211_2022-11-10,5.0,mpt,73686.0,76204.0,2518.0,education,home
30922_2022-11-15,0.0,walk,20017.0,20029.0,12.0,home,home
30922_2022-11-15,1.0,walk,25466.0,25951.0,485.0,home,home
30922_2022-11-15,2.0,walk,30169.0,30367.0,198.0,home,education
30922_2022-11-15,3.0,pt,30773.0,31677.0,904.0,education,work
30922_2022-11-15,4.0,walk,59751.0,59977.0,226.0,work,education
30922_2022-11-15,5.0,walk,60363.0,61533.0,1170.0,education,home
30922_2022-11-15,6.0,walk,66982.0,67267.0,285.0,home,leisure
30922_2022-11-15,7.0,pt,79295.0,80566.0,1271.0,leisure,home
30080_2022-07-29,0.0,pt,40174.0,40842.0,668.0,home,shop
30080_2022-07-29,1.0,pt,42349.0,43943.0,1594.0,shop,other
30080_2022-07-29,2.0,walk,44389.0,44572.0,183.0,other,home
30080_2022-07-29,3.0,walk,59871.0,60836.0,965.0,home,leisure
30080_2022-07-29,4.0,pt,69079.0,69634.0,555.0,leisure,other
30080_2022-07-29,5.0,pt,70060.0,70186.0,126.0,other,home
30705_2022-11-25,0.0,mpt,23022.0,23802.0,780.0,home,education
30705_2022-11-25,1.0,mpt,39580.0,40678.0,1098.0,education,home
31116_2022-10-13,0.0,pt,15472.0,17387.0,1915.0,home,education
31116_2022-10-13,1.0,mpt,55135.0,56228.0,1093.0,education,home
30167_2022-10-27,0.0,walk,34782.0,39219.0,4437.0,home,shop
30167_2022-10-27,1.0,walk,39935.0,40445.0,510.0,shop,home
30277_2022-08-03,0.0,walk,38488.0,38848.0,360.0,home,home
30277_2022-08-03,1.0,walk,39475.0,40530.0,1055.0,home,home
30026_2022-12-12,0.0,mpt,29726.0,31149.0,1423.0,home,home
30026_2022-12-12,1.0,mpt,33142.0,34305.0,1163.0,home,home
30211_2022-11-14,0.0,mpt,42973.0,44384.0,1411.0,home,education
30211_2022-11-14,1.0,mpt,51744.0,52095.0,351.0,education,education
30211_2022-11-14,2.0,mpt,56913.0,57909.0,996.0,education,home
30211_2022-11-14,3.0,mpt,61433.0,61601.0,168.0,home,home
30704_2022-11-29,0.0,walk,33317.0,35756.0,2439.0,home,home
30704_2022-11-29,1.0,walk,81397.0,81915.0,518.0,home,home
30403_2022-12-05,0.0,mpt,29189.0,36451.0,7262.0,home,shop
30403_2022-12-05,1.0,mpt,37444.0,38337.0,893.0,shop,home
30403_2022-12-05,2.0,mpt,52625.0,53218.0,593.0,home,education
30403_2022-12-05,3.0,mpt,55143.0,55559.0,416.0,education,other
30403_2022-12-05,4.0,bike,56122.0,56411.0,289.0,other,shop
30403_2022-12-05,5.0,walk,56812.0,56983.0,171.0,shop,shop
30403_2022-12-05,6.0,bike,57894.0,58108.0,214.0,shop,home
30403_2022-12-05,7.0,mpt,61798.0,62016.0,218.0,home,other
30403_2022-12-05,8.0,mpt,65192.0,65501.0,309.0,other,home
30403_2022-12-05,9.0,walk,77472.0,77641.0,169.0,home,home
30200_2022-08-27,0.0,mpt,26070.0,26643.0,573.0,home,leisure
30200_2022-08-27,1.0,mpt,32997.0,34019.0,1022.0,leisure,home
30200_2022-08-27,2.0,walk,50810.0,51325.0,515.0,home,home
30200_2022-08-27,3.0,walk,54961.0,55791.0,830.0,home,home
30076_2022-09-25,0.0,walk,23230.0,25618.0,2388.0,home,home
30076_2022-09-25,1.0,mpt,36268.0,38597.0,2329.0,home,leisure
30076_2022-09-25,2.0,walk,39652.0,40353.0,701.0,leisure,leisure
30076_2022-09-25,3.0,mpt,42242.0,43578.0,1336.0,leisure,leisure
30076_2022-09-25,4.0,mpt,44820.0,47354.0,2534.0,leisure,leisure
30076_2022-09-25,5.0,mpt,54293.0,58500.0,4207.0,leisure,other
30076_2022-09-25,6.0,walk,58860.0,59355.0,495.0,other,other
30076_2022-09-25,7.0,walk,65744.0,65853.0,109.0,other,other
30076_2022-09-25,8.0,other,67057.0,74923.0,7866.0,other,home
30335_2022-11-26,0.0,walk,26629.0,29288.0,2659.0,home,home
30335_2022-11-26,1.0,mpt,29708.0,30490.0,782.0,home,shop
30335_2022-11-26,2.0,mpt,31687.0,32514.0,827.0,shop,home
30415_2022-11-17,0.0,pt,20964.0,23139.0,2175.0,home,work
30415_2022-11-17,1.0,pt,57814.0,60001.0,2187.0,work,home
30769_2022-10-19,0.0,walk,18026.0,19230.0,1204.0,home,home
30274_2022-12-08,0.0,walk,66866.0,69445.0,2579.0,home,home
31107_2023-01-12,0.0,mpt,22628.0,24756.0,2128.0,home,home
31107_2023-01-12,1.0,pt,34295.0,35428.0,1133.0,home,education
31107_2023-01-12,2.0,pt,42010.0,43506.0,1496.0,education,home
30177_2022-11-17,0.0,mpt,44126.0,46395.0,2269.0,home,leisure
30177_2022-11-17,1.0,mpt,53180.0,56005.0,2825.0,leisure,home
31297_2022-08-12,0.0,mpt,29947.0,32368.0,2421.0,home,home
31297_2022-08-12,1.0,mpt,33745.0,34502.0,757.0,home,home
31297_2022-08-12,2.0,walk,41151.0,41436.0,285.0,home,other
31297_2022-08-12,3.0,pt,41860.0,42709.0,849.0,other,education
31297_2022-08-12,4.0,walk,47616.0,48263.0,647.0,education,shop
31297_2022-08-12,5.0,pt,48801.0,49716.0,915.0,shop,home
30544_2022-11-03,0.0,walk,39605.0,40547.0,942.0,home,other
30544_2022-11-03,1.0,walk,40975.0,42263.0,1288.0,other,home
30544_2022-11-03,2.0,walk,58885.0,59489.0,604.0,home,other
30544_2022-11-03,3.0,walk,60963.0,62192.0,1229.0,other,work
30016_2022-12-08,0.0,mpt,67215.0,68240.0,1025.0,home,leisure
30016_2022-12-08,1.0,mpt,75018.0,76346.0,1328.0,leisure,home
30203_2022-10-15,0.0,mpt,45808.0,46112.0,304.0,home,shop
30203_2022-10-15,1.0,mpt,47766.0,47841.0,75.0,shop,home
30316_2023-01-04,0.0,mpt,17007.0,17895.0,888.0,education,home
30316_2023-01-04,1.0,mpt,59771.0,60655.0,884.0,home,leisure
30316_2023-01-04,2.0,mpt,62931.0,63492.0,561.0,leisure,home
30316_2023-01-04,3.0,walk,63911.0,64193.0,282.0,home,shop
30316_2023-01-04,4.0,mpt,64802.0,65035.0,233.0,shop,home
30186_2022-11-04,0.0,walk,24854.0,28753.0,3899.0,home,home
30186_2022-11-04,1.0,mpt,44215.0,44657.0,442.0,home,home
30186_2022-11-04,2.0,walk,52721.0,55327.0,2606.0,home,home
30186_2022-11-04,3.0,walk,75447.0,75505.0,58.0,home,home
30186_2022-11-04,4.0,walk,76384.0,77328.0,944.0,home,leisure
30186_2022-11-04,5.0,walk,77865.0,78286.0,421.0,leisure,home
30080_2022-08-09,0.0,mpt,30277.0,30990.0,713.0,home,other
30080_2022-08-09,1.0,mpt,32977.0,33722.0,745.0,other,other
30080_2022-08-09,2.0,mpt,34839.0,36131.0,1292.0,other,home
30080_2022-08-09,3.0,pt,43398.0,43511.0,113.0,home,other
30080_2022-08-09,4.0,walk,43912.0,44293.0,381.0,other,home
30080_2022-08-09,5.0,mpt,56211.0,57365.0,1154.0,home,leisure
30080_2022-08-09,6.0,mpt,68736.0,69504.0,768.0,leisure,home
30942_2022-11-17,0.0,mpt,17748.0,18356.0,608.0,home,work
30942_2022-11-17,1.0,mpt,59908.0,60718.0,810.0,work,home
30942_2022-11-17,2.0,mpt,64276.0,65027.0,751.0,home,leisure
30942_2022-11-17,3.0,mpt,68075.0,68768.0,693.0,leisure,home
30712_2022-09-23,0.0,pt,37880.0,38023.0,143.0,home,shop
30712_2022-09-23,1.0,mpt,43053.0,43750.0,697.0,shop,education
30712_2022-09-23,2.0,mpt,50057.0,50143.0,86.0,education,shop
30712_2022-09-23,3.0,mpt,53713.0,53956.0,243.0,shop,home
30342_2022-10-14,0.0,bike,19640.0,20636.0,996.0,home,work
30342_2022-10-14,1.0,bike,42813.0,43308.0,495.0,work,other
30342_2022-10-14,2.0,bike,45754.0,46538.0,784.0,other,work
30342_2022-10-14,3.0,bike,59266.0,60233.0,967.0,work,home
30342_2022-10-14,4.0,mpt,62391.0,62854.0,463.0,home,home
31274_2022-12-13,0.0,walk,64016.0,64430.0,414.0,home,leisure
31274_2022-12-13,1.0,walk,68744.0,69150.0,406.0,leisure,leisure
31274_2022-12-13,2.0,walk,78679.0,79406.0,727.0,leisure,home
31274_2022-12-13,3.0,walk,80117.0,81046.0,929.0,home,leisure
31274_2022-12-13,4.0,walk,84454.0,85386.0,932.0,leisure,home
30925_2022-11-21,0.0,walk,26224.0,27569.0,1345.0,home,home
30925_2022-11-21,1.0,walk,53145.0,53967.0,822.0,home,home
30803_2022-12-13,0.0,mpt,55929.0,57015.0,1086.0,home,leisure
30803_2022-12-13,1.0,mpt,69581.0,71004.0,1423.0,leisure,home
30382_2022-08-18,0.0,walk,19585.0,19849.0,264.0,home,home
30382_2022-08-18,1.0,mpt,25584.0,27788.0,2204.0,home,home
30316_2023-01-07,0.0,mpt,27875.0,28875.0,1000.0,home,home
30316_2023-01-07,1.0,walk,43860.0,45983.0,2123.0,home,leisure
30316_2023-01-07,2.0,walk,56387.0,56564.0,177.0,leisure,leisure
30316_2023-01-07,3.0,mpt,58384.0,58666.0,282.0,leisure,shop
30316_2023-01-07,4.0,mpt,60082.0,60370.0,288.0,shop,leisure
30316_2023-01-07,5.0,mpt,62096.0,62987.0,891.0,leisure,leisure
30316_2023-01-07,6.0,mpt,67405.0,68118.0,713.0,leisure,home
31025_2022-10-30,0.0,mpt,28509.0,28892.0,383.0,home,leisure
31025_2022-10-30,1.0,mpt,33299.0,33610.0,311.0,leisure,leisure
31025_2022-10-30,2.0,mpt,37378.0,37840.0,462.0,leisure,home
30151_2022-08-03,0.0,pt,27779.0,29191.0,1412.0,home,other
30151_2022-08-03,1.0,pt,29994.0,31391.0,1397.0,other,education
30151_2022-08-03,2.0,mpt,34631.0,34877.0,246.0,education,home
30151_2022-08-03,3.0,mpt,40044.0,40376.0,332.0,home,education
30151_2022-08-03,4.0,pt,54593.0,56208.0,1615.0,education,shop
30151_2022-08-03,5.0,walk,56946.0,57035.0,89.0,shop,leisure
30151_2022-08-03,6.0,walk,59023.0,60613.0,1590.0,leisure,home
31255_2022-08-10,0.0,mpt,19064.0,20014.0,950.0,home,home
31255_2022-08-10,1.0,walk,56837.0,57006.0,169.0,home,other
31255_2022-08-10,2.0,walk,57417.0,57541.0,124.0,other,home
30118_2022-11-17,0.0,mpt,38827.0,38969.0,142.0,home,home
31003_2022-12-29,0.0,mpt,22668.0,23556.0,888.0,home,shop
31003_2022-12-29,1.0,mpt,23943.0,25527.0,1584.0,shop,shop
31003_2022-12-29,2.0,mpt,26130.0,26786.0,656.0,shop,education
31003_2022-12-29,3.0,mpt,28542.0,29703.0,1161.0,education,education
31003_2022-12-29,4.0,mpt,45278.0,45562.0,284.0,education,other
31003_2022-12-29,5.0,mpt,45931.0,46362.0,431.0,other,education
31003_2022-12-29,6.0,mpt,61659.0,62726.0,1067.0,education,home
30177_2022-10-25,0.0,pt,30464.0,33103.0,2639.0,home,education
30177_2022-10-25,1.0,walk,35844.0,35953.0,109.0,education,leisure
30177_2022-10-25,2.0,walk,40213.0,40324.0,111.0,leisure,education
30177_2022-10-25,3.0,walk,60189.0,62810.0,2621.0,education,home
30605_2022-12-15,0.0,pt,27057.0,28430.0,1373.0,home,education
30605_2022-12-15,1.0,pt,40392.0,41941.0,1549.0,education,work
30605_2022-12-15,2.0,walk,47436.0,47615.0,179.0,work,education
30605_2022-12-15,3.0,pt,48008.0,48896.0,888.0,education,shop
30605_2022-12-15,4.0,walk,50927.0,51107.0,180.0,shop,home
30605_2022-12-15,5.0,walk,57567.0,59452.0,1885.0,home,home
30605_2022-12-15,6.0,pt,80918.0,81571.0,653.0,home,home
30724_2022-11-03,0.0,pt,22874.0,26194.0,3320.0,home,education
30724_2022-11-03,1.0,walk,35916.0,36311.0,395.0,education,leisure
30724_2022-11-03,2.0,walk,39723.0,39869.0,146.0,leisure,education
30724_2022-11-03,3.0,walk,40289.0,40456.0,167.0,education,education
30724_2022-11-03,4.0,pt,56836.0,60121.0,3285.0,education,shop
30724_2022-11-03,5.0,walk,61665.0,62868.0,1203.0,shop,home
30556_2023-02-06,0.0,bike,35978.0,36143.0,165.0,home,shop
30556_2023-02-06,1.0,walk,37488.0,37649.0,161.0,shop,shop
30556_2023-02-06,2.0,bike,38378.0,38499.0,121.0,shop,home
30556_2023-02-06,3.0,mpt,55428.0,55875.0,447.0,home,other
30556_2023-02-06,4.0,mpt,60887.0,61687.0,800.0,other,other
30556_2023-02-06,5.0,bike,62852.0,63951.0,1099.0,other,shop
30556_2023-02-06,6.0,bike,64646.0,65240.0,594.0,shop,leisure
30556_2023-02-06,7.0,bike,85344.0,86399.0,1055.0,leisure,
30808_2022-11-24,0.0,walk,26355.0,27327.0,972.0,home,shop
30808_2022-11-24,1.0,mpt,28088.0,29452.0,1364.0,shop,leisure
30808_2022-11-24,2.0,mpt,35990.0,36125.0,135.0,leisure,home
30808_2022-11-24,3.0,walk,61203.0,61565.0,362.0,home,leisure
30808_2022-11-24,4.0,pt,62035.0,62814.0,779.0,leisure,leisure
30808_2022-11-24,5.0,pt,63307.0,64479.0,1172.0,leisure,leisure
30808_2022-11-24,6.0,pt,76020.0,78920.0,2900.0,leisure,home
30785_2022-12-07,0.0,mpt,44145.0,44953.0,808.0,home,education
30785_2022-12-07,1.0,mpt,49071.0,51635.0,2564.0,education,other
30785_2022-12-07,2.0,walk,52902.0,53293.0,391.0,other,shop
30785_2022-12-07,3.0,walk,54168.0,54723.0,555.0,shop,shop
30785_2022-12-07,4.0,mpt,55280.0,57709.0,2429.0,shop,other
30785_2022-12-07,5.0,mpt,58418.0,58963.0,545.0,other,home
31306_2022-12-15,0.0,pt,59799.0,60491.0,692.0,home,leisure
31306_2022-12-15,1.0,pt,64847.0,65702.0,855.0,leisure,home
31000_2022-12-15,0.0,mpt,57226.0,58572.0,1346.0,home,other
31000_2022-12-15,1.0,mpt,60720.0,61798.0,1078.0,other,home
30403_2022-11-23,0.0,bike,21076.0,22099.0,1023.0,other,education
30403_2022-11-23,1.0,walk,22536.0,22935.0,399.0,education,education
30403_2022-11-23,2.0,bike,40580.0,41447.0,867.0,education,education
30403_2022-11-23,3.0,mpt,50247.0,51027.0,780.0,education,leisure
30403_2022-11-23,4.0,mpt,62266.0,62432.0,166.0,leisure,home
30403_2022-11-23,5.0,walk,78028.0,78558.0,530.0,home,home
30028_2022-11-18,0.0,pt,23212.0,25870.0,2658.0,home,work
30028_2022-11-18,1.0,pt,44209.0,47143.0,2934.0,work,home
30028_2022-11-18,2.0,walk,64125.0,65043.0,918.0,home,other
30028_2022-11-18,3.0,walk,65551.0,68626.0,3075.0,other,home
30693_2022-11-17,0.0,mpt,17597.0,19429.0,1832.0,home,other
30693_2022-11-17,1.0,mpt,20333.0,20784.0,451.0,other,work
30693_2022-11-17,2.0,pt,58074.0,58826.0,752.0,work,other
30693_2022-11-17,3.0,pt,60691.0,62232.0,1541.0,other,home
30693_2022-11-17,4.0,mpt,65419.0,65604.0,185.0,home,leisure
30693_2022-11-17,5.0,walk,76238.0,76280.0,42.0,leisure,home
31186_2022-11-28,0.0,mpt,25450.0,25907.0,457.0,home,education
31186_2022-11-28,1.0,walk,30146.0,30227.0,81.0,education,education
31186_2022-11-28,2.0,mpt,58149.0,59034.0,885.0,education,home
31186_2022-11-28,3.0,walk,65246.0,67674.0,2428.0,home,leisure
31186_2022-11-28,4.0,pt,73662.0,74325.0,663.0,leisure,other
31186_2022-11-28,5.0,pt,74719.0,75504.0,785.0,other,home
30229_2022-09-15,0.0,walk,34394.0,34886.0,492.0,home,home
30229_2022-09-15,1.0,walk,36285.0,36381.0,96.0,home,other
30229_2022-09-15,2.0,pt,36768.0,37932.0,1164.0,other,leisure
30229_2022-09-15,3.0,walk,38630.0,38837.0,207.0,leisure,shop
30229_2022-09-15,4.0,pt,44177.0,46063.0,1886.0,shop,shop
30229_2022-09-15,5.0,walk,47233.0,47739.0,506.0,shop,home
30342_2022-10-19,0.0,bike,20329.0,21380.0,1051.0,home,work
30342_2022-10-19,1.0,bike,52682.0,53026.0,344.0,work,other
30342_2022-10-19,2.0,bike,53470.0,54512.0,1042.0,other,home
30026_2022-12-08,0.0,walk,24778.0,25002.0,224.0,home,home
30026_2022-12-08,1.0,mpt,32361.0,34061.0,1700.0,home,shop
30026_2022-12-08,2.0,mpt,35524.0,35798.0,274.0,shop,home
30026_2022-12-08,3.0,mpt,47833.0,49117.0,1284.0,home,shop
30026_2022-12-08,4.0,walk,50660.0,50939.0,279.0,shop,leisure
30026_2022-12-08,5.0,mpt,52452.0,53300.0,848.0,leisure,home
31093_2022-10-25,0.0,walk,16991.0,17897.0,906.0,home,home
31093_2022-10-25,1.0,walk,39087.0,39690.0,603.0,home,home
31093_2022-10-25,2.0,bike,44785.0,46667.0,1882.0,home,home
31093_2022-10-25,3.0,walk,56092.0,56303.0,211.0,home,home
31093_2022-10-25,4.0,walk,69900.0,69986.0,86.0,home,home
30303_2022-10-20,0.0,mpt,17210.0,18038.0,828.0,home,home
30303_2022-10-20,1.0,mpt,20062.0,20798.0,736.0,home,education
30303_2022-10-20,2.0,mpt,34582.0,35177.0,595.0,education,home
30303_2022-10-20,3.0,mpt,53741.0,54134.0,393.0,home,other
30303_2022-10-20,4.0,mpt,54587.0,55489.0,902.0,other,other
30303_2022-10-20,5.0,walk,55943.0,56107.0,164.0,other,home
31234_2022-09-22,0.0,mpt,59353.0,61458.0,2105.0,home,leisure
31234_2022-09-22,1.0,mpt,70631.0,72742.0,2111.0,leisure,home
31101_2022-11-10,0.0,walk,73814.0,76575.0,2761.0,home,home
30236_2022-10-21,0.0,walk,20912.0,24081.0,3169.0,home,home
30236_2022-10-21,1.0,mpt,36258.0,36634.0,376.0,home,home
30903_2022-11-25,0.0,mpt,39349.0,40128.0,779.0,home,work
30903_2022-11-25,1.0,mpt,53563.0,54575.0,1012.0,work,home
30903_2022-11-25,2.0,mpt,60801.0,63621.0,2820.0,home,other
30903_2022-11-25,3.0,mpt,63994.0,64476.0,482.0,other,other
30903_2022-11-25,4.0,mpt,67644.0,68467.0,823.0,other,leisure
30903_2022-11-25,5.0,walk,70859.0,70904.0,45.0,leisure,other
30903_2022-11-25,6.0,mpt,71264.0,71718.0,454.0,other,other
30903_2022-11-25,7.0,mpt,82800.0,84787.0,1987.0,other,education
30192_2022-11-08,0.0,mpt,21623.0,23023.0,1400.0,home,work
30192_2022-11-08,1.0,mpt,30911.0,34369.0,3458.0,work,education
30192_2022-11-08,2.0,mpt,50509.0,53529.0,3020.0,education,education
30192_2022-11-08,3.0,mpt,54017.0,54255.0,238.0,education,education
30192_2022-11-08,4.0,mpt,55343.0,55981.0,638.0,education,home
31087_2022-08-16,0.0,walk,19562.0,22876.0,3314.0,home,shop
31087_2022-08-16,1.0,walk,23268.0,23676.0,408.0,shop,home
31087_2022-08-16,2.0,mpt,38236.0,41403.0,3167.0,home,leisure
31087_2022-08-16,3.0,mpt,42171.0,42393.0,222.0,leisure,education
31087_2022-08-16,4.0,mpt,59837.0,59991.0,154.0,education,leisure
31087_2022-08-16,5.0,walk,60595.0,62550.0,1955.0,leisure,shop
31087_2022-08-16,6.0,mpt,62968.0,64057.0,1089.0,shop,home
31087_2022-08-16,7.0,walk,65876.0,66284.0,408.0,home,home
30177_2022-11-03,0.0,pt,41051.0,41440.0,389.0,home,other
30177_2022-11-03,1.0,pt,41842.0,43960.0,2118.0,other,education
30177_2022-11-03,2.0,pt,51155.0,51368.0,213.0,education,other
30177_2022-11-03,3.0,pt,51775.0,53841.0,2066.0,other,home
30945_2022-11-28,0.0,walk,24640.0,26240.0,1600.0,home,home
30945_2022-11-28,1.0,mpt,58399.0,59139.0,740.0,home,shop
30945_2022-11-28,2.0,mpt,60717.0,61510.0,793.0,shop,other
30945_2022-11-28,3.0,mpt,62469.0,62848.0,379.0,other,home
31221_2022-10-13,0.0,mpt,19152.0,20876.0,1724.0,home,education
31221_2022-10-13,1.0,walk,24683.0,25027.0,344.0,education,work
31221_2022-10-13,2.0,walk,38952.0,39150.0,198.0,work,education
31221_2022-10-13,3.0,mpt,54513.0,56435.0,1922.0,education,home
30592_2022-11-21,0.0,mpt,23469.0,24022.0,553.0,home,education
30592_2022-11-21,1.0,walk,38357.0,38729.0,372.0,education,education
30592_2022-11-21,2.0,mpt,47317.0,48032.0,715.0,education,home
30591_2023-01-04,0.0,mpt,54970.0,69528.0,14558.0,home,other
30591_2023-01-04,1.0,walk,71776.0,71940.0,164.0,other,home
30591_2023-01-11,0.0,mpt,65514.0,65663.0,149.0,home,leisure
30591_2023-01-11,1.0,pt,66169.0,66280.0,111.0,leisure,home
30515_2022-10-07,0.0,walk,7041.0,7342.0,301.0,home,home
30515_2022-10-07,1.0,mpt,36325.0,38788.0,2463.0,home,education
30515_2022-10-07,2.0,other,50335.0,51458.0,1123.0,education,education
30515_2022-10-07,3.0,mpt,52070.0,52485.0,415.0,education,shop
30515_2022-10-07,4.0,mpt,53758.0,54462.0,704.0,shop,home
30530_2022-08-29,0.0,walk,60202.0,60969.0,767.0,home,shop
30530_2022-08-29,1.0,walk,61381.0,61672.0,291.0,shop,home
31087_2022-08-24,0.0,walk,19137.0,24248.0,5111.0,home,home
31087_2022-08-24,1.0,walk,39489.0,41734.0,2245.0,home,home
31087_2022-08-24,2.0,mpt,49379.0,49788.0,409.0,home,shop
31087_2022-08-24,3.0,mpt,50216.0,50397.0,181.0,shop,leisure
31087_2022-08-24,4.0,walk,50768.0,51130.0,362.0,leisure,home
31087_2022-08-24,5.0,mpt,53376.0,55968.0,2592.0,home,leisure
31087_2022-08-24,6.0,mpt,69190.0,70382.0,1192.0,leisure,leisure
31087_2022-08-24,7.0,walk,71353.0,73453.0,2100.0,leisure,home
30922_2022-11-23,0.0,other,25126.0,26367.0,1241.0,home,other
30922_2022-11-23,1.0,walk,27748.0,27947.0,199.0,other,education
30922_2022-11-23,2.0,walk,38407.0,38890.0,483.0,education,home
30922_2022-11-23,3.0,walk,41659.0,42049.0,390.0,home,education
30922_2022-11-23,4.0,walk,42493.0,42713.0,220.0,education,shop
30922_2022-11-23,5.0,walk,43283.0,43527.0,244.0,shop,education
30922_2022-11-23,6.0,walk,59324.0,60083.0,759.0,education,leisure
30922_2022-11-23,7.0,walk,62673.0,63966.0,1293.0,leisure,leisure
30922_2022-11-23,8.0,pt,64461.0,65693.0,1232.0,leisure,home
30847_2022-10-18,0.0,mpt,17061.0,18864.0,1803.0,home,other
30847_2022-10-18,1.0,mpt,19255.0,20182.0,927.0,other,education
30847_2022-10-18,2.0,pt,21279.0,22961.0,1682.0,education,education
30847_2022-10-18,3.0,pt,49159.0,53942.0,4783.0,education,home
30704_2022-11-14,0.0,walk,35505.0,35982.0,477.0,home,leisure
30704_2022-11-14,1.0,walk,36480.0,37236.0,756.0,leisure,leisure
30704_2022-11-14,2.0,walk,41507.0,42481.0,974.0,leisure,home
30704_2022-11-14,3.0,pt,46569.0,49173.0,2604.0,home,home
30704_2022-11-14,4.0,other,65480.0,70938.0,5458.0,home,leisure
30704_2022-11-14,5.0,mpt,71467.0,74447.0,2980.0,leisure,home
30695_2022-11-16,0.0,bike,54632.0,60712.0,6080.0,home,home
30695_2022-11-16,1.0,bike,61554.0,63518.0,1964.0,home,home
30695_2022-11-16,2.0,mpt,69300.0,69576.0,276.0,home,other
30695_2022-11-16,3.0,mpt,70769.0,71124.0,355.0,other,home
31084_2022-10-30,0.0,walk,52874.0,53770.0,896.0,leisure,home
30119_2022-09-06,0.0,bike,22380.0,22706.0,326.0,home,other
30119_2022-09-06,1.0,walk,23524.0,28654.0,5130.0,other,home
30119_2022-09-06,2.0,bike,50138.0,52376.0,2238.0,home,shop
30119_2022-09-06,3.0,bike,53370.0,54030.0,660.0,shop,home
31274_2022-12-18,0.0,walk,38013.0,39958.0,1945.0,home,leisure
31274_2022-12-18,1.0,walk,40828.0,41379.0,551.0,leisure,shop
31274_2022-12-18,2.0,walk,42852.0,46402.0,3550.0,shop,shop
31274_2022-12-18,3.0,walk,48849.0,52748.0,3899.0,shop,shop
31274_2022-12-18,4.0,walk,54279.0,55376.0,1097.0,shop,leisure
31274_2022-12-18,5.0,pt,56766.0,68216.0,11450.0,leisure,home
31274_2022-12-18,6.0,walk,68757.0,69005.0,248.0,home,home
31134_2022-11-01,0.0,bike,23579.0,23779.0,200.0,home,education
31134_2022-11-01,1.0,bike,55831.0,57176.0,1345.0,education,home
31134_2022-11-01,2.0,bike,61953.0,62770.0,817.0,home,home
31134_2022-11-01,3.0,bike,78184.0,78976.0,792.0,home,home
30385_2022-09-15,0.0,mpt,24631.0,27368.0,2737.0,home,other
30385_2022-09-15,1.0,mpt,27786.0,27941.0,155.0,other,home
30385_2022-09-15,2.0,mpt,29465.0,30032.0,567.0,home,home
30385_2022-09-15,3.0,mpt,33182.0,33302.0,120.0,home,home
30385_2022-09-15,4.0,mpt,41878.0,42831.0,953.0,home,home
30385_2022-09-15,5.0,mpt,43174.0,43582.0,408.0,home,home
30385_2022-09-15,6.0,walk,45330.0,45916.0,586.0,home,home
30385_2022-09-15,7.0,walk,47207.0,47631.0,424.0,home,home
30385_2022-09-15,8.0,mpt,49383.0,50851.0,1468.0,home,other
30385_2022-09-15,9.0,mpt,51547.0,51942.0,395.0,other,home
30028_2022-10-30,0.0,pt,48744.0,50168.0,1424.0,home,leisure
30028_2022-10-30,1.0,pt,61774.0,62729.0,955.0,leisure,home
30435_2022-12-17,0.0,mpt,32159.0,35631.0,3472.0,home,home
30435_2022-12-17,1.0,mpt,46566.0,50323.0,3757.0,home,leisure
30435_2022-12-17,2.0,walk,53482.0,53843.0,361.0,leisure,leisure
30435_2022-12-17,3.0,mpt,63119.0,63885.0,766.0,leisure,leisure
30435_2022-12-17,4.0,mpt,64552.0,66381.0,1829.0,leisure,home
31002_2022-12-23,0.0,walk,46046.0,46704.0,658.0,home,shop
31002_2022-12-23,1.0,walk,48145.0,48335.0,190.0,shop,home
31002_2022-12-23,2.0,walk,50713.0,52321.0,1608.0,home,shop
31002_2022-12-23,3.0,walk,53418.0,55631.0,2213.0,shop,home
30741_2022-11-30,0.0,walk,31165.0,31644.0,479.0,home,education
30741_2022-11-30,1.0,walk,37023.0,37641.0,618.0,education,other
30741_2022-11-30,2.0,walk,43997.0,44547.0,550.0,other,education
30741_2022-11-30,3.0,walk,56230.0,56780.0,550.0,education,home
30214_2022-08-01,0.0,mpt,45125.0,45978.0,853.0,home,leisure
30214_2022-08-01,1.0,mpt,55725.0,56288.0,563.0,leisure,home
30184_2022-09-28,0.0,walk,36305.0,40187.0,3882.0,home,leisure
30184_2022-09-28,1.0,walk,41506.0,46315.0,4809.0,leisure,home
30184_2022-09-28,2.0,mpt,50660.0,52288.0,1628.0,home,other
30184_2022-09-28,3.0,mpt,53201.0,53839.0,638.0,other,other
30184_2022-09-28,4.0,mpt,56366.0,56736.0,370.0,other,shop
30184_2022-09-28,5.0,mpt,57983.0,65734.0,7751.0,shop,home
30800_2022-12-27,0.0,walk,26107.0,28216.0,2109.0,home,education
30800_2022-12-27,1.0,walk,40672.0,42658.0,1986.0,education,home
30800_2022-12-27,2.0,walk,57752.0,58658.0,906.0,home,other
30800_2022-12-27,3.0,walk,77002.0,77130.0,128.0,other,home
30617_2022-11-10,0.0,pt,23247.0,24856.0,1609.0,home,education
30617_2022-11-10,1.0,walk,40283.0,40425.0,142.0,education,leisure
30617_2022-11-10,2.0,walk,41534.0,41718.0,184.0,leisure,education
30617_2022-11-10,3.0,walk,50034.0,50297.0,263.0,education,education
30617_2022-11-10,4.0,walk,52258.0,52809.0,551.0,education,education
30617_2022-11-10,5.0,pt,56078.0,58168.0,2090.0,education,home
30362_2022-10-11,0.0,walk,48710.0,48837.0,127.0,home,home
30042_2023-01-12,0.0,mpt,19755.0,20831.0,1076.0,home,work
30733_2023-01-10,0.0,mpt,30225.0,30581.0,356.0,home,home
30733_2023-01-10,1.0,pt,34060.0,34329.0,269.0,home,shop
30733_2023-01-10,2.0,mpt,34748.0,34964.0,216.0,shop,home
30733_2023-01-10,3.0,walk,36065.0,36821.0,756.0,home,home
30733_2023-01-10,4.0,mpt,56214.0,58087.0,1873.0,home,home
30750_2022-11-03,0.0,walk,35630.0,35989.0,359.0,home,leisure
30750_2022-11-03,1.0,mpt,40975.0,41446.0,471.0,leisure,education
30750_2022-11-03,2.0,mpt,60817.0,61322.0,505.0,education,home
30905_2022-09-04,0.0,mpt,23415.0,25244.0,1829.0,home,home
30905_2022-09-04,1.0,mpt,42349.0,46246.0,3897.0,home,leisure
30905_2022-09-04,2.0,mpt,59495.0,63547.0,4052.0,leisure,home
30168_2022-09-20,0.0,mpt,30931.0,31476.0,545.0,home,leisure
30168_2022-09-20,1.0,mpt,37301.0,37763.0,462.0,leisure,home
30168_2022-09-20,2.0,walk,45359.0,46279.0,920.0,home,home
30168_2022-09-20,3.0,mpt,53449.0,53846.0,397.0,home,shop
30168_2022-09-20,4.0,mpt,54325.0,56915.0,2590.0,shop,home
31071_2022-10-27,0.0,pt,23570.0,24578.0,1008.0,other,leisure
31071_2022-10-27,1.0,pt,25422.0,28866.0,3444.0,leisure,home
31071_2022-10-27,2.0,walk,30665.0,30856.0,191.0,home,leisure
31071_2022-10-27,3.0,walk,32748.0,32934.0,186.0,leisure,other
31071_2022-10-27,4.0,walk,36497.0,36716.0,219.0,other,shop
31071_2022-10-27,5.0,walk,41804.0,41919.0,115.0,shop,home
31071_2022-10-27,6.0,pt,61518.0,63526.0,2008.0,home,leisure
31071_2022-10-27,7.0,walk,69278.0,69458.0,180.0,leisure,leisure
31071_2022-10-27,8.0,walk,73908.0,74029.0,121.0,leisure,home
31071_2022-10-27,9.0,pt,74754.0,76369.0,1615.0,home,home
30905_2022-09-19,0.0,mpt,27757.0,31516.0,3759.0,home,shop
30905_2022-09-19,1.0,mpt,32094.0,32360.0,266.0,shop,home
31029_2023-01-04,0.0,pt,24068.0,25649.0,1581.0,home,education
31029_2023-01-04,1.0,walk,42339.0,43271.0,932.0,education,education
31029_2023-01-04,2.0,walk,50975.0,51429.0,454.0,education,education
31029_2023-01-04,3.0,pt,60456.0,62129.0,1673.0,education,home
30769_2022-10-29,0.0,mpt,29177.0,30000.0,823.0,home,other
30769_2022-10-29,1.0,mpt,31769.0,32232.0,463.0,other,other
30769_2022-10-29,2.0,walk,33657.0,33896.0,239.0,other,other
30769_2022-10-29,3.0,mpt,35042.0,36032.0,990.0,other,shop
30769_2022-10-29,4.0,walk,37870.0,38430.0,560.0,shop,shop
30769_2022-10-29,5.0,mpt,41205.0,41882.0,677.0,shop,other
30769_2022-10-29,6.0,mpt,42606.0,43495.0,889.0,other,shop
30769_2022-10-29,7.0,walk,44316.0,44378.0,62.0,shop,shop
30769_2022-10-29,8.0,walk,46340.0,46938.0,598.0,shop,shop
30769_2022-10-29,9.0,mpt,47520.0,48374.0,854.0,shop,other
30769_2022-10-29,10.0,mpt,48974.0,49311.0,337.0,other,home
30921_2023-01-11,0.0,mpt,51255.0,51523.0,268.0,home,shop
30921_2023-01-11,1.0,mpt,53110.0,53263.0,153.0,shop,home
30921_2023-01-11,2.0,pt,56162.0,57532.0,1370.0,home,leisure
30921_2023-01-11,3.0,pt,62320.0,62926.0,606.0,leisure,other
30921_2023-01-11,4.0,pt,63393.0,64681.0,1288.0,other,home
30822_2022-11-29,0.0,mpt,29182.0,31526.0,2344.0,home,education
30822_2022-11-29,1.0,mpt,40496.0,42641.0,2145.0,education,home
30429_2022-12-13,0.0,pt,19834.0,26420.0,6586.0,home,education
30429_2022-12-13,1.0,mpt,31229.0,35592.0,4363.0,education,education
30429_2022-12-13,2.0,mpt,38077.0,39735.0,1658.0,education,other
30429_2022-12-13,3.0,mpt,44383.0,44914.0,531.0,other,other
30429_2022-12-13,4.0,pt,52339.0,52604.0,265.0,other,education
30429_2022-12-13,5.0,mpt,58984.0,59360.0,376.0,education,education
30429_2022-12-13,6.0,mpt,62021.0,63156.0,1135.0,education,education
30429_2022-12-13,7.0,pt,64083.0,70489.0,6406.0,education,leisure
30149_2022-10-01,0.0,mpt,30337.0,30520.0,183.0,home,other
30149_2022-10-01,1.0,mpt,30976.0,31191.0,215.0,other,other
30149_2022-10-01,2.0,mpt,31772.0,31912.0,140.0,other,shop
30149_2022-10-01,3.0,walk,32311.0,32360.0,49.0,shop,home
30149_2022-10-01,4.0,mpt,41312.0,41416.0,104.0,home,leisure
30149_2022-10-01,5.0,mpt,41791.0,44460.0,2669.0,leisure,leisure
30149_2022-10-01,6.0,mpt,45058.0,45273.0,215.0,leisure,other
30149_2022-10-01,7.0,mpt,45657.0,45687.0,30.0,other,leisure
30149_2022-10-01,8.0,mpt,51653.0,53262.0,1609.0,leisure,home
30149_2022-10-01,9.0,mpt,53815.0,54093.0,278.0,home,home
30149_2022-10-01,10.0,mpt,55363.0,55430.0,67.0,home,home
30080_2022-07-26,0.0,walk,45504.0,46574.0,1070.0,home,home
30878_2022-09-01,0.0,bike,55170.0,56423.0,1253.0,home,education
30878_2022-09-01,1.0,walk,56933.0,57561.0,628.0,education,leisure
30878_2022-09-01,2.0,bike,58121.0,58577.0,456.0,leisure,home
30385_2022-09-18,0.0,mpt,31030.0,32584.0,1554.0,home,leisure
30385_2022-09-18,1.0,walk,34749.0,34776.0,27.0,leisure,home
30385_2022-09-18,2.0,walk,46013.0,46101.0,88.0,home,leisure
30385_2022-09-18,3.0,walk,46756.0,46799.0,43.0,leisure,leisure
30385_2022-09-18,4.0,walk,54413.0,54691.0,278.0,leisure,shop
30385_2022-09-18,5.0,mpt,56332.0,58154.0,1822.0,shop,home
30231_2022-12-30,0.0,bike,25648.0,26692.0,1044.0,home,education
30231_2022-12-30,1.0,bike,58317.0,58785.0,468.0,education,leisure
30231_2022-12-30,2.0,walk,61772.0,62338.0,566.0,leisure,leisure
30231_2022-12-30,3.0,pt,62884.0,63349.0,465.0,leisure,home
30556_2023-01-24,0.0,mpt,24023.0,25917.0,1894.0,home,shop
30556_2023-01-24,1.0,mpt,26438.0,26663.0,225.0,shop,education
30556_2023-01-24,2.0,mpt,33541.0,35542.0,2001.0,education,home
30556_2023-01-24,3.0,bike,50962.0,51526.0,564.0,home,education
30556_2023-01-24,4.0,bike,60167.0,60667.0,500.0,education,shop
30556_2023-01-24,5.0,bike,61401.0,61655.0,254.0,shop,home
30749_2022-11-24,0.0,mpt,55466.0,56966.0,1500.0,home,home
30433_2022-11-30,0.0,mpt,40394.0,42047.0,1653.0,home,education
30433_2022-11-30,1.0,mpt,51149.0,53576.0,2427.0,education,home
30860_2022-10-11,0.0,mpt,28884.0,29190.0,306.0,other,shop
30860_2022-10-11,1.0,mpt,30298.0,30777.0,479.0,shop,home
30860_2022-10-11,2.0,walk,31457.0,31599.0,142.0,home,home
30860_2022-10-11,3.0,mpt,38248.0,40102.0,1854.0,home,education
30860_2022-10-11,4.0,mpt,54721.0,58701.0,3980.0,education,other
30695_2022-11-15,0.0,pt,16678.0,19387.0,2709.0,home,work
30695_2022-11-15,1.0,bike,61801.0,62063.0,262.0,work,home
31087_2022-08-20,0.0,mpt,19216.0,24051.0,4835.0,home,home
31087_2022-08-20,1.0,walk,25203.0,25510.0,307.0,home,education
31087_2022-08-20,2.0,walk,43076.0,43311.0,235.0,education,leisure
31087_2022-08-20,3.0,mpt,46618.0,48014.0,1396.0,leisure,home
31087_2022-08-20,4.0,walk,61837.0,62259.0,422.0,home,home
31087_2022-08-20,5.0,walk,69469.0,70088.0,619.0,home,other
31087_2022-08-20,6.0,walk,71967.0,72214.0,247.0,other,home
30444_2022-09-01,0.0,pt,16171.0,19352.0,3181.0,home,education
30444_2022-09-01,1.0,walk,20006.0,20051.0,45.0,education,education
30444_2022-09-01,2.0,walk,32061.0,32230.0,169.0,education,education
30444_2022-09-01,3.0,walk,35823.0,36113.0,290.0,education,home
30444_2022-09-01,4.0,walk,39182.0,40153.0,971.0,home,education
30444_2022-09-01,5.0,pt,54198.0,57223.0,3025.0,education,home
31295_2022-11-08,0.0,mpt,22751.0,23353.0,602.0,home,work
31295_2022-11-08,1.0,mpt,38729.0,38905.0,176.0,work,shop
31295_2022-11-08,2.0,mpt,40813.0,40960.0,147.0,shop,home
31295_2022-11-08,3.0,bike,44431.0,45977.0,1546.0,home,other
31295_2022-11-08,4.0,pt,46693.0,46813.0,120.0,other,other
31295_2022-11-08,5.0,pt,47238.0,49291.0,2053.0,other,home
31224_2022-09-07,0.0,walk,53213.0,53578.0,365.0,home,shop
31224_2022-09-07,1.0,pt,54467.0,55479.0,1012.0,shop,other
31224_2022-09-07,2.0,pt,55981.0,56121.0,140.0,other,other
31224_2022-09-07,3.0,pt,58157.0,58721.0,564.0,other,shop
31224_2022-09-07,4.0,walk,59336.0,59913.0,577.0,shop,home
30386_2022-11-23,0.0,walk,35461.0,35906.0,445.0,home,shop
30386_2022-11-23,1.0,walk,36707.0,37038.0,331.0,shop,home
31002_2022-12-22,0.0,walk,24123.0,24673.0,550.0,home,other
31002_2022-12-22,1.0,walk,25002.0,25488.0,486.0,other,home
31002_2022-12-22,2.0,walk,59395.0,59813.0,418.0,home,other
31002_2022-12-22,3.0,walk,60605.0,61282.0,677.0,other,home
30827_2022-12-07,0.0,walk,26502.0,27431.0,929.0,home,home
30827_2022-12-07,1.0,bike,40589.0,41788.0,1199.0,home,shop
30827_2022-12-07,2.0,bike,42452.0,42609.0,157.0,shop,shop
30827_2022-12-07,3.0,bike,44588.0,44968.0,380.0,shop,shop
30827_2022-12-07,4.0,bike,45870.0,46293.0,423.0,shop,home
30827_2022-12-07,5.0,bike,49161.0,49998.0,837.0,home,other
30827_2022-12-07,6.0,bike,54282.0,55312.0,1030.0,other,home
30303_2022-11-10,0.0,mpt,20661.0,20884.0,223.0,home,other
30303_2022-11-10,1.0,mpt,21301.0,21814.0,513.0,other,home
30303_2022-11-10,2.0,mpt,23501.0,25146.0,1645.0,home,home
30303_2022-11-10,3.0,mpt,25579.0,27615.0,2036.0,home,other
30303_2022-11-10,4.0,mpt,28214.0,30379.0,2165.0,other,education
30303_2022-11-10,5.0,mpt,52834.0,53679.0,845.0,education,home
30303_2022-11-10,6.0,mpt,56918.0,57477.0,559.0,home,other
30303_2022-11-10,7.0,mpt,58069.0,58848.0,779.0,other,home
30303_2022-11-10,8.0,walk,60891.0,60941.0,50.0,home,home
30401_2022-11-17,0.0,bike,51790.0,52009.0,219.0,home,education
30401_2022-11-17,1.0,bike,62400.0,62672.0,272.0,education,home
30401_2022-11-17,2.0,bike,67671.0,67918.0,247.0,home,leisure
30401_2022-11-17,3.0,bike,75675.0,75936.0,261.0,leisure,home
31027_2022-11-29,0.0,walk,24378.0,25449.0,1071.0,home,home
31027_2022-11-29,1.0,walk,37591.0,38230.0,639.0,home,home
31027_2022-11-29,2.0,walk,42062.0,42110.0,48.0,home,home
31027_2022-11-29,3.0,pt,47289.0,54298.0,7009.0,home,other
31027_2022-11-29,4.0,walk,58912.0,59073.0,161.0,other,other
31027_2022-11-29,5.0,pt,67830.0,69896.0,2066.0,other,other
31027_2022-11-29,6.0,pt,71071.0,74857.0,3786.0,other,other
31027_2022-11-29,7.0,pt,75223.0,76077.0,854.0,other,home
30199_2022-11-28,0.0,bike,55327.0,58433.0,3106.0,home,home
30113_2022-11-24,0.0,mpt,34555.0,34846.0,291.0,home,shop
30113_2022-11-24,1.0,mpt,36294.0,36866.0,572.0,shop,shop
30113_2022-11-24,2.0,pt,38124.0,38356.0,232.0,shop,home
30113_2022-11-24,3.0,pt,53902.0,54915.0,1013.0,home,home
30922_2022-11-01,0.0,pt,26487.0,27676.0,1189.0,home,education
30922_2022-11-01,1.0,walk,38931.0,39117.0,186.0,education,shop
30922_2022-11-01,2.0,walk,39497.0,39589.0,92.0,shop,work
30922_2022-11-01,3.0,bike,58788.0,59908.0,1120.0,work,home
30151_2022-08-08,0.0,mpt,23726.0,25021.0,1295.0,home,shop
30151_2022-08-08,1.0,walk,27294.0,27383.0,89.0,shop,shop
30151_2022-08-08,2.0,mpt,27779.0,29068.0,1289.0,shop,home
30151_2022-08-08,3.0,walk,55701.0,57332.0,1631.0,home,home
30013_2022-11-03,0.0,walk,24794.0,25444.0,650.0,home,home
30013_2022-11-03,1.0,walk,36380.0,37016.0,636.0,home,home
30013_2022-11-03,2.0,mpt,49224.0,50048.0,824.0,home,home
30013_2022-11-03,3.0,mpt,52659.0,53388.0,729.0,home,shop
30013_2022-11-03,4.0,mpt,55753.0,56478.0,725.0,shop,home
30168_2022-09-08,0.0,walk,34447.0,36123.0,1676.0,home,home
30168_2022-09-08,1.0,walk,53407.0,55280.0,1873.0,home,home
30803_2022-12-14,0.0,pt,23663.0,25550.0,1887.0,home,education
30803_2022-12-14,1.0,pt,56518.0,58790.0,2272.0,education,home
30803_2022-12-14,2.0,bike,60725.0,60955.0,230.0,home,leisure
30803_2022-12-14,3.0,walk,67898.0,68002.0,104.0,leisure,shop
30803_2022-12-14,4.0,walk,68365.0,68717.0,352.0,shop,home
30184_2022-08-31,0.0,walk,48730.0,58730.0,10000.0,home,home
30887_2023-01-23,0.0,walk,63717.0,64309.0,592.0,home,home
31305_2022-11-09,0.0,pt,19826.0,21490.0,1664.0,home,education
31305_2022-11-09,1.0,pt,39758.0,40768.0,1010.0,education,home
31305_2022-11-09,2.0,walk,47940.0,48803.0,863.0,home,shop
31305_2022-11-09,3.0,walk,49613.0,49637.0,24.0,shop,shop
31305_2022-11-09,4.0,walk,51045.0,51833.0,788.0,shop,home
30419_2022-09-16,0.0,mpt,38062.0,38794.0,732.0,home,leisure
30419_2022-09-16,1.0,mpt,40613.0,44316.0,3703.0,leisure,leisure
30419_2022-09-16,2.0,mpt,45326.0,46287.0,961.0,leisure,leisure
30419_2022-09-16,3.0,mpt,50299.0,52606.0,2307.0,leisure,leisure
30419_2022-09-16,4.0,walk,59928.0,60588.0,660.0,leisure,home
30190_2022-09-14,0.0,walk,55134.0,55496.0,362.0,home,home
30190_2022-09-14,1.0,walk,57230.0,57778.0,548.0,home,home
31301_2022-11-11,0.0,walk,20529.0,24042.0,3513.0,home,education
31301_2022-11-11,1.0,pt,27108.0,28647.0,1539.0,education,education
31301_2022-11-11,2.0,walk,29068.0,30081.0,1013.0,education,education
31301_2022-11-11,3.0,walk,40715.0,40946.0,231.0,education,leisure
31301_2022-11-11,4.0,walk,47820.0,47983.0,163.0,leisure,education
31301_2022-11-11,5.0,walk,49179.0,49574.0,395.0,education,education
31301_2022-11-11,6.0,walk,51650.0,51870.0,220.0,education,education
31301_2022-11-11,7.0,walk,53630.0,55203.0,1573.0,education,education
31301_2022-11-11,8.0,pt,58833.0,61954.0,3121.0,education,home
30989_2022-12-16,0.0,walk,39273.0,40433.0,1160.0,home,home
30989_2022-12-16,1.0,mpt,43214.0,44644.0,1430.0,home,other
30989_2022-12-16,2.0,mpt,46703.0,48594.0,1891.0,other,other
30989_2022-12-16,3.0,mpt,49502.0,49663.0,161.0,other,shop
30989_2022-12-16,4.0,mpt,50298.0,51311.0,1013.0,shop,other
30989_2022-12-16,5.0,walk,52649.0,52822.0,173.0,other,leisure
30989_2022-12-16,6.0,mpt,53943.0,54323.0,380.0,leisure,home
30989_2022-12-16,7.0,mpt,59723.0,61559.0,1836.0,home,shop
30989_2022-12-16,8.0,mpt,62570.0,64383.0,1813.0,shop,leisure
30989_2022-12-16,9.0,walk,66554.0,67153.0,599.0,leisure,leisure
30989_2022-12-16,10.0,mpt,68578.0,70194.0,1616.0,leisure,leisure
31027_2022-12-13,0.0,walk,28897.0,31670.0,2773.0,home,home
31027_2022-12-13,1.0,walk,36270.0,36552.0,282.0,home,shop
31027_2022-12-13,2.0,walk,36989.0,37343.0,354.0,shop,home
31027_2022-12-13,3.0,walk,44799.0,47047.0,2248.0,home,leisure
31027_2022-12-13,4.0,walk,53865.0,55665.0,1800.0,leisure,home
30735_2022-11-16,0.0,mpt,41131.0,41245.0,114.0,home,other
30735_2022-11-16,1.0,mpt,42080.0,42411.0,331.0,other,home
30735_2022-11-16,2.0,mpt,43204.0,43863.0,659.0,home,other
30735_2022-11-16,3.0,mpt,44377.0,45131.0,754.0,other,home
30735_2022-11-16,4.0,mpt,45601.0,45736.0,135.0,home,other
30735_2022-11-16,5.0,mpt,46380.0,46524.0,144.0,other,home
30735_2022-11-16,6.0,walk,48378.0,48414.0,36.0,home,home
30735_2022-11-16,7.0,mpt,60614.0,60773.0,159.0,home,other
30735_2022-11-16,8.0,walk,62397.0,62934.0,537.0,other,home
30168_2022-09-19,0.0,mpt,13493.0,14660.0,1167.0,home,education
30168_2022-09-19,1.0,walk,33805.0,34101.0,296.0,education,shop
30168_2022-09-19,2.0,walk,34660.0,34938.0,278.0,shop,work
30168_2022-09-19,3.0,mpt,50547.0,51839.0,1292.0,work,home
30168_2022-09-19,4.0,walk,67181.0,68334.0,1153.0,home,home
30231_2022-12-28,0.0,bike,28702.0,29702.0,1000.0,home,education
30231_2022-12-28,1.0,bike,58357.0,59654.0,1297.0,education,home
31085_2022-09-22,0.0,mpt,48569.0,49558.0,989.0,home,education
31085_2022-09-22,1.0,mpt,51039.0,51961.0,922.0,education,education
31085_2022-09-22,2.0,mpt,57352.0,58166.0,814.0,education,education
31085_2022-09-22,3.0,mpt,59295.0,59621.0,326.0,education,home
30439_2022-11-29,0.0,mpt,19518.0,22097.0,2579.0,home,education
30439_2022-11-29,1.0,walk,40099.0,40512.0,413.0,education,leisure
30439_2022-11-29,2.0,walk,42725.0,43416.0,691.0,leisure,work
30439_2022-11-29,3.0,mpt,60607.0,62850.0,2243.0,work,shop
30439_2022-11-29,4.0,mpt,63238.0,63610.0,372.0,shop,home
31274_2022-12-12,0.0,walk,42480.0,43118.0,638.0,home,leisure
31274_2022-12-12,1.0,walk,46460.0,47012.0,552.0,leisure,home
31274_2022-12-12,2.0,walk,75646.0,76732.0,1086.0,home,leisure
31274_2022-12-12,3.0,walk,80772.0,81549.0,777.0,leisure,home
30435_2022-12-01,0.0,bike,31046.0,36741.0,5695.0,home,home
30435_2022-12-01,1.0,bike,47838.0,48592.0,754.0,home,home
30435_2022-12-01,2.0,bike,49150.0,50202.0,1052.0,home,home
30435_2022-12-01,3.0,bike,72772.0,73480.0,708.0,home,home
30728_2022-11-30,0.0,mpt,50930.0,52054.0,1124.0,home,shop
30728_2022-11-30,1.0,walk,54454.0,54763.0,309.0,shop,home
30728_2022-11-30,2.0,mpt,55991.0,57265.0,1274.0,home,leisure
30728_2022-11-30,3.0,mpt,59356.0,60831.0,1475.0,leisure,home
30728_2022-11-30,4.0,walk,61221.0,61279.0,58.0,home,home
30728_2022-11-30,5.0,mpt,61792.0,63063.0,1271.0,home,home
30728_2022-11-30,6.0,pt,63520.0,63830.0,310.0,home,home
30728_2022-11-30,7.0,pt,64386.0,64739.0,353.0,home,shop
30728_2022-11-30,8.0,walk,65207.0,66553.0,1346.0,shop,other
30728_2022-11-30,9.0,mpt,67914.0,68154.0,240.0,other,other
30728_2022-11-30,10.0,mpt,68693.0,68864.0,171.0,other,home
30948_2023-01-16,0.0,mpt,25417.0,26627.0,1210.0,home,education
30948_2023-01-16,1.0,walk,29447.0,29636.0,189.0,education,education
30948_2023-01-16,2.0,walk,40210.0,40545.0,335.0,education,work
30948_2023-01-16,3.0,mpt,54730.0,55883.0,1153.0,work,home
30116_2022-07-20,0.0,mpt,62093.0,62315.0,222.0,home,home
30116_2022-07-20,1.0,mpt,62803.0,63075.0,272.0,home,home
30116_2022-07-20,2.0,walk,76716.0,77042.0,326.0,home,home
31094_2022-12-15,0.0,walk,18910.0,19695.0,785.0,home,home
31094_2022-12-15,1.0,mpt,32013.0,34815.0,2802.0,home,education
31094_2022-12-15,2.0,mpt,40663.0,43517.0,2854.0,education,home
31094_2022-12-15,3.0,mpt,53562.0,57478.0,3916.0,home,home
31094_2022-12-15,4.0,pt,59575.0,61569.0,1994.0,home,leisure
31094_2022-12-15,5.0,walk,61985.0,63310.0,1325.0,leisure,leisure
31094_2022-12-15,6.0,walk,65214.0,65668.0,454.0,leisure,leisure
31094_2022-12-15,7.0,walk,74583.0,74913.0,330.0,leisure,leisure
31094_2022-12-15,8.0,pt,80268.0,81943.0,1675.0,leisure,home
30677_2022-11-09,0.0,mpt,25943.0,26411.0,468.0,home,education
30677_2022-11-09,1.0,mpt,36160.0,36648.0,488.0,education,home
30677_2022-11-09,2.0,mpt,51051.0,54169.0,3118.0,home,leisure
30677_2022-11-09,3.0,mpt,63961.0,66128.0,2167.0,leisure,home
30199_2022-11-22,0.0,bike,22692.0,23981.0,1289.0,home,education
30199_2022-11-22,1.0,bike,41771.0,42952.0,1181.0,education,home
30199_2022-11-22,2.0,pt,52356.0,53509.0,1153.0,home,shop
30199_2022-11-22,3.0,walk,61704.0,63983.0,2279.0,shop,home
30008_2022-11-23,0.0,mpt,26752.0,27643.0,891.0,home,education
30008_2022-11-23,1.0,mpt,39256.0,40220.0,964.0,education,leisure
30008_2022-11-23,2.0,walk,41986.0,42370.0,384.0,leisure,education
30008_2022-11-23,3.0,mpt,49607.0,50126.0,519.0,education,education
30008_2022-11-23,4.0,walk,50518.0,50576.0,58.0,education,other
30008_2022-11-23,5.0,walk,50950.0,51235.0,285.0,other,education
30008_2022-11-23,6.0,bike,61742.0,64356.0,2614.0,education,home
30796_2022-12-06,0.0,walk,50506.0,51709.0,1203.0,home,home
30248_2022-12-16,0.0,mpt,15259.0,18525.0,3266.0,home,work
30248_2022-12-16,1.0,mpt,40094.0,43161.0,3067.0,work,home
30248_2022-12-16,2.0,mpt,55843.0,57771.0,1928.0,home,shop
30248_2022-12-16,3.0,pt,58640.0,59645.0,1005.0,shop,home
30248_2022-12-16,4.0,mpt,75852.0,76277.0,425.0,home,home
30435_2022-11-30,0.0,mpt,30277.0,34400.0,4123.0,home,home
30435_2022-11-30,1.0,bike,47962.0,50805.0,2843.0,home,home
30398_2022-09-15,0.0,pt,19456.0,21412.0,1956.0,home,other
30398_2022-09-15,1.0,pt,22004.0,26195.0,4191.0,other,work
30398_2022-09-15,2.0,pt,45527.0,50773.0,5246.0,work,other
30398_2022-09-15,3.0,pt,51140.0,52340.0,1200.0,other,home
30838_2022-12-15,0.0,walk,38031.0,39893.0,1862.0,home,education
30838_2022-12-15,1.0,walk,54090.0,54628.0,538.0,education,education
30838_2022-12-15,2.0,walk,55440.0,55650.0,210.0,education,education
30838_2022-12-15,3.0,walk,60698.0,62440.0,1742.0,education,home
30808_2022-11-26,0.0,mpt,25623.0,26606.0,983.0,home,shop
30808_2022-11-26,1.0,mpt,27663.0,28488.0,825.0,shop,home
30808_2022-11-26,2.0,mpt,34992.0,36951.0,1959.0,home,shop
30808_2022-11-26,3.0,mpt,37993.0,38358.0,365.0,shop,shop
30808_2022-11-26,4.0,mpt,39130.0,40601.0,1471.0,shop,home
30808_2022-11-26,5.0,pt,42953.0,43093.0,140.0,home,home
30808_2022-11-26,6.0,pt,48647.0,77399.0,28752.0,home,other
30808_2022-11-26,7.0,pt,77940.0,80737.0,2797.0,other,home
31017_2022-10-19,0.0,walk,39289.0,41147.0,1858.0,home,home
30490_2022-11-05,0.0,walk,43431.0,43486.0,55.0,home,home
30490_2022-11-05,1.0,walk,50367.0,51112.0,745.0,home,home
30490_2022-11-05,2.0,walk,62016.0,62248.0,232.0,home,home
31126_2022-11-30,0.0,pt,31694.0,32989.0,1295.0,home,education
31126_2022-11-30,1.0,mpt,39538.0,40353.0,815.0,education,education
31126_2022-11-30,2.0,walk,45968.0,48421.0,2453.0,education,other
31126_2022-11-30,3.0,walk,49665.0,50455.0,790.0,other,leisure
31126_2022-11-30,4.0,walk,56371.0,56421.0,50.0,leisure,leisure
31126_2022-11-30,5.0,pt,57411.0,59096.0,1685.0,leisure,home
30990_2022-11-28,0.0,mpt,28524.0,30025.0,1501.0,home,education
30990_2022-11-28,1.0,mpt,39208.0,39565.0,357.0,education,leisure
30990_2022-11-28,2.0,mpt,44656.0,45316.0,660.0,leisure,education
30990_2022-11-28,3.0,mpt,51925.0,53423.0,1498.0,education,home
30990_2022-11-28,4.0,mpt,63234.0,65776.0,2542.0,home,education
30990_2022-11-28,5.0,mpt,72291.0,74690.0,2399.0,education,home
30167_2022-10-28,0.0,walk,34666.0,40186.0,5520.0,home,home
30688_2022-12-12,0.0,walk,39315.0,39633.0,318.0,home,leisure
30688_2022-12-12,1.0,walk,40093.0,41082.0,989.0,leisure,home
31085_2022-10-04,0.0,mpt,24000.0,24983.0,983.0,home,education
31085_2022-10-04,1.0,mpt,28248.0,29579.0,1331.0,education,education
31085_2022-10-04,2.0,walk,30667.0,31557.0,890.0,education,education
31085_2022-10-04,3.0,walk,34289.0,34602.0,313.0,education,education
31085_2022-10-04,4.0,walk,35160.0,35440.0,280.0,education,education
31085_2022-10-04,5.0,walk,36783.0,37013.0,230.0,education,education
31085_2022-10-04,6.0,mpt,45648.0,45912.0,264.0,education,education
31085_2022-10-04,7.0,mpt,46871.0,47529.0,658.0,education,education
31085_2022-10-04,8.0,mpt,48225.0,52222.0,3997.0,education,education
31085_2022-10-04,9.0,mpt,52979.0,54655.0,1676.0,education,education
31085_2022-10-04,10.0,mpt,64765.0,65802.0,1037.0,education,home
30633_2022-12-05,0.0,walk,24942.0,25718.0,776.0,home,home
30633_2022-12-05,1.0,mpt,30471.0,30832.0,361.0,home,home
30633_2022-12-05,2.0,walk,37516.0,38189.0,673.0,home,other
30633_2022-12-05,3.0,pt,39185.0,42128.0,2943.0,other,other
30633_2022-12-05,4.0,pt,44638.0,44869.0,231.0,other,other
30633_2022-12-05,5.0,pt,45354.0,45843.0,489.0,other,home
30633_2022-12-05,6.0,walk,54006.0,55626.0,1620.0,home,home
30203_2022-09-28,0.0,walk,21348.0,21483.0,135.0,home,education
30203_2022-09-28,1.0,walk,35161.0,35259.0,98.0,education,home
30203_2022-09-28,2.0,mpt,55240.0,55844.0,604.0,home,home
30448_2022-11-14,0.0,walk,33564.0,34235.0,671.0,home,education
30448_2022-11-14,1.0,bike,36001.0,36125.0,124.0,education,education
30448_2022-11-14,2.0,bike,39596.0,39715.0,119.0,education,education
30448_2022-11-14,3.0,bike,50306.0,50834.0,528.0,education,home
31096_2023-01-16,0.0,mpt,57170.0,57615.0,445.0,home,other
31096_2023-01-16,1.0,mpt,61748.0,62119.0,371.0,other,home
30435_2022-12-05,0.0,bike,28765.0,31819.0,3054.0,home,home
30435_2022-12-05,1.0,mpt,34561.0,35586.0,1025.0,home,other
30435_2022-12-05,2.0,mpt,45395.0,50570.0,5175.0,other,shop
30435_2022-12-05,3.0,walk,52894.0,52988.0,94.0,shop,other
30435_2022-12-05,4.0,mpt,53740.0,54582.0,842.0,other,home
30869_2022-12-05,0.0,mpt,20319.0,20677.0,358.0,home,home
30869_2022-12-05,1.0,walk,51719.0,51903.0,184.0,home,education
30869_2022-12-05,2.0,mpt,57937.0,58163.0,226.0,education,shop
30869_2022-12-05,3.0,mpt,58503.0,58645.0,142.0,shop,home
30076_2022-09-22,0.0,other,5951.0,37493.0,31542.0,other,other
30076_2022-09-22,1.0,other,37927.0,38849.0,922.0,other,home
30076_2022-09-22,2.0,walk,41441.0,41693.0,252.0,home,shop
30076_2022-09-22,3.0,walk,42080.0,42537.0,457.0,shop,home
30769_2022-10-25,0.0,mpt,18534.0,19499.0,965.0,home,home
30769_2022-10-25,1.0,mpt,27891.0,28233.0,342.0,home,education
30769_2022-10-25,2.0,mpt,28676.0,29116.0,440.0,education,education
30769_2022-10-25,3.0,mpt,29741.0,30626.0,885.0,education,other
30769_2022-10-25,4.0,mpt,31189.0,31557.0,368.0,other,shop
30769_2022-10-25,5.0,mpt,31972.0,32147.0,175.0,shop,home
30769_2022-10-25,6.0,mpt,33897.0,34141.0,244.0,home,other
30769_2022-10-25,7.0,mpt,36042.0,36344.0,302.0,other,shop
30769_2022-10-25,8.0,pt,36851.0,37272.0,421.0,shop,home
30769_2022-10-25,9.0,mpt,53614.0,55214.0,1600.0,home,shop
30769_2022-10-25,10.0,mpt,56235.0,57284.0,1049.0,shop,other
30769_2022-10-25,11.0,mpt,58438.0,59533.0,1095.0,other,home
30005_2022-11-13,0.0,pt,39425.0,54845.0,15420.0,home,home
30236_2022-10-10,0.0,walk,19922.0,23941.0,4019.0,home,home
30184_2022-09-15,0.0,bike,28640.0,29076.0,436.0,home,education
30184_2022-09-15,1.0,walk,35687.0,35832.0,145.0,education,education
30184_2022-09-15,2.0,bike,36234.0,36550.0,316.0,education,home
30184_2022-09-15,3.0,walk,41192.0,52096.0,10904.0,home,home
30489_2022-08-19,0.0,pt,14503.0,15711.0,1208.0,home,other
30489_2022-08-19,1.0,pt,16137.0,21226.0,5089.0,other,work
30489_2022-08-19,2.0,pt,52017.0,59063.0,7046.0,work,home
30385_2022-09-23,0.0,mpt,18565.0,25557.0,6992.0,home,home
30385_2022-09-23,1.0,pt,35635.0,36137.0,502.0,home,home
30385_2022-09-23,2.0,mpt,37079.0,37484.0,405.0,home,home
30385_2022-09-23,3.0,other,55336.0,59740.0,4404.0,home,home
30320_2022-09-10,0.0,pt,25770.0,28977.0,3207.0,home,other
30320_2022-09-10,1.0,walk,29367.0,29727.0,360.0,other,shop
30320_2022-09-10,2.0,pt,30141.0,31919.0,1778.0,shop,home
30303_2022-10-21,0.0,mpt,17592.0,18650.0,1058.0,home,home
30303_2022-10-21,1.0,mpt,19144.0,19531.0,387.0,home,home
30303_2022-10-21,2.0,mpt,23298.0,24099.0,801.0,home,education
30303_2022-10-21,3.0,mpt,33812.0,36278.0,2466.0,education,home
30303_2022-10-21,4.0,mpt,38954.0,40696.0,1742.0,home,home
30303_2022-10-21,5.0,mpt,45335.0,45477.0,142.0,home,home
30303_2022-10-21,6.0,mpt,52190.0,53098.0,908.0,home,home
30303_2022-10-21,7.0,mpt,64470.0,66343.0,1873.0,home,home
30430_2022-09-23,0.0,walk,21444.0,21943.0,499.0,home,education
30430_2022-09-23,1.0,pt,24720.0,26826.0,2106.0,education,education
30430_2022-09-23,2.0,pt,27208.0,31361.0,4153.0,education,education
30430_2022-09-23,3.0,walk,35480.0,36562.0,1082.0,education,leisure
30430_2022-09-23,4.0,walk,43330.0,47268.0,3938.0,leisure,leisure
30430_2022-09-23,5.0,pt,50193.0,54246.0,4053.0,leisure,other
30430_2022-09-23,6.0,pt,54784.0,55618.0,834.0,other,education
30430_2022-09-23,7.0,walk,59224.0,59830.0,606.0,education,education
30430_2022-09-23,8.0,walk,65338.0,65459.0,121.0,education,home
30010_2022-11-25,0.0,walk,23406.0,24596.0,1190.0,home,home
30010_2022-11-25,1.0,walk,31925.0,32407.0,482.0,home,other
30010_2022-11-25,2.0,walk,32713.0,33666.0,953.0,other,home
30010_2022-11-25,3.0,walk,46062.0,46690.0,628.0,home,home
30769_2022-10-26,0.0,mpt,19449.0,23910.0,4461.0,home,education
30769_2022-10-26,1.0,pt,25422.0,27013.0,1591.0,education,education
30769_2022-10-26,2.0,pt,31010.0,32424.0,1414.0,education,education
30769_2022-10-26,3.0,mpt,34693.0,37248.0,2555.0,education,home
30769_2022-10-26,4.0,mpt,49791.0,50717.0,926.0,home,home
30685_2022-11-28,0.0,bike,58311.0,58927.0,616.0,home,home
30685_2022-11-28,1.0,bike,61041.0,62866.0,1825.0,home,home
30327_2022-12-16,0.0,pt,26823.0,29339.0,2516.0,home,shop
30327_2022-12-16,1.0,walk,30200.0,30568.0,368.0,shop,shop
30327_2022-12-16,2.0,pt,31949.0,33056.0,1107.0,shop,home
30327_2022-12-16,3.0,pt,57426.0,59311.0,1885.0,home,other
30327_2022-12-16,4.0,walk,60130.0,60940.0,810.0,other,home
30327_2022-12-16,5.0,mpt,65395.0,67711.0,2316.0,home,home
30351_2022-11-14,0.0,mpt,59907.0,60237.0,330.0,home,leisure
30351_2022-11-14,1.0,mpt,68652.0,68952.0,300.0,leisure,home
30313_2022-11-20,0.0,walk,45300.0,50703.0,5403.0,home,leisure
30313_2022-11-20,1.0,walk,51535.0,51735.0,200.0,leisure,home
30269_2022-12-09,0.0,pt,57527.0,64120.0,6593.0,home,leisure
30269_2022-12-09,1.0,walk,73369.0,73626.0,257.0,leisure,other
30269_2022-12-09,2.0,pt,74120.0,74853.0,733.0,other,home
30269_2022-12-09,3.0,pt,75877.0,81240.0,5363.0,home,home
31263_2023-01-11,0.0,mpt,42122.0,43135.0,1013.0,home,other
31263_2023-01-11,1.0,other,69038.0,86399.0,17361.0,other,
30481_2022-12-22,0.0,pt,19618.0,20543.0,925.0,home,other
30481_2022-12-22,1.0,pt,20866.0,24500.0,3634.0,other,education
30481_2022-12-22,2.0,walk,37970.0,38100.0,130.0,education,leisure
30481_2022-12-22,3.0,walk,43666.0,43862.0,196.0,leisure,education
30481_2022-12-22,4.0,pt,50150.0,51286.0,1136.0,education,other
30481_2022-12-22,5.0,pt,51843.0,55733.0,3890.0,other,home
30620_2022-08-22,0.0,mpt,28680.0,28780.0,100.0,home,home
30620_2022-08-22,1.0,mpt,29431.0,31212.0,1781.0,home,education
30620_2022-08-22,2.0,mpt,42442.0,43607.0,1165.0,education,leisure
30620_2022-08-22,3.0,mpt,46472.0,46552.0,80.0,leisure,home
30620_2022-08-22,4.0,mpt,49502.0,50039.0,537.0,home,work
31071_2022-11-14,0.0,walk,32164.0,32501.0,337.0,home,other
31071_2022-11-14,1.0,pt,32966.0,34143.0,1177.0,other,other
31071_2022-11-14,2.0,walk,34957.0,35397.0,440.0,other,shop
31071_2022-11-14,3.0,pt,35839.0,37669.0,1830.0,shop,home
31071_2022-11-14,4.0,mpt,41994.0,44780.0,2786.0,home,shop
31071_2022-11-14,5.0,mpt,49174.0,50584.0,1410.0,shop,other
31071_2022-11-14,6.0,pt,51251.0,51705.0,454.0,other,home
30196_2022-09-10,0.0,walk,27320.0,27843.0,523.0,home,leisure
30196_2022-09-10,1.0,walk,28239.0,28401.0,162.0,leisure,leisure
30196_2022-09-10,2.0,walk,31018.0,31201.0,183.0,leisure,leisure
30196_2022-09-10,3.0,walk,33317.0,33783.0,466.0,leisure,home
30196_2022-09-10,4.0,walk,46798.0,47050.0,252.0,home,other
30196_2022-09-10,5.0,walk,56708.0,57169.0,461.0,other,home
31055_2022-09-08,0.0,mpt,21484.0,22178.0,694.0,home,leisure
31055_2022-09-08,1.0,walk,25164.0,25405.0,241.0,leisure,shop
31055_2022-09-08,2.0,mpt,26175.0,26448.0,273.0,shop,education
31055_2022-09-08,3.0,mpt,35170.0,36353.0,1183.0,education,leisure
31055_2022-09-08,4.0,mpt,41201.0,41803.0,602.0,leisure,education
31055_2022-09-08,5.0,mpt,47383.0,48282.0,899.0,education,home
30384_2022-07-22,0.0,mpt,23880.0,24591.0,711.0,home,work
30384_2022-07-22,1.0,mpt,47714.0,48765.0,1051.0,work,work
30384_2022-07-22,2.0,mpt,54260.0,54439.0,179.0,work,home
30384_2022-07-22,3.0,mpt,58800.0,58903.0,103.0,home,shop
30384_2022-07-22,4.0,walk,59475.0,59566.0,91.0,shop,shop
30384_2022-07-22,5.0,mpt,60679.0,60766.0,87.0,shop,home
30384_2022-07-22,6.0,walk,64828.0,65494.0,666.0,home,leisure
30384_2022-07-22,7.0,other,74832.0,75036.0,204.0,leisure,home
30704_2022-12-04,0.0,walk,36937.0,40069.0,3132.0,home,home
30704_2022-12-04,1.0,walk,57302.0,57920.0,618.0,home,home
30704_2022-12-04,2.0,walk,81159.0,81538.0,379.0,home,home
31145_2022-11-27,0.0,walk,43172.0,45948.0,2776.0,home,home
30803_2022-12-21,0.0,bike,38151.0,38303.0,152.0,home,leisure
30803_2022-12-21,1.0,bike,44073.0,45111.0,1038.0,leisure,home
30769_2022-10-17,0.0,mpt,24023.0,24988.0,965.0,home,education
30769_2022-10-17,1.0,mpt,32188.0,33214.0,1026.0,education,home
30769_2022-10-17,2.0,mpt,41145.0,41845.0,700.0,home,shop
30769_2022-10-17,3.0,mpt,44473.0,44758.0,285.0,shop,home
30769_2022-10-17,4.0,walk,60310.0,60435.0,125.0,home,leisure
30769_2022-10-17,5.0,walk,62489.0,62716.0,227.0,leisure,home
30114_2022-11-09,0.0,walk,49918.0,50653.0,735.0,home,other
30114_2022-11-09,1.0,walk,52109.0,53090.0,981.0,other,home
30012_2022-08-21,0.0,mpt,11945.0,13557.0,1612.0,leisure,home
30012_2022-08-21,1.0,mpt,42387.0,44570.0,2183.0,home,other
30012_2022-08-21,2.0,mpt,45842.0,46184.0,342.0,other,leisure
30012_2022-08-21,3.0,mpt,50645.0,58795.0,8150.0,leisure,leisure
30012_2022-08-21,4.0,mpt,60195.0,67863.0,7668.0,leisure,home
31251_2022-12-15,0.0,mpt,54618.0,54998.0,380.0,home,leisure
31251_2022-12-15,1.0,walk,55369.0,55577.0,208.0,leisure,leisure
31251_2022-12-15,2.0,mpt,56162.0,56250.0,88.0,leisure,home
31251_2022-12-15,3.0,walk,59775.0,60424.0,649.0,home,shop
31251_2022-12-15,4.0,walk,62944.0,64119.0,1175.0,shop,home
30211_2022-10-26,0.0,walk,45514.0,45645.0,131.0,home,home
30211_2022-10-26,1.0,mpt,50870.0,51152.0,282.0,home,shop
30211_2022-10-26,2.0,mpt,51755.0,52833.0,1078.0,shop,other
30211_2022-10-26,3.0,walk,53298.0,54140.0,842.0,other,leisure
30211_2022-10-26,4.0,walk,54687.0,56466.0,1779.0,leisure,leisure
30211_2022-10-26,5.0,walk,56902.0,58227.0,1325.0,leisure,home
30211_2022-10-26,6.0,mpt,60425.0,61033.0,608.0,home,home
30211_2022-10-26,7.0,walk,67726.0,67837.0,111.0,home,home
30083_2022-12-11,0.0,walk,46849.0,48393.0,1544.0,home,leisure
30083_2022-12-11,1.0,walk,48819.0,50547.0,1728.0,leisure,leisure
30083_2022-12-11,2.0,walk,51985.0,53517.0,1532.0,leisure,home
31288_2022-12-11,0.0,mpt,33497.0,34081.0,584.0,home,leisure
31288_2022-12-11,1.0,mpt,37688.0,37897.0,209.0,leisure,home
31288_2022-12-11,2.0,pt,44950.0,45554.0,604.0,home,other
31288_2022-12-11,3.0,mpt,50189.0,50928.0,739.0,other,home
31295_2022-10-28,0.0,mpt,17660.0,18194.0,534.0,home,education
31295_2022-10-28,1.0,mpt,35160.0,35902.0,742.0,education,home
31295_2022-10-28,2.0,mpt,39383.0,39686.0,303.0,home,education
31295_2022-10-28,3.0,mpt,49032.0,49845.0,813.0,education,other
31295_2022-10-28,4.0,mpt,50259.0,50998.0,739.0,other,home
30435_2022-12-03,0.0,mpt,29001.0,30012.0,1011.0,home,home
30435_2022-12-03,1.0,bike,31894.0,35429.0,3535.0,home,home
30435_2022-12-03,2.0,bike,48883.0,52415.0,3532.0,home,education
30435_2022-12-03,3.0,mpt,70282.0,72314.0,2032.0,education,home
30435_2022-12-14,0.0,mpt,29672.0,30495.0,823.0,home,home
30435_2022-12-14,1.0,bike,31064.0,33077.0,2013.0,home,home
30435_2022-12-14,2.0,bike,45927.0,47364.0,1437.0,home,home
30435_2022-12-14,3.0,mpt,48482.0,51089.0,2607.0,home,education
30435_2022-12-14,4.0,mpt,75851.0,76606.0,755.0,education,leisure
30435_2022-12-14,5.0,mpt,77001.0,79213.0,2212.0,leisure,home
30377_2022-10-30,0.0,walk,46678.0,50052.0,3374.0,home,leisure
30377_2022-10-30,1.0,walk,53021.0,55320.0,2299.0,leisure,home
31186_2022-11-29,0.0,mpt,24831.0,25514.0,683.0,home,education
31186_2022-11-29,1.0,walk,26064.0,26355.0,291.0,education,education
31186_2022-11-29,2.0,walk,29563.0,29720.0,157.0,education,education
31186_2022-11-29,3.0,mpt,33177.0,34345.0,1168.0,education,other
31186_2022-11-29,4.0,mpt,35013.0,35974.0,961.0,other,shop
31186_2022-11-29,5.0,mpt,36614.0,36912.0,298.0,shop,home
31186_2022-11-29,6.0,bike,62167.0,62823.0,656.0,home,leisure
31186_2022-11-29,7.0,bike,75003.0,75156.0,153.0,leisure,leisure
31186_2022-11-29,8.0,bike,75550.0,75735.0,185.0,leisure,home
30005_2022-11-14,0.0,mpt,33051.0,33108.0,57.0,home,education
30005_2022-11-14,1.0,mpt,38033.0,38305.0,272.0,education,home
30439_2022-11-28,0.0,walk,65887.0,68910.0,3023.0,home,home
31071_2022-11-13,0.0,mpt,41889.0,44342.0,2453.0,home,leisure
31071_2022-11-13,1.0,walk,44784.0,48083.0,3299.0,leisure,leisure
31071_2022-11-13,2.0,walk,48565.0,49686.0,1121.0,leisure,home
31071_2022-11-13,3.0,pt,51193.0,52209.0,1016.0,home,other
31071_2022-11-13,4.0,pt,52618.0,53164.0,546.0,other,home
30932_2022-10-18,0.0,bike,19909.0,21052.0,1143.0,home,education
30932_2022-10-18,1.0,walk,25138.0,25228.0,90.0,education,work
30932_2022-10-18,2.0,walk,38912.0,38977.0,65.0,work,education
30932_2022-10-18,3.0,bike,59750.0,60971.0,1221.0,education,home
30012_2022-08-26,0.0,mpt,28317.0,32087.0,3770.0,leisure,home
30012_2022-08-26,1.0,mpt,35036.0,36115.0,1079.0,home,leisure
30012_2022-08-26,2.0,mpt,42327.0,43307.0,980.0,leisure,home
30012_2022-08-26,3.0,mpt,52376.0,60600.0,8224.0,home,leisure
30012_2022-08-26,4.0,mpt,63456.0,70405.0,6949.0,leisure,other
30012_2022-08-26,5.0,walk,71846.0,72843.0,997.0,other,leisure
30012_2022-08-26,6.0,walk,74306.0,74952.0,646.0,leisure,leisure
30012_2022-08-26,7.0,walk,75543.0,77017.0,1474.0,leisure,home
30176_2022-09-08,0.0,pt,17413.0,22006.0,4593.0,home,work
30176_2022-09-08,1.0,pt,53651.0,58376.0,4725.0,work,home
30180_2023-01-06,0.0,walk,23189.0,24811.0,1622.0,home,home
30180_2023-01-06,1.0,walk,39975.0,41174.0,1199.0,home,home
30180_2023-01-06,2.0,mpt,57809.0,59696.0,1887.0,home,other
30180_2023-01-06,3.0,walk,61923.0,62130.0,207.0,other,shop
30180_2023-01-06,4.0,mpt,62524.0,63245.0,721.0,shop,leisure
30180_2023-01-06,5.0,mpt,67088.0,68858.0,1770.0,leisure,home
30180_2023-01-06,6.0,walk,70137.0,70289.0,152.0,home,home
30180_2023-01-06,7.0,walk,74474.0,74624.0,150.0,home,home
30180_2023-01-06,8.0,walk,82800.0,83189.0,389.0,home,home
30957_2022-08-29,0.0,bike,18643.0,20251.0,1608.0,home,work
30957_2022-08-29,1.0,walk,35922.0,36045.0,123.0,work,education
30957_2022-08-29,2.0,bike,53561.0,56896.0,3335.0,education,home
31293_2022-11-22,0.0,other,21585.0,38155.0,16570.0,home,work
31293_2022-11-22,1.0,mpt,56237.0,56650.0,413.0,work,home
30028_2022-11-05,0.0,mpt,33041.0,33308.0,267.0,home,shop
30028_2022-11-05,1.0,mpt,35805.0,36404.0,599.0,shop,shop
30028_2022-11-05,2.0,mpt,38812.0,38887.0,75.0,shop,home
31295_2022-10-26,0.0,mpt,18442.0,18768.0,326.0,home,education
31295_2022-10-26,1.0,mpt,36223.0,36561.0,338.0,education,home
31295_2022-10-26,2.0,bike,40753.0,50236.0,9483.0,home,home
31085_2022-09-16,0.0,mpt,33281.0,33712.0,431.0,home,education
31085_2022-09-16,1.0,mpt,42391.0,43126.0,735.0,education,education
31085_2022-09-16,2.0,mpt,47434.0,48467.0,1033.0,education,education
31085_2022-09-16,3.0,mpt,49868.0,50865.0,997.0,education,education
31085_2022-09-16,4.0,mpt,51976.0,53574.0,1598.0,education,home
31044_2022-12-02,0.0,mpt,36214.0,37188.0,974.0,home,education
31044_2022-12-02,1.0,mpt,38031.0,38431.0,400.0,education,home
31044_2022-12-02,2.0,mpt,49000.0,49925.0,925.0,home,education
31044_2022-12-02,3.0,mpt,54689.0,56268.0,1579.0,education,home
30467_2022-08-03,0.0,mpt,27555.0,28662.0,1107.0,home,shop
30467_2022-08-03,1.0,mpt,29643.0,30602.0,959.0,shop,education
30467_2022-08-03,2.0,walk,31401.0,31815.0,414.0,education,education
30467_2022-08-03,3.0,walk,42510.0,42889.0,379.0,education,other
30467_2022-08-03,4.0,walk,44142.0,44462.0,320.0,other,work
30467_2022-08-03,5.0,walk,56436.0,56894.0,458.0,work,other
30467_2022-08-03,6.0,walk,57563.0,57601.0,38.0,other,other
30467_2022-08-03,7.0,walk,62723.0,62878.0,155.0,other,other
30467_2022-08-03,8.0,mpt,63980.0,66820.0,2840.0,other,other
30467_2022-08-03,9.0,mpt,68197.0,70320.0,2123.0,other,home
30316_2022-12-30,0.0,mpt,23613.0,25775.0,2162.0,home,home
30316_2022-12-30,1.0,mpt,38092.0,38460.0,368.0,home,education
30316_2022-12-30,2.0,mpt,41413.0,41711.0,298.0,education,home
30316_2022-12-30,3.0,walk,46960.0,49066.0,2106.0,home,shop
30316_2022-12-30,4.0,walk,50463.0,50614.0,151.0,shop,shop
30316_2022-12-30,5.0,walk,51963.0,52716.0,753.0,shop,shop
30316_2022-12-30,6.0,walk,53191.0,53325.0,134.0,shop,shop
30316_2022-12-30,7.0,pt,56420.0,59060.0,2640.0,shop,home
31112_2022-12-20,0.0,walk,23071.0,23117.0,46.0,home,education
31112_2022-12-20,1.0,mpt,29157.0,29511.0,354.0,education,education
31112_2022-12-20,2.0,mpt,39962.0,40303.0,341.0,education,home
31112_2022-12-20,3.0,mpt,44221.0,44630.0,409.0,home,education
31112_2022-12-20,4.0,mpt,59469.0,59790.0,321.0,education,home
31305_2022-10-26,0.0,pt,15841.0,17534.0,1693.0,home,education
31305_2022-10-26,1.0,pt,36034.0,37175.0,1141.0,education,home
30057_2022-08-21,0.0,mpt,23018.0,24696.0,1678.0,home,other
30057_2022-08-21,1.0,other,26281.0,26429.0,148.0,other,leisure
30057_2022-08-21,2.0,walk,32835.0,33001.0,166.0,leisure,leisure
30057_2022-08-21,3.0,mpt,35950.0,38368.0,2418.0,leisure,home
30057_2022-08-21,4.0,walk,41703.0,41743.0,40.0,home,home
30057_2022-08-21,5.0,bike,44363.0,49044.0,4681.0,home,leisure
30057_2022-08-21,6.0,walk,49421.0,49577.0,156.0,leisure,leisure
30057_2022-08-21,7.0,bike,50087.0,53702.0,3615.0,leisure,home
31313_2022-09-01,0.0,walk,55789.0,58015.0,2226.0,home,home
30502_2022-11-16,0.0,walk,40936.0,45250.0,4314.0,home,other
30502_2022-11-16,1.0,walk,45715.0,46509.0,794.0,other,home
31237_2022-12-06,0.0,mpt,26242.0,26568.0,326.0,home,education
31237_2022-12-06,1.0,mpt,45266.0,45669.0,403.0,education,home
31237_2022-12-06,2.0,mpt,47638.0,48257.0,619.0,home,home
31237_2022-12-06,3.0,pt,49255.0,49375.0,120.0,home,education
31237_2022-12-06,4.0,mpt,65170.0,65605.0,435.0,education,education
31237_2022-12-06,5.0,mpt,71626.0,71726.0,100.0,education,home
30903_2022-12-09,0.0,mpt,24528.0,27033.0,2505.0,home,education
30903_2022-12-09,1.0,mpt,50832.0,52059.0,1227.0,education,other
30903_2022-12-09,2.0,mpt,52692.0,54587.0,1895.0,other,home
30903_2022-12-09,3.0,mpt,64863.0,68006.0,3143.0,home,leisure
30903_2022-12-09,4.0,mpt,70009.0,73877.0,3868.0,leisure,home
31049_2022-11-21,0.0,pt,22375.0,26623.0,4248.0,home,work
31049_2022-11-21,1.0,pt,62769.0,67651.0,4882.0,work,home
30083_2022-12-09,0.0,pt,24018.0,24934.0,916.0,home,education
30083_2022-12-09,1.0,pt,38304.0,39528.0,1224.0,education,home
30083_2022-12-09,2.0,mpt,63359.0,65467.0,2108.0,home,leisure
30083_2022-12-09,3.0,pt,75660.0,76740.0,1080.0,leisure,other
30083_2022-12-09,4.0,pt,77143.0,77873.0,730.0,other,home
30011_2022-09-07,0.0,walk,53442.0,55219.0,1777.0,home,shop
30011_2022-09-07,1.0,pt,55771.0,56040.0,269.0,shop,other
30011_2022-09-07,2.0,pt,56731.0,58701.0,1970.0,other,leisure
30011_2022-09-07,3.0,pt,67302.0,67879.0,577.0,leisure,other
30011_2022-09-07,4.0,pt,68255.0,72471.0,4216.0,other,home
30180_2022-12-16,0.0,walk,21802.0,22817.0,1015.0,home,home
30180_2022-12-16,1.0,mpt,23189.0,24975.0,1786.0,home,other
30180_2022-12-16,2.0,mpt,27268.0,28593.0,1325.0,other,home
30180_2022-12-16,3.0,mpt,43588.0,45635.0,2047.0,home,education
30180_2022-12-16,4.0,mpt,58650.0,61225.0,2575.0,education,leisure
30180_2022-12-16,5.0,mpt,67695.0,70015.0,2320.0,leisure,home
30229_2022-09-22,0.0,walk,32436.0,32657.0,221.0,home,shop
30229_2022-09-22,1.0,pt,33032.0,34247.0,1215.0,shop,shop
30229_2022-09-22,2.0,walk,34674.0,34771.0,97.0,shop,shop
30229_2022-09-22,3.0,walk,37136.0,37610.0,474.0,shop,shop
30229_2022-09-22,4.0,pt,39067.0,43158.0,4091.0,shop,shop
30229_2022-09-22,5.0,walk,43999.0,44251.0,252.0,shop,shop
30229_2022-09-22,6.0,walk,45546.0,46020.0,474.0,shop,shop
30229_2022-09-22,7.0,walk,46404.0,47182.0,778.0,shop,home
30113_2022-11-23,0.0,mpt,25660.0,25789.0,129.0,home,other
30113_2022-11-23,1.0,pt,26158.0,26415.0,257.0,other,home
30113_2022-11-23,2.0,mpt,26891.0,27707.0,816.0,home,education
30113_2022-11-23,3.0,mpt,28270.0,30029.0,1759.0,education,other
30113_2022-11-23,4.0,walk,32853.0,33036.0,183.0,other,shop
30113_2022-11-23,5.0,mpt,33627.0,36555.0,2928.0,shop,home
30113_2022-11-23,6.0,mpt,38631.0,41579.0,2948.0,home,leisure
30113_2022-11-23,7.0,mpt,42817.0,43691.0,874.0,leisure,other
30113_2022-11-23,8.0,walk,44375.0,44986.0,611.0,other,shop
30113_2022-11-23,9.0,mpt,45888.0,46525.0,637.0,shop,leisure
30113_2022-11-23,10.0,mpt,47010.0,47366.0,356.0,leisure,home
30113_2022-11-23,11.0,walk,48937.0,49041.0,104.0,home,other
30113_2022-11-23,12.0,mpt,52730.0,55758.0,3028.0,other,home
30848_2022-11-24,0.0,mpt,39697.0,40819.0,1122.0,home,other
30848_2022-11-24,1.0,mpt,44832.0,46235.0,1403.0,other,home
30848_2022-11-24,2.0,mpt,59683.0,60293.0,610.0,home,home
30848_2022-11-24,3.0,mpt,65501.0,66183.0,682.0,home,other
30848_2022-11-24,4.0,mpt,72342.0,73057.0,715.0,other,home
30695_2022-11-04,0.0,bike,27173.0,27667.0,494.0,home,other
30695_2022-11-04,1.0,walk,29590.0,29614.0,24.0,other,home
31308_2022-09-07,0.0,walk,18593.0,19303.0,710.0,home,home
31308_2022-09-07,1.0,walk,33971.0,34529.0,558.0,home,home
31308_2022-09-07,2.0,mpt,35599.0,36478.0,879.0,home,shop
31308_2022-09-07,3.0,walk,37133.0,37286.0,153.0,shop,other
31308_2022-09-07,4.0,mpt,38053.0,38327.0,274.0,other,leisure
31308_2022-09-07,5.0,walk,40539.0,40671.0,132.0,leisure,shop
31308_2022-09-07,6.0,mpt,42939.0,43557.0,618.0,shop,home
31308_2022-09-07,7.0,mpt,44305.0,44734.0,429.0,home,other
31308_2022-09-07,8.0,mpt,46052.0,46376.0,324.0,other,home
31308_2022-09-07,9.0,walk,61356.0,61987.0,631.0,home,home
31196_2022-11-23,0.0,mpt,48495.0,48728.0,233.0,home,other
31196_2022-11-23,1.0,mpt,49579.0,49891.0,312.0,other,home
30945_2022-11-18,0.0,mpt,24179.0,24674.0,495.0,home,home
30945_2022-11-18,1.0,mpt,33715.0,34765.0,1050.0,home,leisure
30945_2022-11-18,2.0,mpt,38185.0,38835.0,650.0,leisure,home
30945_2022-11-18,3.0,mpt,55569.0,55699.0,130.0,home,other
30945_2022-11-18,4.0,mpt,56009.0,56159.0,150.0,other,home
30945_2022-11-18,5.0,mpt,59232.0,60155.0,923.0,home,home
30945_2022-11-18,6.0,mpt,61236.0,61701.0,465.0,home,other
30945_2022-11-18,7.0,mpt,62086.0,62141.0,55.0,other,other
30945_2022-11-18,8.0,mpt,62459.0,63835.0,1376.0,other,home
30190_2022-09-13,0.0,mpt,51797.0,55930.0,4133.0,home,leisure
30190_2022-09-13,1.0,mpt,60427.0,62978.0,2551.0,leisure,leisure
30190_2022-09-13,2.0,mpt,75316.0,76887.0,1571.0,leisure,home
31101_2022-11-09,0.0,mpt,45876.0,46358.0,482.0,home,shop
31101_2022-11-09,1.0,mpt,46779.0,47087.0,308.0,shop,shop
31101_2022-11-09,2.0,mpt,49649.0,50391.0,742.0,shop,shop
31101_2022-11-09,3.0,walk,51234.0,51506.0,272.0,shop,shop
31101_2022-11-09,4.0,mpt,51914.0,52989.0,1075.0,shop,home
31101_2022-11-09,5.0,walk,70837.0,72293.0,1456.0,home,home
30720_2022-12-15,0.0,pt,20529.0,21173.0,644.0,home,other
30720_2022-12-15,1.0,pt,21738.0,25018.0,3280.0,other,education
30720_2022-12-15,2.0,walk,26699.0,28711.0,2012.0,education,education
30720_2022-12-15,3.0,walk,30949.0,31057.0,108.0,education,education
30720_2022-12-15,4.0,walk,32806.0,32967.0,161.0,education,education
30720_2022-12-15,5.0,walk,33520.0,33674.0,154.0,education,education
30720_2022-12-15,6.0,walk,34054.0,34503.0,449.0,education,education
30720_2022-12-15,7.0,walk,35848.0,36053.0,205.0,education,education
30720_2022-12-15,8.0,walk,37467.0,37523.0,56.0,education,education
30720_2022-12-15,9.0,walk,38302.0,38358.0,56.0,education,work
30720_2022-12-15,10.0,walk,44312.0,44444.0,132.0,work,education
30720_2022-12-15,11.0,walk,45881.0,46743.0,862.0,education,education
30720_2022-12-15,12.0,pt,53886.0,56771.0,2885.0,education,other
30720_2022-12-15,13.0,other,57532.0,60351.0,2819.0,other,other
30720_2022-12-15,14.0,pt,60805.0,61989.0,1184.0,other,other
30720_2022-12-15,15.0,pt,62504.0,64343.0,1839.0,other,other
30720_2022-12-15,16.0,pt,65370.0,65831.0,461.0,other,home
31146_2022-09-30,0.0,mpt,20199.0,21748.0,1549.0,home,education
31146_2022-09-30,1.0,mpt,60368.0,63350.0,2982.0,education,leisure
31146_2022-09-30,2.0,mpt,68831.0,69369.0,538.0,leisure,home
30785_2022-11-30,0.0,walk,26856.0,27042.0,186.0,home,home
30785_2022-11-30,1.0,mpt,44007.0,44835.0,828.0,home,education
30785_2022-11-30,2.0,mpt,49751.0,50691.0,940.0,education,home
30617_2022-11-19,0.0,mpt,32596.0,34701.0,2105.0,home,shop
30617_2022-11-19,1.0,walk,35606.0,36385.0,779.0,shop,shop
30617_2022-11-19,2.0,mpt,37710.0,40338.0,2628.0,shop,home
30617_2022-11-19,3.0,pt,60405.0,61270.0,865.0,home,home
30741_2022-11-14,0.0,walk,22089.0,22420.0,331.0,other,education
30741_2022-11-14,1.0,pt,22907.0,27356.0,4449.0,education,education
30741_2022-11-14,2.0,walk,43143.0,43286.0,143.0,education,education
30741_2022-11-14,3.0,walk,55955.0,56214.0,259.0,education,education
30741_2022-11-14,4.0,walk,56590.0,56641.0,51.0,education,education
30741_2022-11-14,5.0,pt,57797.0,61997.0,4200.0,education,work
30657_2022-11-07,0.0,walk,41950.0,42558.0,608.0,home,education
30657_2022-11-07,1.0,walk,68936.0,69046.0,110.0,education,home
30486_2022-11-19,0.0,mpt,27767.0,29103.0,1336.0,home,shop
30486_2022-11-19,1.0,mpt,29477.0,29616.0,139.0,shop,home
30486_2022-11-19,2.0,mpt,64062.0,67554.0,3492.0,home,leisure
30486_2022-11-19,3.0,mpt,73439.0,76027.0,2588.0,leisure,home
30741_2022-12-05,0.0,pt,22314.0,27265.0,4951.0,other,education
30741_2022-12-05,1.0,walk,55381.0,55519.0,138.0,education,other
30741_2022-12-05,2.0,pt,55985.0,60079.0,4094.0,other,other
30741_2022-12-05,3.0,walk,67740.0,68908.0,1168.0,other,work
30444_2022-08-30,0.0,mpt,51403.0,52056.0,653.0,home,shop
30444_2022-08-30,1.0,walk,53274.0,53767.0,493.0,shop,shop
30444_2022-08-30,2.0,mpt,54689.0,55463.0,774.0,shop,home
30444_2022-08-30,3.0,walk,56694.0,56970.0,276.0,home,other
30444_2022-08-30,4.0,walk,57877.0,58286.0,409.0,other,home
30433_2022-11-04,0.0,mpt,46748.0,48095.0,1347.0,home,leisure
30433_2022-11-04,1.0,mpt,49415.0,49723.0,308.0,leisure,education
30433_2022-11-04,2.0,mpt,56240.0,58009.0,1769.0,education,leisure
30433_2022-11-04,3.0,mpt,65911.0,67159.0,1248.0,leisure,leisure
30433_2022-11-04,4.0,mpt,75823.0,76655.0,832.0,leisure,home
30403_2022-12-09,0.0,mpt,21400.0,21875.0,475.0,home,education
30403_2022-12-09,1.0,mpt,37309.0,37742.0,433.0,education,home
30403_2022-12-09,2.0,mpt,62533.0,65078.0,2545.0,home,home
31000_2022-12-23,0.0,mpt,27941.0,28235.0,294.0,home,other
31000_2022-12-23,1.0,walk,30705.0,31095.0,390.0,other,shop
31000_2022-12-23,2.0,mpt,32554.0,32774.0,220.0,shop,home
31000_2022-12-23,3.0,mpt,57586.0,58474.0,888.0,home,other
31000_2022-12-23,4.0,mpt,59861.0,60874.0,1013.0,other,home
30706_2022-11-03,0.0,bike,23639.0,24003.0,364.0,home,education
30706_2022-11-03,1.0,walk,27553.0,28379.0,826.0,education,education
30706_2022-11-03,2.0,pt,28833.0,29822.0,989.0,education,work
30706_2022-11-03,3.0,walk,36927.0,37142.0,215.0,work,education
30706_2022-11-03,4.0,pt,37543.0,39141.0,1598.0,education,education
30706_2022-11-03,5.0,bike,43086.0,43461.0,375.0,education,home
30706_2022-11-03,6.0,mpt,45629.0,46935.0,1306.0,home,shop
30706_2022-11-03,7.0,mpt,48329.0,49064.0,735.0,shop,shop
30706_2022-11-03,8.0,mpt,51703.0,54721.0,3018.0,shop,home
30140_2022-11-18,0.0,walk,24576.0,26713.0,2137.0,home,home
30140_2022-11-18,1.0,walk,61711.0,64191.0,2480.0,home,home
30140_2022-11-18,2.0,mpt,68377.0,69702.0,1325.0,home,home
31196_2022-11-15,0.0,bike,27084.0,28032.0,948.0,home,education
31196_2022-11-15,1.0,bike,57439.0,58648.0,1209.0,education,home
30670_2022-12-16,0.0,walk,23175.0,23375.0,200.0,home,other
30670_2022-12-16,1.0,pt,23853.0,25192.0,1339.0,other,home
30670_2022-12-16,2.0,mpt,28077.0,29875.0,1798.0,home,home
30670_2022-12-16,3.0,walk,32484.0,32541.0,57.0,home,home
30670_2022-12-16,4.0,mpt,35457.0,37461.0,2004.0,home,other
30670_2022-12-16,5.0,pt,38057.0,39951.0,1894.0,other,home
30670_2022-12-16,6.0,mpt,66099.0,68484.0,2385.0,home,leisure
30670_2022-12-16,7.0,walk,70074.0,70234.0,160.0,leisure,leisure
30670_2022-12-16,8.0,mpt,76395.0,78644.0,2249.0,leisure,home
31044_2022-12-01,0.0,mpt,22168.0,25095.0,2927.0,home,other
31044_2022-12-01,1.0,mpt,27405.0,29466.0,2061.0,other,home
31044_2022-12-01,2.0,mpt,33247.0,33389.0,142.0,home,other
31044_2022-12-01,3.0,mpt,36033.0,36727.0,694.0,other,home
30388_2022-12-07,0.0,pt,26849.0,28051.0,1202.0,home,leisure
30388_2022-12-07,1.0,pt,28478.0,29800.0,1322.0,leisure,work
30388_2022-12-07,2.0,walk,61631.0,63261.0,1630.0,work,home
30278_2022-12-08,0.0,mpt,28745.0,33573.0,4828.0,home,education
30278_2022-12-08,1.0,mpt,43071.0,43868.0,797.0,education,home
30278_2022-12-08,2.0,walk,54284.0,54734.0,450.0,home,leisure
30278_2022-12-08,3.0,walk,56294.0,56719.0,425.0,leisure,leisure
30278_2022-12-08,4.0,mpt,60042.0,66526.0,6484.0,leisure,home
31027_2022-12-06,0.0,walk,25325.0,28345.0,3020.0,home,home
31295_2022-10-25,0.0,mpt,19527.0,19891.0,364.0,home,education
31295_2022-10-25,1.0,mpt,35080.0,35429.0,349.0,education,shop
31295_2022-10-25,2.0,mpt,36636.0,36929.0,293.0,shop,home
30316_2023-01-06,0.0,mpt,43942.0,44125.0,183.0,home,home
30316_2023-01-06,1.0,walk,44509.0,44984.0,475.0,home,home
30316_2023-01-06,2.0,mpt,56731.0,57270.0,539.0,home,leisure
30316_2023-01-06,3.0,mpt,59586.0,61168.0,1582.0,leisure,home
30435_2022-12-13,0.0,mpt,29797.0,30434.0,637.0,home,home
30435_2022-12-13,1.0,bike,31285.0,33563.0,2278.0,home,home
30435_2022-12-13,2.0,mpt,45873.0,51125.0,5252.0,home,shop
30435_2022-12-13,3.0,mpt,53257.0,54024.0,767.0,shop,home
30435_2022-12-13,4.0,walk,74630.0,75488.0,858.0,home,home
30083_2022-12-14,0.0,bike,42337.0,42788.0,451.0,home,education
30083_2022-12-14,1.0,walk,56629.0,56753.0,124.0,education,leisure
30083_2022-12-14,2.0,walk,59459.0,60328.0,869.0,leisure,shop
30083_2022-12-14,3.0,walk,60776.0,61255.0,479.0,shop,shop
30083_2022-12-14,4.0,pt,61825.0,63080.0,1255.0,shop,home
31186_2022-11-09,0.0,mpt,29203.0,29781.0,578.0,home,shop
31186_2022-11-09,1.0,walk,30753.0,30788.0,35.0,shop,shop
31186_2022-11-09,2.0,mpt,33992.0,34508.0,516.0,shop,home
30068_2022-11-28,0.0,mpt,18870.0,20799.0,1929.0,home,work
30068_2022-11-28,1.0,mpt,56013.0,57656.0,1643.0,work,home
30116_2022-08-07,0.0,walk,32950.0,34465.0,1515.0,home,home
30116_2022-08-07,1.0,walk,35012.0,35024.0,12.0,home,home
30433_2022-11-24,0.0,walk,53110.0,53664.0,554.0,home,home
30433_2022-11-24,1.0,mpt,61397.0,61766.0,369.0,home,home
30433_2022-11-24,2.0,mpt,63455.0,63950.0,495.0,home,leisure
30433_2022-11-24,3.0,mpt,69176.0,69645.0,469.0,leisure,home
30009_2022-10-05,0.0,mpt,17989.0,20460.0,2471.0,home,work
30009_2022-10-05,1.0,mpt,57039.0,59447.0,2408.0,work,home
31229_2022-11-01,0.0,walk,57466.0,57530.0,64.0,home,home
30064_2023-01-09,0.0,walk,30824.0,31250.0,426.0,home,work
30064_2023-01-09,1.0,walk,38293.0,38614.0,321.0,work,home
30064_2023-01-09,2.0,walk,64096.0,64430.0,334.0,home,leisure
30064_2023-01-09,3.0,walk,68909.0,69147.0,238.0,leisure,home
30339_2022-12-16,0.0,mpt,33587.0,36412.0,2825.0,home,shop
30339_2022-12-16,1.0,mpt,38558.0,38973.0,415.0,shop,home
30339_2022-12-16,2.0,mpt,62140.0,62545.0,405.0,home,leisure
30339_2022-12-16,3.0,mpt,80168.0,80468.0,300.0,leisure,home
30318_2022-08-30,0.0,mpt,15076.0,16474.0,1398.0,home,education
30318_2022-08-30,1.0,walk,23254.0,23369.0,115.0,education,education
30318_2022-08-30,2.0,mpt,37527.0,38678.0,1151.0,education,home
30318_2022-08-30,3.0,mpt,59170.0,59615.0,445.0,home,leisure
30318_2022-08-30,4.0,mpt,61472.0,61610.0,138.0,leisure,leisure
30318_2022-08-30,5.0,walk,66506.0,66588.0,82.0,leisure,leisure
30318_2022-08-30,6.0,walk,70911.0,71083.0,172.0,leisure,leisure
30318_2022-08-30,7.0,mpt,76394.0,76717.0,323.0,leisure,home
30822_2022-12-16,0.0,walk,33201.0,33483.0,282.0,home,other
30822_2022-12-16,1.0,walk,34192.0,34796.0,604.0,other,home
30822_2022-12-16,2.0,mpt,60539.0,61790.0,1251.0,home,home
30822_2022-12-16,3.0,mpt,74215.0,75128.0,913.0,home,home
31288_2022-12-06,0.0,walk,21579.0,22608.0,1029.0,home,work
31288_2022-12-06,1.0,walk,58296.0,59431.0,1135.0,work,home
30140_2022-11-16,0.0,walk,23816.0,25855.0,2039.0,home,home
30872_2022-12-01,0.0,mpt,38098.0,39414.0,1316.0,home,home
30872_2022-12-01,1.0,mpt,50075.0,50896.0,821.0,home,shop
30872_2022-12-01,2.0,mpt,54635.0,55778.0,1143.0,shop,home
30136_2022-11-15,0.0,pt,21808.0,26359.0,4551.0,home,education
30136_2022-11-15,1.0,walk,40451.0,41019.0,568.0,education,education
30136_2022-11-15,2.0,pt,57786.0,58680.0,894.0,education,other
30136_2022-11-15,3.0,pt,59689.0,62590.0,2901.0,other,home
30136_2022-11-15,4.0,mpt,71728.0,72581.0,853.0,home,home
31234_2022-10-14,0.0,walk,19929.0,20497.0,568.0,home,home
31163_2022-11-02,0.0,pt,20010.0,22689.0,2679.0,home,work
31163_2022-11-02,1.0,walk,49995.0,50280.0,285.0,work,education
31163_2022-11-02,2.0,pt,54865.0,57327.0,2462.0,education,home
30229_2022-09-13,0.0,pt,34710.0,35299.0,589.0,home,shop
30229_2022-09-13,1.0,walk,37616.0,37752.0,136.0,shop,home
30229_2022-09-13,2.0,walk,41612.0,42322.0,710.0,home,home
31171_2022-10-21,0.0,mpt,56003.0,59889.0,3886.0,home,leisure
31171_2022-10-21,1.0,walk,60698.0,60742.0,44.0,leisure,leisure
31171_2022-10-21,2.0,walk,84039.0,84686.0,647.0,leisure,leisure
31171_2022-10-21,3.0,mpt,85056.0,86399.0,1343.0,leisure,
31027_2022-12-02,0.0,walk,22911.0,28440.0,5529.0,home,home
31027_2022-12-02,1.0,walk,42999.0,44657.0,1658.0,home,education
31027_2022-12-02,2.0,walk,49907.0,50475.0,568.0,education,home
31027_2022-12-02,3.0,bike,61168.0,61911.0,743.0,home,home
31027_2022-12-02,4.0,walk,75922.0,76174.0,252.0,home,home
30401_2022-11-24,0.0,bike,30251.0,30901.0,650.0,home,leisure
30401_2022-11-24,1.0,bike,36483.0,36820.0,337.0,leisure,home
30401_2022-11-24,2.0,bike,52041.0,52309.0,268.0,home,education
30401_2022-11-24,3.0,bike,62352.0,62761.0,409.0,education,home
30401_2022-11-24,4.0,bike,67219.0,67467.0,248.0,home,leisure
30401_2022-11-24,5.0,bike,73792.0,73972.0,180.0,leisure,home
30450_2022-09-12,0.0,walk,57252.0,57643.0,391.0,work,work
30989_2022-12-21,0.0,walk,39765.0,40406.0,641.0,home,home
30989_2022-12-21,1.0,mpt,64283.0,67425.0,3142.0,home,other
30989_2022-12-21,2.0,mpt,72732.0,73848.0,1116.0,other,home
30243_2022-09-05,0.0,mpt,19519.0,21552.0,2033.0,home,home
30243_2022-09-05,1.0,mpt,35843.0,39636.0,3793.0,home,home
30467_2022-08-16,0.0,bike,21333.0,22104.0,771.0,home,education
30467_2022-08-16,1.0,walk,34969.0,35035.0,66.0,education,work
30467_2022-08-16,2.0,bike,55250.0,55813.0,563.0,work,other
30467_2022-08-16,3.0,mpt,56438.0,58617.0,2179.0,other,home
30467_2022-08-16,4.0,mpt,72739.0,75203.0,2464.0,home,home
30544_2022-10-29,0.0,walk,33848.0,36517.0,2669.0,home,shop
30544_2022-10-29,1.0,walk,40356.0,41654.0,1298.0,shop,home
30544_2022-10-29,2.0,walk,43414.0,44004.0,590.0,home,shop
30544_2022-10-29,3.0,walk,45991.0,46684.0,693.0,shop,home
30544_2022-10-29,4.0,walk,48067.0,48392.0,325.0,home,home
30690_2022-08-28,0.0,walk,43143.0,43251.0,108.0,home,other
30690_2022-08-28,1.0,walk,43676.0,44565.0,889.0,other,leisure
30690_2022-08-28,2.0,mpt,47460.0,51060.0,3600.0,leisure,home
30690_2022-08-28,3.0,mpt,69872.0,73371.0,3499.0,home,home
30433_2022-11-28,0.0,mpt,20401.0,21836.0,1435.0,home,education
30433_2022-11-28,1.0,walk,28798.0,29373.0,575.0,education,education
30433_2022-11-28,2.0,walk,29761.0,30043.0,282.0,education,education
30433_2022-11-28,3.0,walk,34663.0,34782.0,119.0,education,education
30433_2022-11-28,4.0,walk,42190.0,42751.0,561.0,education,education
30433_2022-11-28,5.0,walk,46589.0,46773.0,184.0,education,education
30433_2022-11-28,6.0,walk,54070.0,54219.0,149.0,education,education
30433_2022-11-28,7.0,mpt,54988.0,56975.0,1987.0,education,home
31101_2022-11-03,0.0,walk,74342.0,76831.0,2489.0,home,home
30896_2022-09-14,0.0,mpt,17748.0,20722.0,2974.0,home,education
30896_2022-09-14,1.0,walk,21324.0,23069.0,1745.0,education,education
30896_2022-09-14,2.0,walk,34125.0,35345.0,1220.0,education,shop
30896_2022-09-14,3.0,walk,35737.0,36921.0,1184.0,shop,home
30896_2022-09-14,4.0,mpt,37756.0,40784.0,3028.0,home,home
30724_2022-10-22,0.0,walk,48636.0,49926.0,1290.0,home,shop
30724_2022-10-22,1.0,walk,52133.0,52279.0,146.0,shop,other
30724_2022-10-22,2.0,walk,53058.0,53552.0,494.0,other,shop
30724_2022-10-22,3.0,walk,55055.0,55693.0,638.0,shop,home
30053_2022-11-01,0.0,mpt,20101.0,21977.0,1876.0,home,work
30053_2022-11-01,1.0,mpt,62538.0,63431.0,893.0,work,other
30053_2022-11-01,2.0,mpt,64128.0,66106.0,1978.0,other,leisure
30053_2022-11-01,3.0,mpt,67145.0,67500.0,355.0,leisure,home
30530_2022-09-11,0.0,pt,25894.0,28324.0,2430.0,home,other
30530_2022-09-11,1.0,walk,29501.0,36079.0,6578.0,other,leisure
30530_2022-09-11,2.0,pt,37259.0,41461.0,4202.0,leisure,home
30530_2022-09-11,3.0,pt,60076.0,64890.0,4814.0,home,home
31080_2022-09-22,0.0,walk,59470.0,60262.0,792.0,home,leisure
31080_2022-09-22,1.0,walk,62943.0,63283.0,340.0,leisure,home
30284_2022-09-03,0.0,mpt,41105.0,41180.0,75.0,home,home
30284_2022-09-03,1.0,mpt,41840.0,42025.0,185.0,home,shop
30284_2022-09-03,2.0,mpt,43694.0,43971.0,277.0,shop,home
30760_2022-11-28,0.0,pt,46624.0,49165.0,2541.0,home,education
30760_2022-11-28,1.0,walk,56046.0,56329.0,283.0,education,education
30760_2022-11-28,2.0,pt,65797.0,68624.0,2827.0,education,home
30439_2022-11-24,0.0,walk,49329.0,50106.0,777.0,home,home
30439_2022-11-24,1.0,walk,58841.0,59603.0,762.0,home,other
30439_2022-11-24,2.0,walk,60013.0,60672.0,659.0,other,leisure
30439_2022-11-24,3.0,mpt,64385.0,64581.0,196.0,leisure,shop
30439_2022-11-24,4.0,mpt,65279.0,65612.0,333.0,shop,home
30511_2022-09-22,0.0,mpt,18277.0,19281.0,1004.0,home,education
30511_2022-09-22,1.0,mpt,29108.0,29973.0,865.0,education,shop
30511_2022-09-22,2.0,walk,30513.0,30829.0,316.0,shop,home
30511_2022-09-22,3.0,mpt,40092.0,41488.0,1396.0,home,leisure
30511_2022-09-22,4.0,mpt,42047.0,43164.0,1117.0,leisure,leisure
30511_2022-09-22,5.0,mpt,48231.0,48734.0,503.0,leisure,home
30511_2022-09-22,6.0,mpt,53407.0,55449.0,2042.0,home,work
30511_2022-09-22,7.0,mpt,60473.0,60797.0,324.0,work,other
30511_2022-09-22,8.0,mpt,61807.0,63308.0,1501.0,other,home
30063_2022-09-12,0.0,bike,40353.0,41016.0,663.0,home,education
30063_2022-09-12,1.0,walk,50444.0,50677.0,233.0,education,education
30063_2022-09-12,2.0,walk,54332.0,55459.0,1127.0,education,home
30699_2022-11-16,0.0,walk,40978.0,42133.0,1155.0,home,home
30699_2022-11-16,1.0,walk,45263.0,46139.0,876.0,home,home
30699_2022-11-16,2.0,pt,60103.0,62221.0,2118.0,home,home
31293_2022-11-02,0.0,walk,35772.0,42556.0,6784.0,home,home
31293_2022-11-02,1.0,mpt,43192.0,44030.0,838.0,home,shop
31293_2022-11-02,2.0,mpt,46074.0,46459.0,385.0,shop,home
31293_2022-11-02,3.0,mpt,59351.0,60560.0,1209.0,home,leisure
31293_2022-11-02,4.0,mpt,61477.0,63236.0,1759.0,leisure,home
31084_2022-10-28,0.0,other,50051.0,51362.0,1311.0,home,other
31084_2022-10-28,1.0,walk,52510.0,54361.0,1851.0,other,home
30010_2022-11-02,0.0,pt,23588.0,24692.0,1104.0,home,leisure
30010_2022-11-02,1.0,pt,30536.0,32185.0,1649.0,leisure,home
30010_2022-11-02,2.0,walk,44489.0,44704.0,215.0,home,home
30010_2022-11-02,3.0,walk,49041.0,51080.0,2039.0,home,home
30433_2022-11-17,0.0,mpt,62216.0,62675.0,459.0,home,leisure
30433_2022-11-17,1.0,mpt,67570.0,68168.0,598.0,leisure,home
30169_2022-10-12,0.0,mpt,44642.0,45949.0,1307.0,home,other
30169_2022-10-12,1.0,mpt,48401.0,50396.0,1995.0,other,home
30099_2022-09-01,0.0,bike,22303.0,23949.0,1646.0,home,work
30099_2022-09-01,1.0,bike,42834.0,44070.0,1236.0,work,home
30099_2022-09-01,2.0,mpt,49143.0,49318.0,175.0,home,shop
30099_2022-09-01,3.0,mpt,51723.0,52228.0,505.0,shop,home
30685_2022-11-15,0.0,walk,55501.0,59644.0,4143.0,home,shop
30685_2022-11-15,1.0,walk,60446.0,60867.0,421.0,shop,leisure
30685_2022-11-15,2.0,walk,63509.0,63970.0,461.0,leisure,leisure
30685_2022-11-15,3.0,pt,73866.0,74292.0,426.0,leisure,other
30685_2022-11-15,4.0,pt,74821.0,75695.0,874.0,other,home
31034_2022-10-18,0.0,mpt,17712.0,20502.0,2790.0,home,education
31034_2022-10-18,1.0,mpt,39654.0,40789.0,1135.0,education,shop
31034_2022-10-18,2.0,mpt,42480.0,43872.0,1392.0,shop,home
31034_2022-10-18,3.0,mpt,58884.0,60105.0,1221.0,home,leisure
31034_2022-10-18,4.0,mpt,65180.0,65848.0,668.0,leisure,home
30388_2022-12-10,0.0,walk,54765.0,55511.0,746.0,home,shop
30388_2022-12-10,1.0,walk,56127.0,56715.0,588.0,shop,home
30099_2022-09-10,0.0,mpt,33064.0,35307.0,2243.0,home,leisure
30099_2022-09-10,1.0,walk,38116.0,40737.0,2621.0,leisure,leisure
30099_2022-09-10,2.0,walk,42599.0,43474.0,875.0,leisure,leisure
30099_2022-09-10,3.0,other,43962.0,47105.0,3143.0,leisure,home
30294_2023-01-11,0.0,walk,32186.0,32556.0,370.0,home,other
30294_2023-01-11,1.0,walk,32974.0,33040.0,66.0,other,home
30294_2023-01-11,2.0,walk,47189.0,49746.0,2557.0,home,home
30294_2023-01-11,3.0,mpt,52762.0,53251.0,489.0,home,home
30294_2023-01-11,4.0,mpt,57606.0,57908.0,302.0,home,shop
30294_2023-01-11,5.0,mpt,61270.0,61554.0,284.0,shop,home
30294_2023-01-11,6.0,walk,65863.0,66998.0,1135.0,home,home
30168_2022-09-12,0.0,mpt,31678.0,32138.0,460.0,home,leisure
30168_2022-09-12,1.0,mpt,38240.0,38639.0,399.0,leisure,home
30168_2022-09-12,2.0,walk,52578.0,55936.0,3358.0,home,home
30317_2022-11-08,0.0,pt,17035.0,19255.0,2220.0,home,other
30317_2022-11-08,1.0,pt,20046.0,24854.0,4808.0,other,education
30317_2022-11-08,2.0,pt,44858.0,46419.0,1561.0,education,other
30317_2022-11-08,3.0,pt,47008.0,53126.0,6118.0,other,home
30177_2022-10-31,0.0,walk,36675.0,37001.0,326.0,home,other
30177_2022-10-31,1.0,walk,40160.0,40519.0,359.0,other,home
30177_2022-10-31,2.0,pt,44751.0,45111.0,360.0,home,other
30177_2022-10-31,3.0,pt,45519.0,47471.0,1952.0,other,education
30177_2022-10-31,4.0,pt,60258.0,63011.0,2753.0,education,home
31010_2022-10-23,0.0,mpt,56541.0,58227.0,1686.0,home,leisure
31010_2022-10-23,1.0,mpt,68782.0,70481.0,1699.0,leisure,home
30803_2022-12-20,0.0,mpt,60352.0,61235.0,883.0,home,leisure
30803_2022-12-20,1.0,mpt,70078.0,71037.0,959.0,leisure,home
30148_2022-12-30,0.0,bike,39264.0,39991.0,727.0,home,work
30148_2022-12-30,1.0,bike,64093.0,66320.0,2227.0,work,home
30670_2022-12-22,0.0,walk,26640.0,27060.0,420.0,home,work
30670_2022-12-22,1.0,walk,42655.0,42968.0,313.0,work,home
30670_2022-12-22,2.0,walk,46191.0,46812.0,621.0,home,leisure
30670_2022-12-22,3.0,walk,50497.0,51720.0,1223.0,leisure,education
30670_2022-12-22,4.0,walk,57375.0,57516.0,141.0,education,education
30670_2022-12-22,5.0,walk,60017.0,60141.0,124.0,education,education
30670_2022-12-22,6.0,walk,70711.0,70971.0,260.0,education,home
30464_2022-12-23,0.0,mpt,29397.0,29967.0,570.0,home,shop
30464_2022-12-23,1.0,walk,30379.0,30609.0,230.0,shop,shop
30464_2022-12-23,2.0,mpt,30989.0,31353.0,364.0,shop,leisure
30464_2022-12-23,3.0,mpt,32223.0,35035.0,2812.0,leisure,home
31260_2022-11-18,0.0,pt,47020.0,49818.0,2798.0,home,other
31260_2022-11-18,1.0,pt,50950.0,52605.0,1655.0,other,work
31260_2022-11-18,2.0,pt,77748.0,82916.0,5168.0,work,home
30657_2022-11-23,0.0,pt,20999.0,25568.0,4569.0,home,education
30657_2022-11-23,1.0,walk,32730.0,33008.0,278.0,education,work
30657_2022-11-23,2.0,walk,39744.0,40002.0,258.0,work,home
30657_2022-11-23,3.0,walk,42420.0,42713.0,293.0,home,education
30657_2022-11-23,4.0,pt,55912.0,57240.0,1328.0,education,home
30657_2022-11-23,5.0,pt,57777.0,59036.0,1259.0,home,other
30657_2022-11-23,6.0,pt,59527.0,63610.0,4083.0,other,home
30830_2022-11-24,0.0,pt,19883.0,21112.0,1229.0,home,education
30830_2022-11-24,1.0,walk,38212.0,38393.0,181.0,education,other
30830_2022-11-24,2.0,walk,39473.0,39515.0,42.0,other,work
30830_2022-11-24,3.0,pt,57527.0,59303.0,1776.0,work,home
30932_2022-11-08,0.0,bike,23684.0,25008.0,1324.0,home,education
30932_2022-11-08,1.0,walk,41071.0,41269.0,198.0,education,home
30932_2022-11-08,2.0,walk,42156.0,42788.0,632.0,home,education
30932_2022-11-08,3.0,bike,63484.0,64198.0,714.0,education,shop
30932_2022-11-08,4.0,walk,64931.0,65237.0,306.0,shop,home
30281_2022-12-13,0.0,pt,20783.0,24810.0,4027.0,home,work
30281_2022-12-13,1.0,pt,57020.0,58844.0,1824.0,work,home
30310_2022-09-19,0.0,mpt,39443.0,43864.0,4421.0,home,other
30310_2022-09-19,1.0,mpt,44406.0,44455.0,49.0,other,other
30310_2022-09-19,2.0,mpt,45135.0,46433.0,1298.0,other,home
30310_2022-09-19,3.0,mpt,51543.0,52045.0,502.0,home,shop
30310_2022-09-19,4.0,mpt,54125.0,54912.0,787.0,shop,home
30561_2022-11-17,0.0,mpt,62885.0,62940.0,55.0,home,home
31029_2022-12-18,0.0,pt,36908.0,38275.0,1367.0,home,other
31029_2022-12-18,1.0,pt,38751.0,39548.0,797.0,other,home
31029_2022-12-18,2.0,mpt,48765.0,49167.0,402.0,home,leisure
31029_2022-12-18,3.0,pt,55149.0,55921.0,772.0,leisure,other
31029_2022-12-18,4.0,pt,56530.0,57529.0,999.0,other,home
30236_2022-10-17,0.0,walk,20426.0,23670.0,3244.0,home,home
30417_2022-10-10,0.0,pt,57095.0,57332.0,237.0,home,other
30417_2022-10-10,1.0,pt,57732.0,60760.0,3028.0,other,other
30417_2022-10-10,2.0,pt,61332.0,62416.0,1084.0,other,other
30417_2022-10-10,3.0,walk,63003.0,63076.0,73.0,other,leisure
30417_2022-10-10,4.0,pt,73600.0,74790.0,1190.0,leisure,other
30417_2022-10-10,5.0,pt,75160.0,81662.0,6502.0,other,home
31274_2022-12-11,0.0,walk,32899.0,34814.0,1915.0,home,leisure
31274_2022-12-11,1.0,walk,35266.0,39373.0,4107.0,leisure,leisure
31274_2022-12-11,2.0,walk,39761.0,42895.0,3134.0,leisure,other
31274_2022-12-11,3.0,mpt,43302.0,51081.0,7779.0,other,other
31274_2022-12-11,4.0,walk,51860.0,52354.0,494.0,other,leisure
31274_2022-12-11,5.0,walk,68139.0,69615.0,1476.0,leisure,leisure
31274_2022-12-11,6.0,walk,72759.0,73250.0,491.0,leisure,home
31161_2022-12-09,0.0,mpt,43220.0,44439.0,1219.0,home,education
31161_2022-12-09,1.0,mpt,64105.0,65020.0,915.0,education,home
30114_2022-11-11,0.0,walk,52419.0,54143.0,1724.0,home,shop
30114_2022-11-11,1.0,walk,54621.0,54756.0,135.0,shop,shop
30114_2022-11-11,2.0,walk,55294.0,56375.0,1081.0,shop,home
31163_2022-10-21,0.0,pt,16367.0,18852.0,2485.0,home,work
31163_2022-10-21,1.0,pt,50989.0,53869.0,2880.0,work,other
31163_2022-10-21,2.0,mpt,55405.0,56254.0,849.0,other,shop
31163_2022-10-21,3.0,walk,58217.0,58257.0,40.0,shop,shop
31163_2022-10-21,4.0,mpt,58945.0,60763.0,1818.0,shop,home
30010_2022-11-24,0.0,pt,25408.0,27326.0,1918.0,home,leisure
30010_2022-11-24,1.0,pt,29315.0,30231.0,916.0,leisure,shop
30010_2022-11-24,2.0,pt,30955.0,32143.0,1188.0,shop,home
30444_2022-09-12,0.0,walk,39537.0,40075.0,538.0,home,leisure
30444_2022-09-12,1.0,walk,43026.0,43606.0,580.0,leisure,other
30444_2022-09-12,2.0,walk,50187.0,50533.0,346.0,other,home
30370_2022-09-06,0.0,walk,54258.0,54569.0,311.0,home,home
30399_2022-12-09,0.0,mpt,45211.0,45899.0,688.0,home,other
30399_2022-12-09,1.0,mpt,46333.0,46478.0,145.0,other,other
30399_2022-12-09,2.0,mpt,47145.0,57679.0,10534.0,other,other
30399_2022-12-09,3.0,walk,59897.0,62598.0,2701.0,other,other
30399_2022-12-09,4.0,walk,63640.0,63958.0,318.0,other,leisure
30399_2022-12-09,5.0,walk,69284.0,69900.0,616.0,leisure,leisure
30399_2022-12-09,6.0,walk,72772.0,73660.0,888.0,leisure,leisure
30399_2022-12-09,7.0,walk,74832.0,75985.0,1153.0,leisure,leisure
30399_2022-12-09,8.0,walk,76636.0,77304.0,668.0,leisure,leisure
30399_2022-12-09,9.0,pt,79299.0,79558.0,259.0,leisure,other
30012_2022-08-10,0.0,mpt,22736.0,24299.0,1563.0,home,education
30012_2022-08-10,1.0,walk,34370.0,36020.0,1650.0,education,leisure
30012_2022-08-10,2.0,pt,40652.0,41199.0,547.0,leisure,education
30012_2022-08-10,3.0,mpt,55570.0,59024.0,3454.0,education,home
30012_2022-08-10,4.0,walk,62677.0,62747.0,70.0,home,home
30349_2022-10-12,0.0,pt,18170.0,20251.0,2081.0,home,other
30349_2022-10-12,1.0,pt,20583.0,21262.0,679.0,other,education
30349_2022-10-12,2.0,walk,27929.0,28342.0,413.0,education,home
30349_2022-10-12,3.0,walk,39736.0,39878.0,142.0,home,home
30349_2022-10-12,4.0,walk,49385.0,49687.0,302.0,home,education
30349_2022-10-12,5.0,pt,56942.0,58258.0,1316.0,education,other
30349_2022-10-12,6.0,pt,59027.0,61200.0,2173.0,other,home
30695_2022-11-13,0.0,pt,34711.0,34869.0,158.0,home,other
30695_2022-11-13,1.0,pt,35673.0,36497.0,824.0,other,other
30695_2022-11-13,2.0,pt,36901.0,39806.0,2905.0,other,other
30695_2022-11-13,3.0,mpt,40191.0,41395.0,1204.0,other,home
30848_2022-11-14,0.0,bike,21800.0,23037.0,1237.0,home,education
30848_2022-11-14,1.0,walk,38369.0,38688.0,319.0,education,home
30848_2022-11-14,2.0,walk,41191.0,41489.0,298.0,home,education
30848_2022-11-14,3.0,bike,58959.0,60535.0,1576.0,education,home
30848_2022-11-14,4.0,mpt,64378.0,64862.0,484.0,home,other
30848_2022-11-14,5.0,mpt,65326.0,65825.0,499.0,other,home
31313_2022-08-22,0.0,walk,53326.0,53875.0,549.0,home,other
31313_2022-08-22,1.0,walk,57301.0,58118.0,817.0,other,home
31260_2022-11-30,0.0,walk,60779.0,60985.0,206.0,home,leisure
31260_2022-11-30,1.0,walk,65572.0,66006.0,434.0,leisure,home
31260_2022-11-30,2.0,walk,66401.0,66621.0,220.0,home,home
31260_2022-11-30,3.0,walk,74335.0,74988.0,653.0,home,home
30310_2022-09-21,0.0,mpt,14401.0,16282.0,1881.0,home,education
30310_2022-09-21,1.0,mpt,34435.0,36476.0,2041.0,education,home
30310_2022-09-21,2.0,walk,53523.0,57280.0,3757.0,home,home
30430_2022-10-01,0.0,walk,37687.0,39339.0,1652.0,home,leisure
30430_2022-10-01,1.0,pt,54187.0,54803.0,616.0,leisure,home
30430_2022-10-01,2.0,pt,57158.0,57961.0,803.0,home,other
30430_2022-10-01,3.0,pt,58481.0,60664.0,2183.0,other,other
30430_2022-10-01,4.0,walk,61039.0,61140.0,101.0,other,leisure
30430_2022-10-01,5.0,mpt,79200.0,80451.0,1251.0,leisure,home
30887_2023-01-19,0.0,walk,59867.0,60558.0,691.0,home,home
30887_2023-01-19,1.0,mpt,65391.0,66056.0,665.0,home,work
30887_2023-01-19,2.0,walk,78310.0,78365.0,55.0,work,work
30922_2022-11-20,0.0,walk,36525.0,37061.0,536.0,home,home
30922_2022-11-20,1.0,walk,42692.0,49418.0,6726.0,home,home
31023_2022-12-22,0.0,mpt,28511.0,28855.0,344.0,home,other
31023_2022-12-22,1.0,mpt,29362.0,30106.0,744.0,other,shop
31023_2022-12-22,2.0,mpt,30886.0,31199.0,313.0,shop,home
31023_2022-12-22,3.0,mpt,76228.0,77128.0,900.0,home,home
30631_2022-11-03,0.0,walk,25481.0,30489.0,5008.0,home,home
30631_2022-11-03,1.0,bike,36940.0,37549.0,609.0,home,shop
30631_2022-11-03,2.0,bike,39311.0,39411.0,100.0,shop,home
30631_2022-11-03,3.0,walk,55863.0,56192.0,329.0,home,other
30631_2022-11-03,4.0,walk,56561.0,56702.0,141.0,other,home
30433_2022-11-16,0.0,mpt,38729.0,39952.0,1223.0,home,home
30433_2022-11-16,1.0,mpt,46812.0,49080.0,2268.0,home,leisure
30433_2022-11-16,2.0,mpt,56605.0,59295.0,2690.0,leisure,home
30553_2022-10-05,0.0,pt,33756.0,38086.0,4330.0,home,work
30553_2022-10-05,1.0,walk,42685.0,42811.0,126.0,work,work
30553_2022-10-05,2.0,pt,69292.0,73885.0,4593.0,work,home
30053_2022-10-31,0.0,walk,35579.0,35777.0,198.0,home,shop
30053_2022-10-31,1.0,mpt,36277.0,36831.0,554.0,shop,home
30053_2022-10-31,2.0,mpt,45670.0,46058.0,388.0,home,home
30053_2022-10-31,3.0,mpt,50846.0,51022.0,176.0,home,shop
30053_2022-10-31,4.0,mpt,52913.0,53054.0,141.0,shop,shop
30053_2022-10-31,5.0,mpt,53526.0,54440.0,914.0,shop,home
30169_2022-10-21,0.0,mpt,60244.0,61122.0,878.0,home,shop
30169_2022-10-21,1.0,walk,62505.0,62658.0,153.0,shop,shop
30169_2022-10-21,2.0,mpt,64655.0,65168.0,513.0,shop,home
31114_2022-10-28,0.0,mpt,18478.0,19902.0,1424.0,home,home
31114_2022-10-28,1.0,mpt,21506.0,21564.0,58.0,home,home
31114_2022-10-28,2.0,mpt,31971.0,32166.0,195.0,home,home
31114_2022-10-28,3.0,mpt,43903.0,44182.0,279.0,home,home
31114_2022-10-28,4.0,mpt,45174.0,45758.0,584.0,home,home
31114_2022-10-28,5.0,mpt,46208.0,46835.0,627.0,home,home
31114_2022-10-28,6.0,mpt,52208.0,53223.0,1015.0,home,shop
31114_2022-10-28,7.0,pt,53880.0,53981.0,101.0,shop,leisure
31114_2022-10-28,8.0,pt,60190.0,61112.0,922.0,leisure,leisure
31114_2022-10-28,9.0,mpt,64568.0,65159.0,591.0,leisure,home
31114_2022-10-28,10.0,mpt,72757.0,73312.0,555.0,home,home
30489_2022-08-11,0.0,bike,63404.0,65343.0,1939.0,home,home
30454_2022-09-29,0.0,pt,14984.0,18309.0,3325.0,home,education
30454_2022-09-29,1.0,pt,41269.0,44512.0,3243.0,education,home
30889_2022-11-09,0.0,bike,39239.0,39709.0,470.0,home,shop
30889_2022-11-09,1.0,bike,40611.0,40695.0,84.0,shop,home
30889_2022-11-09,2.0,mpt,64275.0,65183.0,908.0,home,other
30889_2022-11-09,3.0,bike,65694.0,66100.0,406.0,other,other
30889_2022-11-09,4.0,bike,77035.0,77280.0,245.0,other,home
30093_2023-01-07,0.0,walk,35796.0,36103.0,307.0,home,shop
30093_2023-01-07,1.0,walk,36952.0,38012.0,1060.0,shop,home
30093_2023-01-07,2.0,walk,60324.0,60798.0,474.0,home,leisure
30093_2023-01-07,3.0,walk,65262.0,65391.0,129.0,leisure,home
30180_2022-12-09,0.0,walk,23108.0,24902.0,1794.0,home,home
30180_2022-12-09,1.0,walk,39796.0,41263.0,1467.0,home,home
30180_2022-12-09,2.0,walk,62034.0,65044.0,3010.0,home,home
30180_2022-12-09,3.0,walk,75186.0,75878.0,692.0,home,home
30835_2022-11-03,0.0,mpt,17843.0,20796.0,2953.0,home,education
30835_2022-11-03,1.0,mpt,56497.0,59531.0,3034.0,education,education
30835_2022-11-03,2.0,mpt,66373.0,67352.0,979.0,education,home
30417_2022-10-25,0.0,bike,41426.0,42836.0,1410.0,home,education
30417_2022-10-25,1.0,bike,51545.0,53279.0,1734.0,education,home
30417_2022-10-25,2.0,walk,63293.0,65439.0,2146.0,home,home
31248_2022-12-08,0.0,pt,64433.0,64557.0,124.0,home,shop
31248_2022-12-08,1.0,mpt,65656.0,65838.0,182.0,shop,home
30119_2022-08-25,0.0,bike,26516.0,43975.0,17459.0,home,other
30119_2022-08-25,1.0,bike,46044.0,49000.0,2956.0,other,home
30796_2022-12-02,0.0,walk,55100.0,56002.0,902.0,home,home
30081_2022-11-30,0.0,pt,16906.0,22293.0,5387.0,other,education
30081_2022-11-30,1.0,pt,58899.0,63164.0,4265.0,education,other
30081_2022-11-30,2.0,walk,63660.0,63734.0,74.0,other,education
30081_2022-11-30,3.0,mpt,73952.0,75729.0,1777.0,education,home
31101_2022-11-24,0.0,mpt,34326.0,35347.0,1021.0,home,work
31101_2022-11-24,1.0,walk,45164.0,45606.0,442.0,work,shop
31101_2022-11-24,2.0,pt,46184.0,47692.0,1508.0,shop,home
30372_2022-12-21,0.0,bike,27274.0,28730.0,1456.0,home,education
30372_2022-12-21,1.0,walk,45177.0,45570.0,393.0,education,other
30372_2022-12-21,2.0,walk,46222.0,46473.0,251.0,other,shop
30372_2022-12-21,3.0,walk,48073.0,49513.0,1440.0,shop,education
30372_2022-12-21,4.0,walk,61073.0,61574.0,501.0,education,other
30372_2022-12-21,5.0,walk,62362.0,63354.0,992.0,other,home
30252_2023-01-12,0.0,mpt,16449.0,17942.0,1493.0,home,home
30252_2023-01-12,1.0,mpt,24278.0,24820.0,542.0,home,home
30252_2023-01-12,2.0,mpt,28507.0,28882.0,375.0,home,home
30252_2023-01-12,3.0,pt,29574.0,29877.0,303.0,home,leisure
30252_2023-01-12,4.0,mpt,37508.0,39180.0,1672.0,leisure,home
30252_2023-01-12,5.0,mpt,41016.0,42340.0,1324.0,home,home
30252_2023-01-12,6.0,mpt,46229.0,48069.0,1840.0,home,home
30252_2023-01-12,7.0,mpt,48623.0,50093.0,1470.0,home,home
30252_2023-01-12,8.0,mpt,58826.0,59437.0,611.0,home,leisure
30252_2023-01-12,9.0,mpt,61784.0,63048.0,1264.0,leisure,home
31006_2022-12-20,0.0,pt,24515.0,34590.0,10075.0,home,education
31006_2022-12-20,1.0,walk,61227.0,61499.0,272.0,education,shop
31006_2022-12-20,2.0,walk,62601.0,62753.0,152.0,shop,home
30149_2022-09-29,0.0,pt,20324.0,20772.0,448.0,home,other
30149_2022-09-29,1.0,pt,21511.0,23101.0,1590.0,other,work
30149_2022-09-29,2.0,pt,52886.0,53944.0,1058.0,work,other
30149_2022-09-29,3.0,pt,54325.0,54993.0,668.0,other,shop
30149_2022-09-29,4.0,pt,55812.0,56611.0,799.0,shop,home
31125_2022-11-10,0.0,mpt,27331.0,28054.0,723.0,home,other
31125_2022-11-10,1.0,mpt,30788.0,31655.0,867.0,other,home
30149_2022-09-28,0.0,mpt,17032.0,19813.0,2781.0,home,work
30149_2022-09-28,1.0,pt,53127.0,56794.0,3667.0,work,other
30149_2022-09-28,2.0,pt,57290.0,58052.0,762.0,other,home
31094_2022-12-16,0.0,mpt,39971.0,42428.0,2457.0,home,home
31094_2022-12-16,1.0,mpt,54100.0,57347.0,3247.0,home,home
30502_2022-11-04,0.0,walk,25415.0,25728.0,313.0,home,home
30502_2022-11-04,1.0,walk,41037.0,45510.0,4473.0,home,home
30502_2022-11-04,2.0,mpt,63964.0,65262.0,1298.0,home,leisure
30502_2022-11-04,3.0,mpt,66854.0,67914.0,1060.0,leisure,home
30835_2022-11-15,0.0,mpt,22509.0,23242.0,733.0,home,home
30516_2022-11-14,0.0,pt,64508.0,64621.0,113.0,home,home
30951_2022-09-30,0.0,mpt,40038.0,41660.0,1622.0,home,shop
30951_2022-09-30,1.0,mpt,43886.0,44042.0,156.0,shop,home
30951_2022-09-30,2.0,walk,48476.0,49611.0,1135.0,home,shop
30951_2022-09-30,3.0,pt,49975.0,54287.0,4312.0,shop,home
30951_2022-09-30,4.0,mpt,76632.0,80360.0,3728.0,home,home
31297_2022-08-05,0.0,mpt,29266.0,31412.0,2146.0,home,home
31297_2022-08-05,1.0,mpt,31867.0,33740.0,1873.0,home,shop
31297_2022-08-05,2.0,mpt,34250.0,35244.0,994.0,shop,home
30894_2022-11-20,0.0,mpt,28921.0,29495.0,574.0,home,home
31145_2022-11-23,0.0,walk,26136.0,27001.0,865.0,home,shop
31145_2022-11-23,1.0,walk,27568.0,27923.0,355.0,shop,home
31145_2022-11-23,2.0,pt,37697.0,43345.0,5648.0,home,other
31145_2022-11-23,3.0,pt,43725.0,44968.0,1243.0,other,education
31145_2022-11-23,4.0,walk,45627.0,46018.0,391.0,education,education
31145_2022-11-23,5.0,walk,48088.0,48242.0,154.0,education,education
31145_2022-11-23,6.0,walk,49563.0,49813.0,250.0,education,education
31145_2022-11-23,7.0,pt,51373.0,54066.0,2693.0,education,education
31145_2022-11-23,8.0,pt,58427.0,59854.0,1427.0,education,shop
31145_2022-11-23,9.0,pt,60239.0,60281.0,42.0,shop,other
31145_2022-11-23,10.0,pt,60945.0,61026.0,81.0,other,other
31145_2022-11-23,11.0,pt,61448.0,65209.0,3761.0,other,other
31145_2022-11-23,12.0,pt,65920.0,67450.0,1530.0,other,home
30995_2022-12-06,0.0,mpt,47502.0,48103.0,601.0,home,education
30995_2022-12-06,1.0,mpt,57592.0,58372.0,780.0,education,home
30995_2022-12-06,2.0,mpt,59950.0,62386.0,2436.0,home,other
30995_2022-12-06,3.0,mpt,67797.0,69543.0,1746.0,other,home
30521_2022-10-28,0.0,walk,20432.0,20681.0,249.0,home,leisure
30521_2022-10-28,1.0,walk,22210.0,22305.0,95.0,leisure,other
30521_2022-10-28,2.0,walk,24339.0,24632.0,293.0,other,education
30521_2022-10-28,3.0,walk,35016.0,35105.0,89.0,education,work
30521_2022-10-28,4.0,mpt,44839.0,46381.0,1542.0,work,home
30633_2022-11-29,0.0,walk,24912.0,26550.0,1638.0,home,home
30633_2022-11-29,1.0,mpt,28402.0,29430.0,1028.0,home,shop
30633_2022-11-29,2.0,walk,30159.0,30193.0,34.0,shop,other
30633_2022-11-29,3.0,mpt,32294.0,33311.0,1017.0,other,home
30633_2022-11-29,4.0,walk,37885.0,38289.0,404.0,home,other
30633_2022-11-29,5.0,walk,39481.0,40478.0,997.0,other,home
30633_2022-11-29,6.0,walk,44955.0,46184.0,1229.0,home,home
30633_2022-11-29,7.0,walk,50417.0,51089.0,672.0,home,other
30633_2022-11-29,8.0,walk,52115.0,52919.0,804.0,other,home
30633_2022-11-29,9.0,mpt,59057.0,59689.0,632.0,home,leisure
30633_2022-11-29,10.0,mpt,62076.0,63166.0,1090.0,leisure,home
30969_2022-10-25,0.0,mpt,19336.0,20156.0,820.0,home,home
30969_2022-10-25,1.0,mpt,23422.0,23808.0,386.0,home,leisure
30969_2022-10-25,2.0,mpt,29238.0,29609.0,371.0,leisure,shop
30969_2022-10-25,3.0,mpt,30286.0,31066.0,780.0,shop,home
30969_2022-10-25,4.0,walk,32242.0,32393.0,151.0,home,home
30969_2022-10-25,5.0,walk,44032.0,44360.0,328.0,home,leisure
30969_2022-10-25,6.0,walk,44967.0,46442.0,1475.0,leisure,leisure
30969_2022-10-25,7.0,other,53044.0,53438.0,394.0,leisure,leisure
30969_2022-10-25,8.0,walk,54011.0,54282.0,271.0,leisure,home
31027_2022-11-30,0.0,walk,28706.0,37256.0,8550.0,home,home
31027_2022-11-30,1.0,bike,48833.0,49327.0,494.0,home,other
31027_2022-11-30,2.0,bike,53502.0,53821.0,319.0,other,home
31027_2022-11-30,3.0,bike,58680.0,62864.0,4184.0,home,shop
31027_2022-11-30,4.0,bike,63464.0,64891.0,1427.0,shop,home
30827_2022-12-20,0.0,bike,21535.0,22179.0,644.0,home,education
30827_2022-12-20,1.0,bike,56338.0,57267.0,929.0,education,home
30749_2022-11-25,0.0,mpt,63166.0,63837.0,671.0,home,home
31141_2022-08-18,0.0,bike,52091.0,52474.0,383.0,home,leisure
31141_2022-08-18,1.0,walk,53970.0,54016.0,46.0,leisure,leisure
31141_2022-08-18,2.0,walk,56517.0,56795.0,278.0,leisure,leisure
31141_2022-08-18,3.0,walk,57588.0,58033.0,445.0,leisure,leisure
31141_2022-08-18,4.0,bike,58579.0,58984.0,405.0,leisure,home
30636_2022-11-07,0.0,mpt,25124.0,25826.0,702.0,home,education
30636_2022-11-07,1.0,mpt,38432.0,39041.0,609.0,education,home
31212_2022-10-17,0.0,walk,21218.0,21731.0,513.0,home,education
31212_2022-10-17,1.0,walk,38752.0,39507.0,755.0,education,home
31212_2022-10-17,2.0,mpt,41801.0,47555.0,5754.0,home,education
31212_2022-10-17,3.0,mpt,48734.0,51693.0,2959.0,education,home
31114_2022-11-07,0.0,mpt,55609.0,56587.0,978.0,home,leisure
31114_2022-11-07,1.0,mpt,63541.0,64530.0,989.0,leisure,home
30685_2022-11-11,0.0,bike,56038.0,56834.0,796.0,home,home
30685_2022-11-11,1.0,bike,84313.0,85350.0,1037.0,home,home
31263_2022-12-27,0.0,mpt,57394.0,58510.0,1116.0,home,home
31263_2022-12-27,1.0,mpt,72553.0,73502.0,949.0,home,home
31166_2022-12-12,0.0,mpt,44464.0,44977.0,513.0,home,other
31166_2022-12-12,1.0,mpt,47138.0,47650.0,512.0,other,education
31166_2022-12-12,2.0,walk,63456.0,63480.0,24.0,education,home
30511_2022-09-29,0.0,mpt,18551.0,19585.0,1034.0,home,education
30511_2022-09-29,1.0,mpt,32438.0,33685.0,1247.0,education,home
30511_2022-09-29,2.0,mpt,48662.0,50458.0,1796.0,home,shop
30511_2022-09-29,3.0,mpt,51764.0,53385.0,1621.0,shop,home
30511_2022-09-29,4.0,walk,63581.0,64205.0,624.0,home,home
30511_2022-09-29,5.0,walk,81478.0,81520.0,42.0,home,home
30277_2022-08-14,0.0,walk,31474.0,35532.0,4058.0,home,home
30277_2022-08-14,1.0,walk,35834.0,35862.0,28.0,home,other
30277_2022-08-14,2.0,walk,37661.0,38655.0,994.0,other,home
30277_2022-08-14,3.0,walk,39091.0,40523.0,1432.0,home,other
30277_2022-08-14,4.0,walk,41185.0,41403.0,218.0,other,home
30277_2022-08-14,5.0,walk,41795.0,42537.0,742.0,home,other
30277_2022-08-14,6.0,pt,43530.0,44635.0,1105.0,other,home
30246_2022-07-25,0.0,bike,22546.0,23732.0,1186.0,home,education
30246_2022-07-25,1.0,walk,39211.0,39728.0,517.0,education,home
30246_2022-07-25,2.0,walk,43925.0,44243.0,318.0,home,education
30246_2022-07-25,3.0,bike,54486.0,55204.0,718.0,education,leisure
30246_2022-07-25,4.0,bike,61568.0,62006.0,438.0,leisure,home
30430_2022-09-26,0.0,pt,20494.0,21466.0,972.0,home,leisure
30430_2022-09-26,1.0,walk,24562.0,26628.0,2066.0,leisure,home
30430_2022-09-26,2.0,walk,55744.0,56387.0,643.0,home,education
30430_2022-09-26,3.0,walk,64666.0,65223.0,557.0,education,home
30008_2022-12-09,0.0,pt,57322.0,58878.0,1556.0,home,other
30008_2022-12-09,1.0,walk,59695.0,60468.0,773.0,other,leisure
30008_2022-12-09,2.0,walk,64503.0,64803.0,300.0,leisure,leisure
30008_2022-12-09,3.0,pt,82596.0,84792.0,2196.0,leisure,home
31194_2022-12-20,0.0,walk,15369.0,16597.0,1228.0,education,leisure
31194_2022-12-20,1.0,mpt,22004.0,22056.0,52.0,leisure,home
31017_2022-10-27,0.0,walk,38846.0,41069.0,2223.0,home,home
31017_2022-10-27,1.0,walk,49462.0,50613.0,1151.0,home,home
30704_2022-11-11,0.0,walk,34372.0,37168.0,2796.0,home,home
30704_2022-11-11,1.0,pt,55677.0,60379.0,4702.0,home,other
30704_2022-11-11,2.0,pt,60788.0,63326.0,2538.0,other,leisure
30704_2022-11-11,3.0,other,65564.0,70023.0,4459.0,leisure,leisure
30704_2022-11-11,4.0,walk,70523.0,70962.0,439.0,leisure,leisure
30704_2022-11-11,5.0,pt,71367.0,73636.0,2269.0,leisure,leisure
30704_2022-11-11,6.0,walk,75985.0,76380.0,395.0,leisure,leisure
30704_2022-11-11,7.0,walk,76778.0,77801.0,1023.0,leisure,leisure
30704_2022-11-11,8.0,walk,84397.0,84589.0,192.0,leisure,leisure
31010_2022-11-04,0.0,mpt,27042.0,27707.0,665.0,home,other
31010_2022-11-04,1.0,mpt,29742.0,30603.0,861.0,other,home
31010_2022-11-04,2.0,mpt,67340.0,68022.0,682.0,home,leisure
31010_2022-11-04,3.0,mpt,84353.0,85222.0,869.0,leisure,home
30064_2023-01-13,0.0,walk,26844.0,27289.0,445.0,home,home
30064_2023-01-13,1.0,walk,29416.0,29643.0,227.0,home,education
30064_2023-01-13,2.0,walk,30229.0,30504.0,275.0,education,home
30064_2023-01-13,3.0,mpt,34215.0,35398.0,1183.0,home,other
30064_2023-01-13,4.0,mpt,38391.0,38656.0,265.0,other,other
30064_2023-01-13,5.0,mpt,40226.0,41481.0,1255.0,other,home
30064_2023-01-13,6.0,mpt,47946.0,48685.0,739.0,home,home
30064_2023-01-13,7.0,mpt,59391.0,60094.0,703.0,home,home
30064_2023-01-13,8.0,pt,64296.0,65330.0,1034.0,home,leisure
30064_2023-01-13,9.0,walk,71427.0,71490.0,63.0,leisure,leisure
30064_2023-01-13,10.0,pt,77446.0,78526.0,1080.0,leisure,home
30169_2022-10-08,0.0,walk,53193.0,56496.0,3303.0,home,leisure
30169_2022-10-08,1.0,pt,57701.0,58858.0,1157.0,leisure,shop
30169_2022-10-08,2.0,pt,64024.0,65653.0,1629.0,shop,leisure
30169_2022-10-08,3.0,walk,66157.0,68258.0,2101.0,leisure,home
30089_2022-11-22,0.0,walk,28214.0,31859.0,3645.0,home,home
30089_2022-11-22,1.0,mpt,62662.0,64412.0,1750.0,home,leisure
30089_2022-11-22,2.0,walk,65772.0,66962.0,1190.0,leisure,leisure
30089_2022-11-22,3.0,walk,68142.0,68491.0,349.0,leisure,leisure
30089_2022-11-22,4.0,walk,69197.0,70120.0,923.0,leisure,leisure
30089_2022-11-22,5.0,walk,70515.0,70872.0,357.0,leisure,leisure
30089_2022-11-22,6.0,walk,71252.0,71420.0,168.0,leisure,leisure
30089_2022-11-22,7.0,walk,72193.0,72882.0,689.0,leisure,leisure
30089_2022-11-22,8.0,mpt,73595.0,74040.0,445.0,leisure,home
31087_2022-08-11,0.0,walk,19599.0,24515.0,4916.0,home,home
31087_2022-08-11,1.0,walk,73192.0,75103.0,1911.0,home,home
31263_2023-01-03,0.0,mpt,56897.0,57961.0,1064.0,home,home
31263_2023-01-03,1.0,mpt,63946.0,65381.0,1435.0,home,home
30948_2022-12-28,0.0,mpt,45850.0,46835.0,985.0,home,education
30948_2022-12-28,1.0,walk,47787.0,47967.0,180.0,education,education
30948_2022-12-28,2.0,walk,48395.0,48451.0,56.0,education,education
30948_2022-12-28,3.0,mpt,57763.0,58093.0,330.0,education,leisure
30948_2022-12-28,4.0,mpt,78743.0,79745.0,1002.0,leisure,home
30997_2022-12-11,0.0,walk,37259.0,37758.0,499.0,home,leisure
30997_2022-12-11,1.0,walk,39679.0,39968.0,289.0,leisure,home
30997_2022-12-11,2.0,walk,40329.0,41063.0,734.0,home,home
30997_2022-12-11,3.0,walk,49853.0,50269.0,416.0,home,home
30997_2022-12-11,4.0,bike,53405.0,53659.0,254.0,home,leisure
30997_2022-12-11,5.0,walk,54081.0,54679.0,598.0,leisure,home
30872_2022-11-21,0.0,walk,40047.0,40878.0,831.0,home,home
30544_2022-11-14,0.0,walk,60256.0,61864.0,1608.0,home,home
30544_2022-11-14,1.0,walk,66771.0,67282.0,511.0,home,other
30544_2022-11-14,2.0,walk,67917.0,69048.0,1131.0,other,home
30847_2022-10-17,0.0,mpt,16864.0,20378.0,3514.0,home,education
30847_2022-10-17,1.0,pt,21115.0,23207.0,2092.0,education,education
30847_2022-10-17,2.0,walk,35198.0,35926.0,728.0,education,leisure
30847_2022-10-17,3.0,walk,37568.0,38031.0,463.0,leisure,education
30847_2022-10-17,4.0,walk,38551.0,38834.0,283.0,education,education
30847_2022-10-17,5.0,pt,49136.0,53770.0,4634.0,education,home
30246_2022-08-17,0.0,bike,34615.0,35014.0,399.0,home,leisure
30246_2022-08-17,1.0,bike,40203.0,42916.0,2713.0,leisure,home
30246_2022-08-17,2.0,bike,56603.0,56954.0,351.0,home,leisure
30246_2022-08-17,3.0,bike,64052.0,64673.0,621.0,leisure,home
30592_2022-11-16,0.0,mpt,23464.0,24092.0,628.0,home,education
30592_2022-11-16,1.0,walk,33203.0,33471.0,268.0,education,education
30592_2022-11-16,2.0,mpt,41347.0,42056.0,709.0,education,home
30592_2022-11-16,3.0,walk,53151.0,55232.0,2081.0,home,home
31071_2022-11-06,0.0,walk,53076.0,53143.0,67.0,home,home
30500_2022-08-20,0.0,mpt,38814.0,40419.0,1605.0,home,shop
30500_2022-08-20,1.0,mpt,40897.0,42310.0,1413.0,shop,home
30500_2022-08-20,2.0,walk,43644.0,43902.0,258.0,home,leisure
30500_2022-08-20,3.0,mpt,44408.0,45668.0,1260.0,leisure,leisure
30500_2022-08-20,4.0,mpt,47607.0,49838.0,2231.0,leisure,home
30500_2022-08-20,5.0,mpt,59865.0,61038.0,1173.0,home,education
30500_2022-08-20,6.0,mpt,62148.0,63854.0,1706.0,education,home
30500_2022-08-20,7.0,mpt,65266.0,65749.0,483.0,home,shop
30500_2022-08-20,8.0,mpt,66272.0,66836.0,564.0,shop,home
30229_2022-09-21,0.0,walk,32338.0,32452.0,114.0,home,shop
30229_2022-09-21,1.0,walk,35405.0,35527.0,122.0,shop,shop
30229_2022-09-21,2.0,walk,38816.0,39379.0,563.0,shop,home
30229_2022-09-21,3.0,walk,44374.0,44919.0,545.0,home,home
30229_2022-09-21,4.0,walk,47053.0,48068.0,1015.0,home,home
30229_2022-09-21,5.0,walk,51316.0,51895.0,579.0,home,home
30229_2022-09-21,6.0,walk,55701.0,56176.0,475.0,home,home
30229_2022-09-21,7.0,walk,59819.0,61285.0,1466.0,home,home
30176_2022-09-15,0.0,pt,13760.0,18439.0,4679.0,home,work
30176_2022-09-15,1.0,pt,52285.0,57022.0,4737.0,work,home
30808_2022-11-22,0.0,pt,27295.0,27451.0,156.0,home,leisure
30808_2022-11-22,1.0,pt,34972.0,35142.0,170.0,leisure,home
30808_2022-11-22,2.0,mpt,66544.0,66639.0,95.0,home,leisure
30808_2022-11-22,3.0,mpt,71397.0,71537.0,140.0,leisure,home
30450_2022-08-28,0.0,mpt,37071.0,37871.0,800.0,other,other
30450_2022-08-28,1.0,mpt,39186.0,39972.0,786.0,other,work
30819_2022-12-09,0.0,pt,27004.0,27866.0,862.0,home,other
30819_2022-12-09,1.0,pt,29669.0,33883.0,4214.0,other,home
30819_2022-12-09,2.0,mpt,41391.0,42285.0,894.0,home,home
30699_2022-11-15,0.0,walk,24851.0,25760.0,909.0,home,shop
30699_2022-11-15,1.0,pt,26395.0,28012.0,1617.0,shop,work
30699_2022-11-15,2.0,walk,42772.0,43001.0,229.0,work,education
30699_2022-11-15,3.0,pt,57460.0,59665.0,2205.0,education,other
30699_2022-11-15,4.0,walk,60197.0,60354.0,157.0,other,home
30057_2022-08-17,0.0,mpt,16282.0,16821.0,539.0,home,education
30057_2022-08-17,1.0,walk,38477.0,39789.0,1312.0,education,education
30057_2022-08-17,2.0,mpt,51026.0,52217.0,1191.0,education,leisure
30057_2022-08-17,3.0,mpt,53509.0,54541.0,1032.0,leisure,home
30064_2022-12-23,0.0,mpt,28608.0,29687.0,1079.0,home,shop
30064_2022-12-23,1.0,mpt,31374.0,32823.0,1449.0,shop,shop
30064_2022-12-23,2.0,mpt,33449.0,34116.0,667.0,shop,work
30064_2022-12-23,3.0,mpt,44211.0,44529.0,318.0,work,home
30064_2022-12-23,4.0,walk,46107.0,46302.0,195.0,home,home
30467_2022-07-29,0.0,mpt,37097.0,38462.0,1365.0,home,education
30467_2022-07-29,1.0,walk,49381.0,49598.0,217.0,education,education
30467_2022-07-29,2.0,mpt,55576.0,57207.0,1631.0,education,home
30800_2023-01-03,0.0,walk,42320.0,42606.0,286.0,home,home
30278_2022-11-14,0.0,mpt,25828.0,26573.0,745.0,home,shop
30278_2022-11-14,1.0,mpt,28842.0,29375.0,533.0,shop,leisure
30278_2022-11-14,2.0,mpt,34966.0,35127.0,161.0,leisure,leisure
30278_2022-11-14,3.0,mpt,35900.0,36159.0,259.0,leisure,home
30277_2022-08-02,0.0,bike,20453.0,21841.0,1388.0,home,work
30277_2022-08-02,1.0,bike,56909.0,58477.0,1568.0,work,home
30246_2022-08-12,0.0,bike,21653.0,22793.0,1140.0,home,education
30246_2022-08-12,1.0,pt,34362.0,35296.0,934.0,education,leisure
30246_2022-08-12,2.0,pt,40794.0,42209.0,1415.0,leisure,education
30246_2022-08-12,3.0,bike,64162.0,65319.0,1157.0,education,home
30246_2022-08-12,4.0,walk,66262.0,66538.0,276.0,home,shop
30246_2022-08-12,5.0,walk,66909.0,67044.0,135.0,shop,home
30819_2022-11-21,0.0,pt,31249.0,31913.0,664.0,home,education
30819_2022-11-21,1.0,walk,33644.0,33884.0,240.0,education,education
30819_2022-11-21,2.0,pt,43181.0,47768.0,4587.0,education,home
30819_2022-11-21,3.0,bike,58695.0,59820.0,1125.0,home,leisure
30819_2022-11-21,4.0,pt,65423.0,66250.0,827.0,leisure,other
30819_2022-11-21,5.0,pt,67267.0,68729.0,1462.0,other,home
31166_2022-12-01,0.0,walk,59312.0,59415.0,103.0,home,home
30168_2022-09-22,0.0,mpt,30633.0,31120.0,487.0,home,leisure
30168_2022-09-22,1.0,mpt,37825.0,38358.0,533.0,leisure,home
30168_2022-09-22,2.0,mpt,50849.0,51566.0,717.0,home,shop
30168_2022-09-22,3.0,mpt,52119.0,52565.0,446.0,shop,shop
30168_2022-09-22,4.0,mpt,53097.0,54816.0,1719.0,shop,home
30685_2022-11-21,0.0,bike,57680.0,58961.0,1281.0,home,shop
30685_2022-11-21,1.0,bike,60063.0,60591.0,528.0,shop,leisure
30685_2022-11-21,2.0,bike,65208.0,66282.0,1074.0,leisure,home
30631_2022-11-17,0.0,walk,25196.0,30154.0,4958.0,home,home
30631_2022-11-17,1.0,bike,39792.0,39955.0,163.0,home,shop
30631_2022-11-17,2.0,bike,40522.0,40652.0,130.0,shop,home
30631_2022-11-17,3.0,walk,50368.0,51858.0,1490.0,home,home
30171_2022-12-10,0.0,walk,53074.0,56683.0,3609.0,home,home
30567_2022-11-15,0.0,mpt,47848.0,48411.0,563.0,home,leisure
30567_2022-11-15,1.0,mpt,53572.0,54027.0,455.0,leisure,home
30567_2022-11-15,2.0,walk,62206.0,66836.0,4630.0,home,home
30430_2022-09-13,0.0,walk,52255.0,52752.0,497.0,home,education
30430_2022-09-13,1.0,mpt,58854.0,60232.0,1378.0,education,work
30430_2022-09-13,2.0,mpt,70837.0,71565.0,728.0,work,home
30320_2022-09-12,0.0,mpt,27500.0,27674.0,174.0,home,shop
30320_2022-09-12,1.0,mpt,28422.0,28542.0,120.0,shop,home
30320_2022-09-12,2.0,mpt,33386.0,33518.0,132.0,home,other
30320_2022-09-12,3.0,mpt,34004.0,34268.0,264.0,other,home
30995_2022-12-08,0.0,mpt,44979.0,45483.0,504.0,home,education
30995_2022-12-08,1.0,mpt,70733.0,71390.0,657.0,education,home
30308_2022-11-29,0.0,mpt,17992.0,21264.0,3272.0,home,education
30308_2022-11-29,1.0,mpt,24702.0,25233.0,531.0,education,education
30308_2022-11-29,2.0,mpt,28851.0,29145.0,294.0,education,education
30308_2022-11-29,3.0,mpt,35382.0,35489.0,107.0,education,education
30308_2022-11-29,4.0,mpt,41911.0,42767.0,856.0,education,work
30308_2022-11-29,5.0,mpt,47622.0,49935.0,2313.0,work,education
30308_2022-11-29,6.0,mpt,53334.0,53793.0,459.0,education,education
30308_2022-11-29,7.0,mpt,55229.0,56426.0,1197.0,education,home
30308_2022-11-29,8.0,mpt,61425.0,64230.0,2805.0,home,home
30308_2022-11-29,9.0,mpt,64854.0,66394.0,1540.0,home,home
30538_2022-11-15,0.0,walk,46935.0,47550.0,615.0,home,leisure
30538_2022-11-15,1.0,walk,51075.0,51994.0,919.0,leisure,home
30538_2022-11-15,2.0,mpt,66093.0,66568.0,475.0,home,home
30538_2022-11-15,3.0,mpt,70038.0,71994.0,1956.0,home,other
30538_2022-11-15,4.0,mpt,72386.0,73286.0,900.0,other,other
30538_2022-11-15,5.0,mpt,73739.0,74158.0,419.0,other,home
30372_2022-12-22,0.0,bike,27919.0,29253.0,1334.0,home,work
30372_2022-12-22,1.0,bike,62940.0,63299.0,359.0,work,other
30372_2022-12-22,2.0,bike,64000.0,64779.0,779.0,other,home
30796_2022-12-04,0.0,mpt,53827.0,54445.0,618.0,home,leisure
30796_2022-12-04,1.0,mpt,60950.0,61501.0,551.0,leisure,home
30905_2022-09-13,0.0,mpt,10755.0,14330.0,3575.0,home,other
30905_2022-09-13,1.0,walk,15064.0,15306.0,242.0,other,leisure
30905_2022-09-13,2.0,mpt,21062.0,25493.0,4431.0,leisure,home
30905_2022-09-13,3.0,mpt,28909.0,33419.0,4510.0,home,home
30905_2022-09-13,4.0,mpt,50030.0,54819.0,4789.0,home,leisure
30905_2022-09-13,5.0,mpt,56964.0,60669.0,3705.0,leisure,home
31161_2022-12-15,0.0,mpt,18077.0,19183.0,1106.0,home,education
31161_2022-12-15,1.0,walk,28746.0,29158.0,412.0,education,education
31161_2022-12-15,2.0,mpt,55115.0,56345.0,1230.0,education,shop
31161_2022-12-15,3.0,mpt,56951.0,57433.0,482.0,shop,home
30435_2022-12-07,0.0,bike,28285.0,31324.0,3039.0,home,education
30435_2022-12-07,1.0,bike,45502.0,47715.0,2213.0,education,home
30435_2022-12-07,2.0,mpt,48782.0,51323.0,2541.0,home,education
30435_2022-12-07,3.0,mpt,75571.0,78278.0,2707.0,education,home
30558_2022-12-05,0.0,pt,20164.0,21939.0,1775.0,home,work
30558_2022-12-05,1.0,pt,44738.0,45069.0,331.0,work,education
30558_2022-12-05,2.0,pt,59523.0,62344.0,2821.0,education,home
30558_2022-12-05,3.0,bike,68795.0,68863.0,68.0,home,leisure
30558_2022-12-05,4.0,bike,75505.0,75694.0,189.0,leisure,home
31224_2022-09-11,0.0,mpt,29302.0,32390.0,3088.0,home,leisure
31224_2022-09-11,1.0,mpt,45557.0,48507.0,2950.0,leisure,home
31224_2022-09-11,2.0,bike,50504.0,53066.0,2562.0,home,home
31224_2022-09-11,3.0,mpt,59914.0,60164.0,250.0,home,home
30769_2022-10-18,0.0,mpt,18811.0,23550.0,4739.0,home,education
30769_2022-10-18,1.0,walk,27092.0,27278.0,186.0,education,education
30769_2022-10-18,2.0,mpt,40487.0,42925.0,2438.0,education,education
30769_2022-10-18,3.0,mpt,46574.0,47936.0,1362.0,education,shop
30769_2022-10-18,4.0,mpt,48698.0,50381.0,1683.0,shop,home
30769_2022-10-18,5.0,mpt,57347.0,58156.0,809.0,home,home
31085_2022-10-03,0.0,mpt,41148.0,42926.0,1778.0,home,education
31085_2022-10-03,1.0,mpt,43632.0,44591.0,959.0,education,education
31085_2022-10-03,2.0,mpt,46072.0,46986.0,914.0,education,education
31085_2022-10-03,3.0,mpt,52245.0,53668.0,1423.0,education,home
30183_2022-11-15,0.0,walk,19857.0,19950.0,93.0,home,other
30183_2022-11-15,1.0,walk,23378.0,24932.0,1554.0,other,education
30183_2022-11-15,2.0,pt,39428.0,41328.0,1900.0,education,home
30183_2022-11-15,3.0,bike,42612.0,43463.0,851.0,home,education
30183_2022-11-15,4.0,bike,61148.0,62679.0,1531.0,education,leisure
30183_2022-11-15,5.0,bike,71240.0,71977.0,737.0,leisure,home
30685_2022-12-05,0.0,walk,37882.0,40428.0,2546.0,home,home
30685_2022-12-05,1.0,bike,59365.0,60058.0,693.0,home,other
30685_2022-12-05,2.0,bike,60442.0,60725.0,283.0,other,leisure
30685_2022-12-05,3.0,bike,63403.0,63690.0,287.0,leisure,home
31211_2022-10-24,0.0,mpt,16797.0,17669.0,872.0,home,education
31211_2022-10-24,1.0,walk,30548.0,31240.0,692.0,education,education
31211_2022-10-24,2.0,mpt,36221.0,36504.0,283.0,education,leisure
31211_2022-10-24,3.0,mpt,39207.0,39463.0,256.0,leisure,education
31211_2022-10-24,4.0,mpt,40086.0,44755.0,4669.0,education,education
31211_2022-10-24,5.0,mpt,45241.0,45739.0,498.0,education,education
31211_2022-10-24,6.0,mpt,54391.0,55075.0,684.0,education,home
31071_2022-11-04,0.0,pt,39582.0,41813.0,2231.0,home,other
31071_2022-11-04,1.0,walk,45788.0,48210.0,2422.0,other,other
31071_2022-11-04,2.0,pt,48704.0,49612.0,908.0,other,other
31071_2022-11-04,3.0,pt,49972.0,50429.0,457.0,other,home
30729_2022-12-05,0.0,mpt,62309.0,62464.0,155.0,home,home
30729_2022-12-05,1.0,walk,68031.0,68259.0,228.0,home,home
30729_2022-12-05,2.0,mpt,69332.0,70807.0,1475.0,home,leisure
30729_2022-12-05,3.0,mpt,75948.0,76952.0,1004.0,leisure,work
30231_2022-12-25,0.0,bike,34512.0,35295.0,783.0,home,education
30231_2022-12-25,1.0,bike,53819.0,55306.0,1487.0,education,home
31085_2022-09-20,0.0,mpt,26830.0,27161.0,331.0,home,education
31085_2022-09-20,1.0,mpt,28304.0,31507.0,3203.0,education,education
31085_2022-09-20,2.0,mpt,50753.0,52566.0,1813.0,education,education
31085_2022-09-20,3.0,walk,53455.0,53539.0,84.0,education,education
31085_2022-09-20,4.0,mpt,58929.0,60780.0,1851.0,education,home
31085_2022-09-20,5.0,mpt,66821.0,67324.0,503.0,home,home
30712_2022-09-24,0.0,walk,44603.0,46246.0,1643.0,home,leisure
30712_2022-09-24,1.0,walk,47481.0,48556.0,1075.0,leisure,home
30450_2022-09-11,0.0,mpt,55120.0,55441.0,321.0,other,leisure
30450_2022-09-11,1.0,mpt,64019.0,64584.0,565.0,leisure,home
30872_2022-11-14,0.0,mpt,25053.0,26634.0,1581.0,home,home
30872_2022-11-14,1.0,mpt,27759.0,29415.0,1656.0,home,shop
30872_2022-11-14,2.0,mpt,38081.0,39283.0,1202.0,shop,home
30872_2022-11-14,3.0,mpt,53839.0,54008.0,169.0,home,other
30872_2022-11-14,4.0,mpt,55025.0,55316.0,291.0,other,home
30099_2022-09-03,0.0,mpt,27973.0,29379.0,1406.0,home,leisure
30099_2022-09-03,1.0,mpt,35400.0,35930.0,530.0,leisure,shop
30099_2022-09-03,2.0,mpt,36341.0,38146.0,1805.0,shop,home
30149_2022-10-08,0.0,mpt,35263.0,35675.0,412.0,home,shop
30149_2022-10-08,1.0,mpt,36310.0,36635.0,325.0,shop,home
30567_2022-11-17,0.0,walk,60354.0,60798.0,444.0,home,other
30567_2022-11-17,1.0,walk,61208.0,63989.0,2781.0,other,home
30567_2022-11-17,2.0,walk,65794.0,67124.0,1330.0,home,home
30640_2022-10-27,0.0,walk,42968.0,47285.0,4317.0,home,shop
30640_2022-10-27,1.0,pt,50027.0,52492.0,2465.0,shop,other
30640_2022-10-27,2.0,pt,52800.0,53243.0,443.0,other,home
30174_2022-09-05,0.0,bike,17663.0,20961.0,3298.0,home,home
30174_2022-09-05,1.0,pt,41383.0,42759.0,1376.0,home,shop
30174_2022-09-05,2.0,walk,43145.0,47545.0,4400.0,shop,leisure
30174_2022-09-05,3.0,walk,47878.0,47964.0,86.0,leisure,shop
30174_2022-09-05,4.0,pt,48683.0,49338.0,655.0,shop,home
30415_2022-11-18,0.0,walk,43105.0,43530.0,425.0,home,shop
30415_2022-11-18,1.0,walk,44903.0,45684.0,781.0,shop,home
30415_2022-11-18,2.0,pt,53710.0,54023.0,313.0,home,other
30415_2022-11-18,3.0,pt,54412.0,55778.0,1366.0,other,leisure
30415_2022-11-18,4.0,pt,58326.0,60048.0,1722.0,leisure,leisure
30415_2022-11-18,5.0,walk,62829.0,63815.0,986.0,leisure,home
30415_2022-11-18,6.0,walk,71564.0,72373.0,809.0,home,leisure
30415_2022-11-18,7.0,walk,82800.0,83465.0,665.0,leisure,other
30151_2022-08-04,0.0,walk,51719.0,61823.0,10104.0,home,leisure
30151_2022-08-04,1.0,other,62817.0,62973.0,156.0,leisure,home
30517_2022-11-30,0.0,mpt,21066.0,22753.0,1687.0,home,education
30517_2022-11-30,1.0,mpt,37768.0,39050.0,1282.0,education,education
30517_2022-11-30,2.0,mpt,52179.0,53242.0,1063.0,education,education
30517_2022-11-30,3.0,mpt,54061.0,56970.0,2909.0,education,other
30517_2022-11-30,4.0,mpt,57370.0,58461.0,1091.0,other,home
30830_2022-11-28,0.0,pt,19917.0,21093.0,1176.0,home,education
30830_2022-11-28,1.0,bike,39146.0,39618.0,472.0,education,leisure
30830_2022-11-28,2.0,bike,43155.0,43495.0,340.0,leisure,education
30830_2022-11-28,3.0,pt,57035.0,58463.0,1428.0,education,home
30252_2023-01-10,0.0,mpt,16119.0,18135.0,2016.0,home,home
30252_2023-01-10,1.0,mpt,39761.0,41020.0,1259.0,home,home
30252_2023-01-10,2.0,mpt,43140.0,44697.0,1557.0,home,home
30252_2023-01-10,3.0,mpt,45058.0,46833.0,1775.0,home,home
30252_2023-01-10,4.0,pt,64043.0,64478.0,435.0,home,leisure
30252_2023-01-10,5.0,mpt,75038.0,76235.0,1197.0,leisure,home
30517_2022-11-09,0.0,mpt,21878.0,23810.0,1932.0,home,work
30517_2022-11-09,1.0,mpt,43051.0,44093.0,1042.0,work,education
30517_2022-11-09,2.0,pt,53074.0,57729.0,4655.0,education,work
30517_2022-11-09,3.0,walk,63901.0,64676.0,775.0,work,shop
30517_2022-11-09,4.0,pt,65232.0,67839.0,2607.0,shop,home
30861_2022-11-18,0.0,mpt,62499.0,63615.0,1116.0,home,home
30105_2022-10-12,0.0,mpt,54544.0,55011.0,467.0,home,home
30105_2022-10-12,1.0,bike,61714.0,62258.0,544.0,home,home
30938_2022-08-15,0.0,walk,28996.0,30553.0,1557.0,home,education
30938_2022-08-15,1.0,walk,49800.0,49896.0,96.0,education,education
30938_2022-08-15,2.0,walk,65463.0,66384.0,921.0,education,home
30802_2022-12-22,0.0,mpt,11410.0,12588.0,1178.0,home,work
30802_2022-12-22,1.0,walk,31422.0,31552.0,130.0,work,work
30802_2022-12-22,2.0,mpt,44095.0,45293.0,1198.0,work,home
30802_2022-12-22,3.0,mpt,49649.0,50800.0,1151.0,home,shop
30802_2022-12-22,4.0,mpt,51559.0,52041.0,482.0,shop,shop
30802_2022-12-22,5.0,mpt,53043.0,53742.0,699.0,shop,home
31025_2022-11-16,0.0,mpt,45188.0,45215.0,27.0,home,shop
31025_2022-11-16,1.0,mpt,47695.0,49157.0,1462.0,shop,shop
31025_2022-11-16,2.0,mpt,49692.0,49961.0,269.0,shop,shop
31025_2022-11-16,3.0,walk,50415.0,50495.0,80.0,shop,shop
31025_2022-11-16,4.0,mpt,56998.0,58163.0,1165.0,shop,shop
31025_2022-11-16,5.0,walk,59078.0,59135.0,57.0,shop,shop
31025_2022-11-16,6.0,mpt,59880.0,60019.0,139.0,shop,shop
31025_2022-11-16,7.0,walk,60746.0,61311.0,565.0,shop,home
30109_2022-12-19,0.0,walk,54748.0,56149.0,1401.0,home,home
30450_2022-09-21,0.0,walk,22035.0,22206.0,171.0,other,home
30450_2022-09-21,1.0,walk,36085.0,36289.0,204.0,home,home
30342_2022-10-31,0.0,bike,22870.0,24357.0,1487.0,home,education
30342_2022-10-31,1.0,bike,33042.0,33577.0,535.0,education,education
30342_2022-10-31,2.0,bike,42398.0,42993.0,595.0,education,work
30342_2022-10-31,3.0,bike,61183.0,62136.0,953.0,work,home
30342_2022-10-31,4.0,walk,62634.0,62946.0,312.0,home,home
30099_2022-08-29,0.0,bike,17109.0,18445.0,1336.0,home,work
30099_2022-08-29,1.0,bike,29323.0,29360.0,37.0,work,education
30099_2022-08-29,2.0,bike,30157.0,31296.0,1139.0,education,education
30099_2022-08-29,3.0,walk,31716.0,32024.0,308.0,education,education
30099_2022-08-29,4.0,walk,32598.0,32904.0,306.0,education,work
30099_2022-08-29,5.0,walk,39224.0,39579.0,355.0,work,education
30099_2022-08-29,6.0,bike,47086.0,49029.0,1943.0,education,work
30099_2022-08-29,7.0,bike,59914.0,60991.0,1077.0,work,home
30820_2022-12-05,0.0,walk,28426.0,29303.0,877.0,home,home
30820_2022-12-05,1.0,mpt,57259.0,57368.0,109.0,home,leisure
30820_2022-12-05,2.0,mpt,65499.0,65574.0,75.0,leisure,home
30349_2022-10-10,0.0,pt,36102.0,37396.0,1294.0,home,leisure
30349_2022-10-10,1.0,pt,40317.0,41495.0,1178.0,leisure,other
30349_2022-10-10,2.0,pt,41816.0,42279.0,463.0,other,education
30349_2022-10-10,3.0,walk,50569.0,51346.0,777.0,education,other
30349_2022-10-10,4.0,pt,52722.0,55796.0,3074.0,other,home
30349_2022-10-10,5.0,walk,61301.0,63615.0,2314.0,home,home
30238_2022-07-22,0.0,mpt,15709.0,17095.0,1386.0,home,home
30238_2022-07-22,1.0,other,18540.0,21227.0,2687.0,home,home
30238_2022-07-22,2.0,mpt,22210.0,24203.0,1993.0,home,home
30238_2022-07-22,3.0,walk,25147.0,25283.0,136.0,home,other
30238_2022-07-22,4.0,walk,34613.0,35108.0,495.0,other,work
30238_2022-07-22,5.0,mpt,54085.0,56476.0,2391.0,work,home
31137_2022-12-07,0.0,pt,21202.0,24983.0,3781.0,home,education
31137_2022-12-07,1.0,walk,28961.0,29162.0,201.0,education,work
31137_2022-12-07,2.0,walk,40743.0,41030.0,287.0,work,leisure
31137_2022-12-07,3.0,walk,42712.0,42958.0,246.0,leisure,education
31137_2022-12-07,4.0,walk,57120.0,57891.0,771.0,education,other
31137_2022-12-07,5.0,pt,58399.0,59908.0,1509.0,other,home
31137_2022-12-07,6.0,mpt,65701.0,66749.0,1048.0,home,shop
31137_2022-12-07,7.0,mpt,67513.0,67758.0,245.0,shop,home
30658_2022-10-03,0.0,bike,19689.0,20606.0,917.0,home,work
30658_2022-10-03,1.0,bike,56257.0,57889.0,1632.0,work,home
30544_2022-11-07,0.0,walk,27402.0,28053.0,651.0,home,home
30544_2022-11-07,1.0,walk,51280.0,51643.0,363.0,home,home
30544_2022-11-07,2.0,walk,58838.0,60368.0,1530.0,home,home
30544_2022-11-07,3.0,walk,67858.0,68806.0,948.0,home,home
30168_2022-09-26,0.0,mpt,13275.0,14458.0,1183.0,home,education
30168_2022-09-26,1.0,walk,33459.0,33981.0,522.0,education,shop
30168_2022-09-26,2.0,walk,34553.0,35313.0,760.0,shop,work
30168_2022-09-26,3.0,walk,44393.0,45418.0,1025.0,work,education
30168_2022-09-26,4.0,mpt,50534.0,51904.0,1370.0,education,home
30679_2022-10-26,0.0,pt,58267.0,62400.0,4133.0,home,leisure
30679_2022-10-26,1.0,pt,71596.0,74680.0,3084.0,leisure,home
30699_2022-11-19,0.0,pt,40646.0,53995.0,13349.0,home,home
30699_2022-11-19,1.0,walk,57186.0,57957.0,771.0,home,shop
30699_2022-11-19,2.0,walk,63192.0,63306.0,114.0,shop,home
30699_2022-11-19,3.0,pt,66086.0,67366.0,1280.0,home,leisure
30699_2022-11-19,4.0,walk,71391.0,71889.0,498.0,leisure,leisure
30699_2022-11-19,5.0,walk,84261.0,84671.0,410.0,leisure,home
30794_2022-12-05,0.0,walk,22457.0,23759.0,1302.0,home,education
30794_2022-12-05,1.0,walk,43707.0,44808.0,1101.0,education,home
30794_2022-12-05,2.0,bike,59220.0,60423.0,1203.0,home,leisure
30794_2022-12-05,3.0,bike,65096.0,66416.0,1320.0,leisure,home
30168_2022-09-11,0.0,bike,33025.0,38566.0,5541.0,home,home
30168_2022-09-11,1.0,walk,46838.0,48908.0,2070.0,home,leisure
30168_2022-09-11,2.0,walk,49840.0,51540.0,1700.0,leisure,home
31284_2022-08-27,0.0,mpt,28165.0,29132.0,967.0,home,home
31284_2022-08-27,1.0,mpt,43944.0,67126.0,23182.0,home,home
31072_2022-11-10,0.0,pt,19674.0,20889.0,1215.0,home,other
31072_2022-11-10,1.0,pt,21237.0,22977.0,1740.0,other,work
31072_2022-11-10,2.0,pt,43149.0,44832.0,1683.0,work,work
31072_2022-11-10,3.0,pt,60127.0,60367.0,240.0,work,other
31072_2022-11-10,4.0,pt,61096.0,63737.0,2641.0,other,home
30448_2022-10-20,0.0,bike,32173.0,32793.0,620.0,home,education
30448_2022-10-20,1.0,bike,36545.0,36821.0,276.0,education,home
30448_2022-10-20,2.0,bike,40644.0,41226.0,582.0,home,education
30448_2022-10-20,3.0,walk,51850.0,52190.0,340.0,education,education
30448_2022-10-20,4.0,mpt,52579.0,54495.0,1916.0,education,other
30448_2022-10-20,5.0,mpt,55990.0,56313.0,323.0,other,shop
30448_2022-10-20,6.0,walk,57113.0,57236.0,123.0,shop,leisure
30448_2022-10-20,7.0,mpt,60026.0,61352.0,1326.0,leisure,home
30536_2022-10-03,0.0,mpt,19633.0,20830.0,1197.0,home,education
30536_2022-10-03,1.0,mpt,26028.0,28045.0,2017.0,education,education
30536_2022-10-03,2.0,mpt,32397.0,36968.0,4571.0,education,education
30536_2022-10-03,3.0,mpt,41096.0,46000.0,4904.0,education,home
31248_2022-11-25,0.0,mpt,41452.0,42557.0,1105.0,home,leisure
31248_2022-11-25,1.0,walk,45537.0,45628.0,91.0,leisure,shop
31248_2022-11-25,2.0,mpt,46004.0,47804.0,1800.0,shop,home
30796_2022-12-08,0.0,pt,59487.0,64488.0,5001.0,home,leisure
30796_2022-12-08,1.0,pt,80129.0,85280.0,5151.0,leisure,home
30591_2023-01-13,0.0,mpt,60622.0,63972.0,3350.0,home,other
30591_2023-01-13,1.0,mpt,73758.0,76694.0,2936.0,other,home
31006_2022-11-30,0.0,pt,20662.0,29251.0,8589.0,home,education
31006_2022-11-30,1.0,pt,58254.0,67602.0,9348.0,education,home
31006_2022-11-30,2.0,walk,68671.0,68993.0,322.0,home,leisure
31006_2022-11-30,3.0,walk,73278.0,73628.0,350.0,leisure,home
31022_2022-08-22,0.0,mpt,16583.0,17124.0,541.0,home,leisure
31022_2022-08-22,1.0,mpt,19355.0,20249.0,894.0,leisure,home
30636_2022-11-08,0.0,mpt,24966.0,25684.0,718.0,home,education
30636_2022-11-08,1.0,mpt,50252.0,51052.0,800.0,education,home
30636_2022-11-08,2.0,mpt,56622.0,58030.0,1408.0,home,shop
30636_2022-11-08,3.0,mpt,61517.0,64479.0,2962.0,shop,home
31234_2022-09-26,0.0,mpt,62223.0,62808.0,585.0,home,leisure
31234_2022-09-26,1.0,mpt,67983.0,68541.0,558.0,leisure,home
31100_2022-12-15,0.0,bike,26299.0,26994.0,695.0,home,work
31100_2022-12-15,1.0,walk,42428.0,42979.0,551.0,work,education
31100_2022-12-15,2.0,bike,58991.0,60388.0,1397.0,education,home
31100_2022-12-15,3.0,bike,66135.0,67084.0,949.0,home,home
30008_2022-12-17,0.0,mpt,41463.0,43428.0,1965.0,home,other
30008_2022-12-17,1.0,mpt,44144.0,45122.0,978.0,other,home
30008_2022-12-17,2.0,walk,61432.0,62882.0,1450.0,home,shop
30008_2022-12-17,3.0,walk,63483.0,64827.0,1344.0,shop,home
30500_2022-08-10,0.0,bike,11706.0,14053.0,2347.0,home,education
30500_2022-08-10,1.0,mpt,28249.0,29147.0,898.0,education,education
30500_2022-08-10,2.0,mpt,29751.0,31334.0,1583.0,education,education
30500_2022-08-10,3.0,mpt,31992.0,33229.0,1237.0,education,leisure
30500_2022-08-10,4.0,mpt,37557.0,38564.0,1007.0,leisure,education
30500_2022-08-10,5.0,mpt,41528.0,42161.0,633.0,education,education
30500_2022-08-10,6.0,mpt,52600.0,53678.0,1078.0,education,education
30500_2022-08-10,7.0,bike,55248.0,57778.0,2530.0,education,home
30049_2022-12-02,0.0,mpt,39905.0,40018.0,113.0,education,home
30049_2022-12-02,1.0,mpt,44605.0,44777.0,172.0,home,education
30049_2022-12-02,2.0,mpt,58547.0,58649.0,102.0,education,home
30838_2022-12-14,0.0,pt,31445.0,33129.0,1684.0,home,education
30838_2022-12-14,1.0,walk,43922.0,44393.0,471.0,education,education
30838_2022-12-14,2.0,walk,50505.0,51174.0,669.0,education,education
30838_2022-12-14,3.0,walk,53698.0,53938.0,240.0,education,education
30838_2022-12-14,4.0,walk,57629.0,59422.0,1793.0,education,home
30102_2022-10-28,0.0,mpt,18193.0,18677.0,484.0,home,education
30102_2022-10-28,1.0,mpt,37299.0,37689.0,390.0,education,home
30102_2022-10-28,2.0,mpt,43036.0,43636.0,600.0,home,other
30102_2022-10-28,3.0,mpt,44797.0,45153.0,356.0,other,shop
30102_2022-10-28,4.0,mpt,48890.0,49790.0,900.0,shop,home
30102_2022-10-28,5.0,mpt,59773.0,60338.0,565.0,home,leisure
30102_2022-10-28,6.0,mpt,75616.0,76031.0,415.0,leisure,home
30600_2022-08-03,0.0,walk,36798.0,39974.0,3176.0,home,home
30313_2022-10-27,0.0,bike,19963.0,21010.0,1047.0,home,education
30313_2022-10-27,1.0,bike,28510.0,28939.0,429.0,education,education
30313_2022-10-27,2.0,walk,34530.0,34585.0,55.0,education,education
30313_2022-10-27,3.0,walk,36394.0,36910.0,516.0,education,work
30313_2022-10-27,4.0,bike,42907.0,43160.0,253.0,work,education
30313_2022-10-27,5.0,bike,49788.0,50282.0,494.0,education,home
30601_2022-09-01,0.0,mpt,22854.0,25550.0,2696.0,home,shop
30601_2022-09-01,1.0,mpt,26453.0,27705.0,1252.0,shop,shop
30601_2022-09-01,2.0,mpt,29339.0,31469.0,2130.0,shop,shop
30601_2022-09-01,3.0,walk,36358.0,36931.0,573.0,shop,leisure
30601_2022-09-01,4.0,mpt,37946.0,41310.0,3364.0,leisure,home
30601_2022-09-01,5.0,mpt,48665.0,48982.0,317.0,home,shop
30601_2022-09-01,6.0,mpt,50530.0,50808.0,278.0,shop,home
30177_2022-11-02,0.0,walk,31980.0,35140.0,3160.0,home,home
30177_2022-11-02,1.0,walk,46816.0,49105.0,2289.0,home,home
30177_2022-11-02,2.0,walk,50633.0,51459.0,826.0,home,home
31166_2022-12-02,0.0,walk,59239.0,60299.0,1060.0,home,leisure
31166_2022-12-02,1.0,walk,62090.0,63623.0,1533.0,leisure,leisure
31166_2022-12-02,2.0,walk,75108.0,75443.0,335.0,leisure,home
30749_2022-11-23,0.0,mpt,42729.0,43238.0,509.0,home,education
30749_2022-11-23,1.0,mpt,56846.0,57579.0,733.0,education,home
30989_2022-12-02,0.0,walk,57594.0,58791.0,1197.0,home,home
31137_2022-12-22,0.0,walk,37036.0,37373.0,337.0,home,other
31137_2022-12-22,1.0,mpt,37797.0,38166.0,369.0,other,home
31137_2022-12-22,2.0,walk,42967.0,43109.0,142.0,home,home
31137_2022-12-22,3.0,walk,48967.0,49091.0,124.0,home,home
31137_2022-12-22,4.0,mpt,50656.0,50824.0,168.0,home,leisure
31137_2022-12-22,5.0,mpt,51482.0,52389.0,907.0,leisure,other
31137_2022-12-22,6.0,mpt,53137.0,54030.0,893.0,other,shop
31137_2022-12-22,7.0,mpt,56386.0,57264.0,878.0,shop,shop
31137_2022-12-22,8.0,mpt,57741.0,58033.0,292.0,shop,home
30875_2022-08-24,0.0,bike,60404.0,61134.0,730.0,home,leisure
30875_2022-08-24,1.0,bike,70865.0,71963.0,1098.0,leisure,home
30236_2022-10-24,0.0,walk,19261.0,22584.0,3323.0,home,home
30236_2022-10-24,1.0,walk,53692.0,54223.0,531.0,home,shop
30236_2022-10-24,2.0,mpt,54936.0,55753.0,817.0,shop,home
30789_2022-08-15,0.0,bike,28411.0,28587.0,176.0,home,education
30789_2022-08-15,1.0,bike,29443.0,29575.0,132.0,education,leisure
30789_2022-08-15,2.0,bike,35151.0,35505.0,354.0,leisure,shop
30789_2022-08-15,3.0,bike,36866.0,37183.0,317.0,shop,home
30789_2022-08-15,4.0,bike,61713.0,61957.0,244.0,home,other
30789_2022-08-15,5.0,bike,67899.0,68272.0,373.0,other,home
30385_2022-09-28,0.0,pt,17193.0,20184.0,2991.0,home,education
30385_2022-09-28,1.0,walk,29321.0,29657.0,336.0,education,education
30385_2022-09-28,2.0,walk,36239.0,36633.0,394.0,education,work
30385_2022-09-28,3.0,walk,49489.0,50497.0,1008.0,work,education
30385_2022-09-28,4.0,pt,53113.0,55246.0,2133.0,education,other
30385_2022-09-28,5.0,pt,56011.0,56469.0,458.0,other,home
30987_2022-08-22,0.0,mpt,16517.0,18179.0,1662.0,home,work
30987_2022-08-22,1.0,mpt,51664.0,52784.0,1120.0,work,home
30115_2022-09-28,0.0,walk,22257.0,22468.0,211.0,home,other
30115_2022-09-28,1.0,walk,22908.0,23293.0,385.0,other,education
30115_2022-09-28,2.0,walk,37724.0,38024.0,300.0,education,shop
30115_2022-09-28,3.0,walk,38859.0,39302.0,443.0,shop,education
30115_2022-09-28,4.0,walk,55325.0,55700.0,375.0,education,other
30115_2022-09-28,5.0,walk,56597.0,57670.0,1073.0,other,home
31096_2023-01-17,0.0,walk,9590.0,9651.0,61.0,home,home
31096_2023-01-17,1.0,pt,39261.0,43119.0,3858.0,home,home
31096_2023-01-17,2.0,walk,53080.0,53856.0,776.0,home,home
31096_2023-01-17,3.0,pt,66543.0,71105.0,4562.0,home,home
30211_2022-11-09,0.0,mpt,20012.0,25775.0,5763.0,home,leisure
30211_2022-11-09,1.0,walk,28637.0,29334.0,697.0,leisure,education
30211_2022-11-09,2.0,mpt,33904.0,34874.0,970.0,education,leisure
30211_2022-11-09,3.0,mpt,37563.0,40641.0,3078.0,leisure,home
30211_2022-11-09,4.0,mpt,53052.0,53356.0,304.0,home,home
30211_2022-11-09,5.0,mpt,58444.0,58659.0,215.0,home,home
30177_2022-10-27,0.0,walk,42161.0,44466.0,2305.0,home,home
30167_2022-11-08,0.0,walk,40341.0,42477.0,2136.0,home,leisure
30167_2022-11-08,1.0,walk,43121.0,44183.0,1062.0,leisure,other
30167_2022-11-08,2.0,walk,44839.0,44942.0,103.0,other,leisure
30167_2022-11-08,3.0,mpt,47125.0,47492.0,367.0,leisure,home
30167_2022-11-08,4.0,walk,66805.0,67653.0,848.0,home,leisure
30167_2022-11-08,5.0,pt,73999.0,74432.0,433.0,leisure,leisure
30167_2022-11-08,6.0,walk,80994.0,81346.0,352.0,leisure,home
30515_2022-10-04,0.0,mpt,22721.0,23341.0,620.0,home,education
30515_2022-10-04,1.0,mpt,37799.0,38488.0,689.0,education,home
30515_2022-10-04,2.0,walk,57310.0,57412.0,102.0,home,home
30229_2022-09-18,0.0,pt,32748.0,33747.0,999.0,home,leisure
30229_2022-09-18,1.0,walk,34368.0,34635.0,267.0,leisure,leisure
30229_2022-09-18,2.0,walk,37291.0,37372.0,81.0,leisure,leisure
30229_2022-09-18,3.0,walk,37864.0,37933.0,69.0,leisure,leisure
30229_2022-09-18,4.0,walk,41609.0,42029.0,420.0,leisure,leisure
30229_2022-09-18,5.0,walk,44122.0,44822.0,700.0,leisure,leisure
30229_2022-09-18,6.0,walk,48241.0,48691.0,450.0,leisure,leisure
30229_2022-09-18,7.0,walk,50113.0,50386.0,273.0,leisure,leisure
30229_2022-09-18,8.0,pt,52070.0,53217.0,1147.0,leisure,home
30134_2023-02-02,0.0,bike,35981.0,36147.0,166.0,home,home
30134_2023-02-02,1.0,mpt,38483.0,39048.0,565.0,home,home
30134_2023-02-02,2.0,mpt,41461.0,41635.0,174.0,home,other
30134_2023-02-02,3.0,mpt,42132.0,42522.0,390.0,other,shop
30134_2023-02-02,4.0,mpt,42933.0,44987.0,2054.0,shop,education
30134_2023-02-02,5.0,mpt,52283.0,52785.0,502.0,education,shop
30134_2023-02-02,6.0,mpt,53590.0,54055.0,465.0,shop,leisure
30134_2023-02-02,7.0,walk,62287.0,62604.0,317.0,leisure,leisure
30134_2023-02-02,8.0,mpt,75146.0,76551.0,1405.0,leisure,other
30134_2023-02-02,9.0,mpt,76919.0,77555.0,636.0,other,home
30932_2022-10-30,0.0,walk,42628.0,44819.0,2191.0,home,home
30932_2022-10-30,1.0,pt,60292.0,61869.0,1577.0,home,shop
30932_2022-10-30,2.0,pt,62945.0,66397.0,3452.0,shop,home
30938_2022-08-23,0.0,walk,34201.0,35039.0,838.0,home,education
30938_2022-08-23,1.0,walk,56066.0,56786.0,720.0,education,shop
30938_2022-08-23,2.0,walk,57467.0,57918.0,451.0,shop,home
30303_2022-10-28,0.0,mpt,18236.0,18830.0,594.0,home,education
30303_2022-10-28,1.0,mpt,35056.0,35716.0,660.0,education,home
30303_2022-10-28,2.0,walk,49317.0,49452.0,135.0,home,home
30303_2022-10-28,3.0,walk,57390.0,57950.0,560.0,home,home
30303_2022-10-28,4.0,mpt,61093.0,61971.0,878.0,home,other
30303_2022-10-28,5.0,mpt,63383.0,63676.0,293.0,other,leisure
30303_2022-10-28,6.0,mpt,72980.0,73921.0,941.0,leisure,home
31158_2023-01-10,0.0,mpt,59843.0,60998.0,1155.0,home,shop
31158_2023-01-10,1.0,walk,62258.0,62764.0,506.0,shop,leisure
31158_2023-01-10,2.0,walk,67284.0,67620.0,336.0,leisure,leisure
31158_2023-01-10,3.0,pt,77373.0,79096.0,1723.0,leisure,home
31251_2022-12-23,0.0,mpt,45877.0,46477.0,600.0,home,other
31251_2022-12-23,1.0,mpt,46981.0,48576.0,1595.0,other,home
31251_2022-12-23,2.0,mpt,56188.0,56708.0,520.0,home,other
31251_2022-12-23,3.0,mpt,57375.0,58351.0,976.0,other,home
30116_2022-07-29,0.0,walk,62475.0,62769.0,294.0,home,home
30511_2022-09-21,0.0,mpt,35549.0,36940.0,1391.0,home,home
30511_2022-09-21,1.0,mpt,56429.0,57907.0,1478.0,home,work
30511_2022-09-21,2.0,mpt,62499.0,62694.0,195.0,work,other
30511_2022-09-21,3.0,mpt,64410.0,65626.0,1216.0,other,home
30517_2022-11-25,0.0,mpt,40859.0,41721.0,862.0,home,other
30517_2022-11-25,1.0,mpt,42114.0,43298.0,1184.0,other,leisure
30517_2022-11-25,2.0,mpt,51409.0,53369.0,1960.0,leisure,home
31116_2022-10-07,0.0,mpt,51563.0,51712.0,149.0,home,shop
31116_2022-10-07,1.0,mpt,52658.0,57550.0,4892.0,shop,shop
31116_2022-10-07,2.0,mpt,58023.0,59011.0,988.0,shop,home
31080_2022-10-05,0.0,walk,42069.0,42634.0,565.0,home,home
31080_2022-10-05,1.0,walk,43058.0,43683.0,625.0,home,home
30728_2022-11-18,0.0,pt,26589.0,26717.0,128.0,home,home
30728_2022-11-18,1.0,mpt,27106.0,27264.0,158.0,home,home
30728_2022-11-18,2.0,mpt,44838.0,45673.0,835.0,home,home
30728_2022-11-18,3.0,mpt,51451.0,52494.0,1043.0,home,home
30728_2022-11-18,4.0,mpt,58986.0,61856.0,2870.0,home,shop
30728_2022-11-18,5.0,mpt,65835.0,67434.0,1599.0,shop,leisure
30728_2022-11-18,6.0,mpt,68403.0,69297.0,894.0,leisure,home
30728_2022-11-18,7.0,mpt,71561.0,72394.0,833.0,home,home
30168_2022-09-14,0.0,mpt,13203.0,14309.0,1106.0,home,education
30168_2022-09-14,1.0,walk,33819.0,34055.0,236.0,education,leisure
30168_2022-09-14,2.0,walk,39379.0,39735.0,356.0,leisure,education
30168_2022-09-14,3.0,mpt,50345.0,51702.0,1357.0,education,home
30168_2022-09-14,4.0,walk,52145.0,53781.0,1636.0,home,home
31274_2022-11-25,0.0,walk,38242.0,38559.0,317.0,home,leisure
31274_2022-11-25,1.0,walk,39093.0,39406.0,313.0,leisure,leisure
31274_2022-11-25,2.0,walk,48052.0,48445.0,393.0,leisure,education
31274_2022-11-25,3.0,walk,56781.0,56937.0,156.0,education,leisure
31274_2022-11-25,4.0,pt,57788.0,58346.0,558.0,leisure,home
30226_2022-12-01,0.0,pt,58723.0,59879.0,1156.0,home,leisure
30226_2022-12-01,1.0,pt,62193.0,63104.0,911.0,leisure,home
30391_2022-09-27,0.0,mpt,19305.0,19935.0,630.0,home,other
30391_2022-09-27,1.0,mpt,20293.0,22511.0,2218.0,other,other
30391_2022-09-27,2.0,mpt,25272.0,25534.0,262.0,other,leisure
30391_2022-09-27,3.0,mpt,27711.0,28331.0,620.0,leisure,leisure
30391_2022-09-27,4.0,mpt,32365.0,32380.0,15.0,leisure,leisure
30391_2022-09-27,5.0,mpt,35923.0,35982.0,59.0,leisure,home
30391_2022-09-27,6.0,mpt,45684.0,45929.0,245.0,home,other
30391_2022-09-27,7.0,mpt,47095.0,47333.0,238.0,other,other
30391_2022-09-27,8.0,mpt,47822.0,48199.0,377.0,other,leisure
30391_2022-09-27,9.0,mpt,49809.0,50203.0,394.0,leisure,home
30256_2022-11-22,0.0,mpt,63662.0,66193.0,2531.0,home,home
30439_2022-11-17,0.0,mpt,17917.0,20539.0,2622.0,home,home
30439_2022-11-17,1.0,walk,42400.0,43262.0,862.0,home,shop
30439_2022-11-17,2.0,walk,43625.0,44714.0,1089.0,shop,home
30439_2022-11-17,3.0,mpt,58754.0,62905.0,4151.0,home,home
30439_2022-11-17,4.0,mpt,71252.0,72704.0,1452.0,home,home
31240_2022-12-29,0.0,walk,57807.0,58745.0,938.0,home,shop
31240_2022-12-29,1.0,walk,59213.0,60067.0,854.0,shop,home
30989_2022-12-08,0.0,walk,40103.0,40470.0,367.0,home,education
30989_2022-12-08,1.0,walk,57035.0,57442.0,407.0,education,home
30981_2022-09-07,0.0,bike,22175.0,23932.0,1757.0,home,education
30981_2022-09-07,1.0,walk,32148.0,32445.0,297.0,education,education
30981_2022-09-07,2.0,walk,37034.0,37703.0,669.0,education,leisure
30981_2022-09-07,3.0,walk,41966.0,42184.0,218.0,leisure,education
30981_2022-09-07,4.0,walk,53672.0,54093.0,421.0,education,education
30981_2022-09-07,5.0,bike,55708.0,56840.0,1132.0,education,home
30981_2022-09-07,6.0,mpt,74835.0,76846.0,2011.0,home,other
30981_2022-09-07,7.0,mpt,78485.0,80577.0,2092.0,other,home
30327_2022-12-15,0.0,walk,51642.0,58376.0,6734.0,home,home
30339_2022-12-14,0.0,pt,37512.0,39781.0,2269.0,home,leisure
30339_2022-12-14,1.0,walk,46817.0,46979.0,162.0,leisure,leisure
30339_2022-12-14,2.0,pt,57792.0,58664.0,872.0,leisure,shop
30339_2022-12-14,3.0,pt,59393.0,61526.0,2133.0,shop,home
30008_2022-12-12,0.0,bike,22620.0,24314.0,1694.0,home,education
30008_2022-12-12,1.0,walk,41918.0,42047.0,129.0,education,leisure
30008_2022-12-12,2.0,walk,43542.0,43755.0,213.0,leisure,education
30008_2022-12-12,3.0,bike,52394.0,54078.0,1684.0,education,home
31094_2022-12-13,0.0,walk,19697.0,20308.0,611.0,home,home
31094_2022-12-13,1.0,mpt,24480.0,25685.0,1205.0,home,education
31094_2022-12-13,2.0,walk,26058.0,26335.0,277.0,education,education
31094_2022-12-13,3.0,mpt,30098.0,31224.0,1126.0,education,leisure
31094_2022-12-13,4.0,mpt,32455.0,33513.0,1058.0,leisure,education
31094_2022-12-13,5.0,mpt,36770.0,39686.0,2916.0,education,work
31094_2022-12-13,6.0,mpt,48322.0,51831.0,3509.0,work,education
31094_2022-12-13,7.0,mpt,56668.0,58607.0,1939.0,education,leisure
31094_2022-12-13,8.0,mpt,59720.0,60310.0,590.0,leisure,home
30009_2022-10-01,0.0,mpt,64154.0,65602.0,1448.0,home,other
30009_2022-10-01,1.0,mpt,66394.0,67862.0,1468.0,other,leisure
30769_2022-11-09,0.0,mpt,23015.0,23633.0,618.0,home,leisure
30769_2022-11-09,1.0,mpt,24519.0,25234.0,715.0,leisure,home
30769_2022-11-09,2.0,walk,28629.0,28834.0,205.0,home,other
30769_2022-11-09,3.0,walk,31276.0,31614.0,338.0,other,home
30769_2022-11-09,4.0,mpt,62838.0,63497.0,659.0,home,shop
30769_2022-11-09,5.0,mpt,65192.0,65513.0,321.0,shop,home
31207_2022-11-15,0.0,mpt,18697.0,21248.0,2551.0,home,education
31207_2022-11-15,1.0,walk,28449.0,28717.0,268.0,education,education
31207_2022-11-15,2.0,walk,38999.0,39154.0,155.0,education,education
31207_2022-11-15,3.0,walk,53609.0,53810.0,201.0,education,education
31207_2022-11-15,4.0,mpt,56996.0,58899.0,1903.0,education,home
31207_2022-11-15,5.0,mpt,61584.0,61923.0,339.0,home,leisure
31207_2022-11-15,6.0,mpt,63702.0,64516.0,814.0,leisure,leisure
31207_2022-11-15,7.0,mpt,75982.0,76938.0,956.0,leisure,leisure
31207_2022-11-15,8.0,walk,79021.0,79200.0,179.0,leisure,home
30140_2022-12-01,0.0,walk,24010.0,26163.0,2153.0,home,home
30140_2022-12-01,1.0,walk,61761.0,64388.0,2627.0,home,home
30140_2022-12-01,2.0,walk,66869.0,67676.0,807.0,home,home
30186_2022-11-30,0.0,mpt,27025.0,27693.0,668.0,home,work
30186_2022-11-30,1.0,mpt,59149.0,59864.0,715.0,work,home
30186_2022-11-30,2.0,mpt,60483.0,61459.0,976.0,home,leisure
30186_2022-11-30,3.0,walk,62280.0,62390.0,110.0,leisure,leisure
30186_2022-11-30,4.0,walk,63917.0,64247.0,330.0,leisure,leisure
30186_2022-11-30,5.0,mpt,73447.0,74528.0,1081.0,leisure,home
30617_2022-11-14,0.0,pt,23308.0,25185.0,1877.0,home,education
30617_2022-11-14,1.0,walk,39277.0,39594.0,317.0,education,work
30617_2022-11-14,2.0,walk,42576.0,42635.0,59.0,work,education
30617_2022-11-14,3.0,pt,57097.0,58243.0,1146.0,education,shop
30617_2022-11-14,4.0,walk,58927.0,59266.0,339.0,shop,home
30704_2022-12-01,0.0,mpt,27766.0,29410.0,1644.0,home,other
30704_2022-12-01,1.0,mpt,32506.0,37056.0,4550.0,other,home
30704_2022-12-01,2.0,mpt,59558.0,62437.0,2879.0,home,leisure
30704_2022-12-01,3.0,mpt,79694.0,81540.0,1846.0,leisure,leisure
30704_2022-12-01,4.0,walk,82049.0,82648.0,599.0,leisure,home
30538_2022-11-17,0.0,walk,29481.0,30326.0,845.0,home,leisure
30538_2022-11-17,1.0,walk,33584.0,34295.0,711.0,leisure,home
30538_2022-11-17,2.0,pt,57523.0,57639.0,116.0,home,other
30538_2022-11-17,3.0,pt,58104.0,59603.0,1499.0,other,leisure
30538_2022-11-17,4.0,mpt,60369.0,60892.0,523.0,leisure,other
30538_2022-11-17,5.0,mpt,61461.0,62493.0,1032.0,other,other
30538_2022-11-17,6.0,mpt,63754.0,63776.0,22.0,other,leisure
30538_2022-11-17,7.0,pt,68423.0,68601.0,178.0,leisure,other
30538_2022-11-17,8.0,pt,69006.0,69502.0,496.0,other,home
31193_2022-10-25,0.0,walk,30607.0,33483.0,2876.0,home,home
30847_2022-10-24,0.0,mpt,17161.0,20898.0,3737.0,home,education
30847_2022-10-24,1.0,pt,35632.0,38683.0,3051.0,education,work
30847_2022-10-24,2.0,pt,49116.0,54548.0,5432.0,work,home
31234_2022-09-16,0.0,mpt,61062.0,61870.0,808.0,home,leisure
31234_2022-09-16,1.0,mpt,66574.0,67652.0,1078.0,leisure,home
30439_2022-11-06,0.0,other,18804.0,19421.0,617.0,home,leisure
30439_2022-11-06,1.0,other,30536.0,31254.0,718.0,leisure,leisure
30439_2022-11-06,2.0,other,38254.0,39086.0,832.0,leisure,leisure
30439_2022-11-06,3.0,walk,43213.0,43360.0,147.0,leisure,leisure
30439_2022-11-06,4.0,other,47352.0,68373.0,21021.0,leisure,other
30439_2022-11-06,5.0,pt,68737.0,72066.0,3329.0,other,home
31029_2022-12-15,0.0,pt,31322.0,32559.0,1237.0,home,education
31029_2022-12-15,1.0,walk,39263.0,39620.0,357.0,education,education
31029_2022-12-15,2.0,walk,51983.0,52365.0,382.0,education,education
31029_2022-12-15,3.0,pt,52974.0,53570.0,596.0,education,education
31029_2022-12-15,4.0,pt,55360.0,56330.0,970.0,education,home
31206_2022-09-04,0.0,walk,20144.0,20513.0,369.0,home,leisure
31206_2022-09-04,1.0,walk,21681.0,22100.0,419.0,leisure,leisure
31206_2022-09-04,2.0,walk,22766.0,23367.0,601.0,leisure,home
31206_2022-09-04,3.0,walk,28399.0,29518.0,1119.0,home,leisure
31206_2022-09-04,4.0,mpt,32241.0,33516.0,1275.0,leisure,home
31206_2022-09-04,5.0,walk,45244.0,55422.0,10178.0,home,home
30597_2022-11-08,0.0,bike,45344.0,46136.0,792.0,home,shop
30597_2022-11-08,1.0,walk,47113.0,47213.0,100.0,shop,shop
30597_2022-11-08,2.0,bike,48265.0,49427.0,1162.0,shop,home
30997_2022-12-20,0.0,bike,25235.0,26052.0,817.0,home,work
30997_2022-12-20,1.0,bike,56484.0,57221.0,737.0,work,other
30997_2022-12-20,2.0,walk,57800.0,57911.0,111.0,other,leisure
30997_2022-12-20,3.0,bike,62569.0,63855.0,1286.0,leisure,home
31021_2022-11-18,0.0,mpt,25897.0,26357.0,460.0,home,home
31021_2022-11-18,1.0,mpt,38687.0,38892.0,205.0,home,other
31021_2022-11-18,2.0,mpt,39584.0,39794.0,210.0,other,home
31021_2022-11-18,3.0,mpt,44363.0,46085.0,1722.0,home,education
31021_2022-11-18,4.0,mpt,46643.0,46847.0,204.0,education,education
31021_2022-11-18,5.0,mpt,48561.0,49698.0,1137.0,education,leisure
31021_2022-11-18,6.0,mpt,50077.0,50704.0,627.0,leisure,home
31021_2022-11-18,7.0,mpt,54159.0,54731.0,572.0,home,home
31021_2022-11-18,8.0,mpt,58905.0,61409.0,2504.0,home,shop
31021_2022-11-18,9.0,mpt,63614.0,64017.0,403.0,shop,home
31237_2022-11-22,0.0,walk,25742.0,26836.0,1094.0,home,education
31237_2022-11-22,1.0,mpt,43919.0,45490.0,1571.0,education,home
31237_2022-11-22,2.0,pt,48874.0,49362.0,488.0,home,education
31237_2022-11-22,3.0,pt,65330.0,65496.0,166.0,education,home
30008_2022-12-15,0.0,bike,31263.0,33357.0,2094.0,home,home
30008_2022-12-15,1.0,walk,41005.0,41281.0,276.0,home,education
30008_2022-12-15,2.0,walk,56404.0,57013.0,609.0,education,home
30008_2022-12-15,3.0,bike,59637.0,60098.0,461.0,home,leisure
30008_2022-12-15,4.0,bike,64284.0,64694.0,410.0,leisure,home
30008_2022-12-15,5.0,pt,65742.0,69029.0,3287.0,home,leisure
30008_2022-12-15,6.0,walk,75142.0,78050.0,2908.0,leisure,home
31021_2022-11-22,0.0,mpt,19366.0,20354.0,988.0,home,education
31021_2022-11-22,1.0,mpt,36642.0,37476.0,834.0,education,education
31021_2022-11-22,2.0,mpt,38495.0,39502.0,1007.0,education,work
31021_2022-11-22,3.0,mpt,50597.0,51809.0,1212.0,work,home
31021_2022-11-22,4.0,mpt,55589.0,56420.0,831.0,home,other
31021_2022-11-22,5.0,walk,57783.0,58263.0,480.0,other,home
31021_2022-11-22,6.0,walk,66146.0,67209.0,1063.0,home,home
31021_2022-11-22,7.0,walk,78200.0,78304.0,104.0,home,home
30932_2022-11-13,0.0,mpt,38305.0,42520.0,4215.0,home,home
30932_2022-11-13,1.0,pt,70747.0,75172.0,4425.0,home,home
30403_2022-12-02,0.0,mpt,21309.0,21677.0,368.0,home,education
30403_2022-12-02,1.0,walk,22161.0,22170.0,9.0,education,education
30403_2022-12-02,2.0,mpt,38296.0,38783.0,487.0,education,home
30403_2022-12-02,3.0,bike,55975.0,56399.0,424.0,home,shop
30403_2022-12-02,4.0,bike,58143.0,58931.0,788.0,shop,home
30729_2022-11-21,0.0,mpt,61938.0,62634.0,696.0,home,other
30729_2022-11-21,1.0,mpt,63111.0,65512.0,2401.0,other,leisure
30729_2022-11-21,2.0,mpt,69585.0,71465.0,1880.0,leisure,home
30729_2022-11-21,3.0,walk,72439.0,72531.0,92.0,home,home
30729_2022-11-21,4.0,mpt,74503.0,74767.0,264.0,home,home
30729_2022-11-21,5.0,mpt,76788.0,76986.0,198.0,home,home
30530_2022-09-07,0.0,pt,21490.0,22694.0,1204.0,other,other
30530_2022-09-07,1.0,pt,23541.0,27238.0,3697.0,other,other
30530_2022-09-07,2.0,pt,27792.0,28200.0,408.0,other,education
30530_2022-09-07,3.0,pt,55885.0,63136.0,7251.0,education,home
31002_2022-12-06,0.0,walk,24054.0,24743.0,689.0,home,other
31002_2022-12-06,1.0,walk,25327.0,25683.0,356.0,other,home
31002_2022-12-06,2.0,walk,54602.0,55051.0,449.0,home,other
31002_2022-12-06,3.0,mpt,55697.0,56789.0,1092.0,other,home
31002_2022-12-06,4.0,mpt,68695.0,69907.0,1212.0,home,home
30063_2022-09-08,0.0,walk,28288.0,31838.0,3550.0,home,home
30063_2022-09-08,1.0,walk,62542.0,62599.0,57.0,home,home
30995_2022-12-23,0.0,mpt,56113.0,56328.0,215.0,home,shop
30995_2022-12-23,1.0,mpt,62318.0,62747.0,429.0,shop,shop
30995_2022-12-23,2.0,mpt,66389.0,66961.0,572.0,shop,home
30119_2022-08-26,0.0,bike,38008.0,38136.0,128.0,home,shop
30119_2022-08-26,1.0,bike,39510.0,39963.0,453.0,shop,home
30808_2022-10-30,0.0,walk,26656.0,35696.0,9040.0,home,other
30808_2022-10-30,1.0,walk,36070.0,38138.0,2068.0,other,home
30865_2022-10-27,0.0,bike,46288.0,47584.0,1296.0,home,leisure
30865_2022-10-27,1.0,bike,48058.0,48339.0,281.0,leisure,shop
30865_2022-10-27,2.0,bike,49571.0,49929.0,358.0,shop,home
30433_2022-11-25,0.0,mpt,62056.0,63371.0,1315.0,home,leisure
30433_2022-11-25,1.0,walk,66444.0,66630.0,186.0,leisure,leisure
30433_2022-11-25,2.0,mpt,81062.0,81806.0,744.0,leisure,home
30385_2022-09-03,0.0,bike,28389.0,28818.0,429.0,home,other
30385_2022-09-03,1.0,bike,29237.0,29799.0,562.0,other,shop
30385_2022-09-03,2.0,bike,30190.0,30871.0,681.0,shop,home
30385_2022-09-03,3.0,mpt,39372.0,40901.0,1529.0,home,home
30448_2022-11-15,0.0,bike,29551.0,29763.0,212.0,home,education
30448_2022-11-15,1.0,bike,38291.0,38494.0,203.0,education,home
30448_2022-11-15,2.0,walk,51066.0,51828.0,762.0,home,home
31017_2022-11-03,0.0,walk,43802.0,45991.0,2189.0,home,home
31116_2022-10-19,0.0,pt,14551.0,20613.0,6062.0,home,education
31116_2022-10-19,1.0,walk,21032.0,21208.0,176.0,education,education
31116_2022-10-19,2.0,other,22831.0,27394.0,4563.0,education,education
31116_2022-10-19,3.0,pt,28524.0,34624.0,6100.0,education,home
31163_2022-11-03,0.0,mpt,34481.0,35923.0,1442.0,home,home
31163_2022-11-03,1.0,walk,61322.0,61378.0,56.0,home,leisure
31163_2022-11-03,2.0,walk,61929.0,62120.0,191.0,leisure,home
31087_2022-08-15,0.0,walk,17844.0,22287.0,4443.0,home,home
31087_2022-08-15,1.0,walk,57808.0,58092.0,284.0,home,home
31087_2022-08-15,2.0,walk,59975.0,60428.0,453.0,home,home
31087_2022-08-15,3.0,walk,70231.0,70376.0,145.0,home,home
30151_2022-08-06,0.0,pt,31433.0,33024.0,1591.0,home,leisure
30151_2022-08-06,1.0,pt,34672.0,38262.0,3590.0,leisure,other
30151_2022-08-06,2.0,pt,38646.0,38991.0,345.0,other,leisure
30151_2022-08-06,3.0,other,42639.0,53108.0,10469.0,leisure,other
30151_2022-08-06,4.0,other,54093.0,54723.0,630.0,other,leisure
30151_2022-08-06,5.0,pt,56028.0,56073.0,45.0,leisure,other
30151_2022-08-06,6.0,pt,57624.0,57677.0,53.0,other,other
30151_2022-08-06,7.0,pt,58045.0,63627.0,5582.0,other,home
31070_2022-09-30,0.0,mpt,54077.0,55835.0,1758.0,home,other
31070_2022-09-30,1.0,mpt,60538.0,61197.0,659.0,other,leisure
31070_2022-09-30,2.0,mpt,74360.0,74957.0,597.0,leisure,home
30268_2022-11-29,0.0,mpt,23925.0,24281.0,356.0,home,education
30268_2022-11-29,1.0,mpt,40104.0,40419.0,315.0,education,home
30268_2022-11-29,2.0,mpt,45677.0,46125.0,448.0,home,education
30268_2022-11-29,3.0,mpt,62933.0,63925.0,992.0,education,shop
30268_2022-11-29,4.0,mpt,64852.0,65520.0,668.0,shop,home
30268_2022-11-29,5.0,walk,73926.0,74554.0,628.0,home,other
30268_2022-11-29,6.0,walk,74919.0,75569.0,650.0,other,home
30083_2022-12-02,0.0,bike,38560.0,38655.0,95.0,home,home
30083_2022-12-02,1.0,walk,39086.0,39145.0,59.0,home,work
30083_2022-12-02,2.0,walk,51855.0,54315.0,2460.0,work,education
30083_2022-12-02,3.0,walk,64091.0,64573.0,482.0,education,leisure
30083_2022-12-02,4.0,pt,73398.0,76399.0,3001.0,leisure,home
30796_2022-11-29,0.0,walk,52971.0,53951.0,980.0,home,home
30796_2022-11-29,1.0,mpt,57572.0,59541.0,1969.0,home,home
30848_2022-11-10,0.0,mpt,55774.0,58805.0,3031.0,home,other
30848_2022-11-10,1.0,mpt,59642.0,60285.0,643.0,other,home
30848_2022-11-10,2.0,mpt,64856.0,65021.0,165.0,home,home
30848_2022-11-10,3.0,mpt,65427.0,65631.0,204.0,home,home
31288_2022-12-14,0.0,pt,21556.0,22576.0,1020.0,home,work
31288_2022-12-14,1.0,pt,58440.0,59523.0,1083.0,work,home
30386_2022-12-02,0.0,bike,27200.0,27511.0,311.0,home,home
30386_2022-12-02,1.0,walk,64531.0,64749.0,218.0,home,home
31251_2022-12-02,0.0,mpt,25452.0,26677.0,1225.0,home,education
31251_2022-12-02,1.0,mpt,35345.0,35449.0,104.0,education,education
31251_2022-12-02,2.0,walk,36408.0,36470.0,62.0,education,education
31251_2022-12-02,3.0,mpt,41123.0,42404.0,1281.0,education,home
31251_2022-12-02,4.0,mpt,57974.0,60168.0,2194.0,home,shop
31251_2022-12-02,5.0,walk,60862.0,60940.0,78.0,shop,shop
31251_2022-12-02,6.0,mpt,63103.0,64920.0,1817.0,shop,home
30174_2022-09-19,0.0,bike,21926.0,22406.0,480.0,home,other
30174_2022-09-19,1.0,bike,25058.0,25357.0,299.0,other,home
30174_2022-09-19,2.0,bike,26916.0,27071.0,155.0,home,other
30174_2022-09-19,3.0,bike,31095.0,31140.0,45.0,other,home
30174_2022-09-19,4.0,bike,35136.0,35386.0,250.0,home,home
30174_2022-09-19,5.0,bike,38743.0,39099.0,356.0,home,home
30174_2022-09-19,6.0,bike,43641.0,45575.0,1934.0,home,home
30174_2022-09-19,7.0,walk,46167.0,48269.0,2102.0,home,shop
30174_2022-09-19,8.0,bike,49101.0,49465.0,364.0,shop,home
30502_2022-11-09,0.0,walk,43982.0,48288.0,4306.0,home,home
31295_2022-11-07,0.0,mpt,21398.0,21694.0,296.0,home,education
31295_2022-11-07,1.0,mpt,38918.0,39137.0,219.0,education,home
31295_2022-11-07,2.0,mpt,42592.0,42778.0,186.0,home,education
31295_2022-11-07,3.0,mpt,53289.0,53669.0,380.0,education,home
31295_2022-11-07,4.0,mpt,61945.0,62983.0,1038.0,home,home
30633_2022-12-02,0.0,walk,25030.0,25996.0,966.0,home,shop
30633_2022-12-02,1.0,walk,26639.0,27036.0,397.0,shop,home
30633_2022-12-02,2.0,pt,29350.0,30825.0,1475.0,home,shop
30633_2022-12-02,3.0,pt,31568.0,33294.0,1726.0,shop,home
30633_2022-12-02,4.0,walk,37668.0,38341.0,673.0,home,other
30633_2022-12-02,5.0,walk,39139.0,39598.0,459.0,other,leisure
30633_2022-12-02,6.0,walk,40492.0,40703.0,211.0,leisure,home
30633_2022-12-02,7.0,mpt,57029.0,57757.0,728.0,home,shop
30633_2022-12-02,8.0,walk,58392.0,58573.0,181.0,shop,other
30633_2022-12-02,9.0,mpt,60364.0,61650.0,1286.0,other,leisure
30633_2022-12-02,10.0,mpt,62065.0,63164.0,1099.0,leisure,home
30433_2022-11-08,0.0,mpt,62619.0,63163.0,544.0,home,leisure
30433_2022-11-08,1.0,mpt,67460.0,68001.0,541.0,leisure,education
30433_2022-11-08,2.0,mpt,70581.0,70909.0,328.0,education,home
31040_2022-11-30,0.0,pt,42232.0,42447.0,215.0,home,other
31040_2022-11-30,1.0,pt,42872.0,43289.0,417.0,other,other
31040_2022-11-30,2.0,pt,43742.0,45761.0,2019.0,other,education
31040_2022-11-30,3.0,pt,52053.0,55686.0,3633.0,education,home
30080_2022-08-02,0.0,mpt,36577.0,38252.0,1675.0,home,other
30080_2022-08-02,1.0,mpt,38575.0,41264.0,2689.0,other,shop
30080_2022-08-02,2.0,mpt,41857.0,42114.0,257.0,shop,shop
30080_2022-08-02,3.0,walk,42820.0,43575.0,755.0,shop,home
30080_2022-08-02,4.0,pt,51438.0,51931.0,493.0,home,home
30517_2022-11-23,0.0,bike,21222.0,23329.0,2107.0,home,work
30517_2022-11-23,1.0,bike,43660.0,44427.0,767.0,work,education
30517_2022-11-23,2.0,bike,53130.0,53366.0,236.0,education,education
30517_2022-11-23,3.0,bike,54073.0,55036.0,963.0,education,leisure
30517_2022-11-23,4.0,bike,58028.0,59374.0,1346.0,leisure,home
31080_2022-10-04,0.0,walk,62917.0,65703.0,2786.0,home,home
30622_2022-09-09,0.0,bike,40848.0,41316.0,468.0,home,work
30622_2022-09-09,1.0,bike,52963.0,53081.0,118.0,work,education
30622_2022-09-09,2.0,bike,56711.0,57722.0,1011.0,education,home
30938_2022-08-08,0.0,walk,29042.0,29945.0,903.0,home,education
30938_2022-08-08,1.0,walk,52972.0,54083.0,1111.0,education,education
30938_2022-08-08,2.0,walk,63310.0,64087.0,777.0,education,shop
30938_2022-08-08,3.0,walk,64668.0,64969.0,301.0,shop,home
30905_2022-09-14,0.0,mpt,24847.0,28398.0,3551.0,home,home
30905_2022-09-14,1.0,mpt,33156.0,36429.0,3273.0,home,home
30905_2022-09-14,2.0,walk,44564.0,47715.0,3151.0,home,leisure
30905_2022-09-14,3.0,mpt,55969.0,56854.0,885.0,leisure,leisure
30905_2022-09-14,4.0,mpt,57491.0,60855.0,3364.0,leisure,home
30113_2022-11-11,0.0,walk,26295.0,26519.0,224.0,home,shop
30113_2022-11-11,1.0,walk,27578.0,27679.0,101.0,shop,work
30113_2022-11-11,2.0,mpt,55283.0,55571.0,288.0,work,leisure
30113_2022-11-11,3.0,mpt,55978.0,56308.0,330.0,leisure,home
30092_2022-11-10,0.0,bike,56437.0,56730.0,293.0,home,shop
30092_2022-11-10,1.0,bike,58014.0,58322.0,308.0,shop,home
30990_2022-12-20,0.0,mpt,33363.0,34657.0,1294.0,home,work
30990_2022-12-20,1.0,mpt,55331.0,58371.0,3040.0,work,other
30990_2022-12-20,2.0,walk,62501.0,62708.0,207.0,other,home
30990_2022-12-20,3.0,walk,65085.0,65141.0,56.0,home,shop
30990_2022-12-20,4.0,mpt,67670.0,69054.0,1384.0,shop,home
30235_2022-11-21,0.0,walk,19352.0,20759.0,1407.0,home,home
30235_2022-11-21,1.0,walk,38147.0,40458.0,2311.0,home,home
30235_2022-11-21,2.0,walk,59595.0,60591.0,996.0,home,home
30556_2023-02-05,0.0,walk,22895.0,23829.0,934.0,home,home
30556_2023-02-05,1.0,walk,34810.0,36302.0,1492.0,home,other
30556_2023-02-05,2.0,pt,37232.0,44667.0,7435.0,other,home
30704_2022-11-10,0.0,walk,33069.0,36942.0,3873.0,home,home
30704_2022-11-10,1.0,walk,60845.0,60952.0,107.0,home,home
30704_2022-11-10,2.0,mpt,63023.0,66358.0,3335.0,home,other
30704_2022-11-10,3.0,mpt,79073.0,82283.0,3210.0,other,home
30009_2022-09-19,0.0,mpt,19527.0,22591.0,3064.0,home,work
30009_2022-09-19,1.0,mpt,61017.0,61312.0,295.0,work,shop
30009_2022-09-19,2.0,mpt,62374.0,63868.0,1494.0,shop,home
30830_2022-11-22,0.0,walk,43217.0,43866.0,649.0,home,home
31251_2022-11-28,0.0,mpt,21743.0,24021.0,2278.0,home,home
31251_2022-11-28,1.0,walk,55754.0,58226.0,2472.0,home,home
30010_2022-11-03,0.0,walk,27931.0,27994.0,63.0,home,leisure
30010_2022-11-03,1.0,pt,28462.0,35884.0,7422.0,leisure,shop
30010_2022-11-03,2.0,walk,36480.0,37171.0,691.0,shop,leisure
30010_2022-11-03,3.0,pt,43253.0,50135.0,6882.0,leisure,home
31112_2022-12-21,0.0,mpt,22384.0,22782.0,398.0,home,education
31112_2022-12-21,1.0,walk,32438.0,33079.0,641.0,education,education
31112_2022-12-21,2.0,bike,39765.0,40697.0,932.0,education,home
31112_2022-12-21,3.0,mpt,61472.0,63929.0,2457.0,home,leisure
31112_2022-12-21,4.0,mpt,72801.0,74090.0,1289.0,leisure,home
31302_2022-11-04,0.0,bike,21042.0,21473.0,431.0,home,education
31302_2022-11-04,1.0,bike,39100.0,39525.0,425.0,education,home
30903_2022-12-10,0.0,mpt,29970.0,30450.0,480.0,home,shop
30903_2022-12-10,1.0,mpt,31646.0,32903.0,1257.0,shop,home
30903_2022-12-10,2.0,mpt,38953.0,40890.0,1937.0,home,other
30903_2022-12-10,3.0,mpt,43936.0,47295.0,3359.0,other,home
30903_2022-12-10,4.0,mpt,49831.0,54261.0,4430.0,home,other
30903_2022-12-10,5.0,walk,54631.0,55417.0,786.0,other,other
30903_2022-12-10,6.0,walk,56990.0,57524.0,534.0,other,other
30903_2022-12-10,7.0,mpt,57936.0,59869.0,1933.0,other,shop
30903_2022-12-10,8.0,mpt,60629.0,61519.0,890.0,shop,other
30903_2022-12-10,9.0,mpt,62368.0,62929.0,561.0,other,other
30903_2022-12-10,10.0,mpt,79052.0,81335.0,2283.0,other,home
30989_2022-12-18,0.0,mpt,40714.0,41140.0,426.0,home,home
30989_2022-12-18,1.0,mpt,57798.0,58271.0,473.0,home,home
30989_2022-12-18,2.0,walk,59441.0,59759.0,318.0,home,other
30989_2022-12-18,3.0,mpt,60838.0,61032.0,194.0,other,home
30401_2022-11-16,0.0,pt,29262.0,30451.0,1189.0,home,education
30401_2022-11-16,1.0,pt,36651.0,38115.0,1464.0,education,home
30401_2022-11-16,2.0,bike,55747.0,56179.0,432.0,home,education
30401_2022-11-16,3.0,bike,60249.0,61298.0,1049.0,education,home
30401_2022-11-16,4.0,bike,64408.0,64732.0,324.0,home,leisure
30401_2022-11-16,5.0,bike,70477.0,71353.0,876.0,leisure,home
30401_2022-11-16,6.0,walk,72061.0,72264.0,203.0,home,leisure
30401_2022-11-16,7.0,walk,77194.0,77278.0,84.0,leisure,home
30948_2023-01-05,0.0,mpt,24358.0,25208.0,850.0,home,education
30948_2023-01-05,1.0,walk,26447.0,26656.0,209.0,education,education
30948_2023-01-05,2.0,walk,32253.0,32438.0,185.0,education,work
30948_2023-01-05,3.0,pt,59208.0,59598.0,390.0,work,shop
30948_2023-01-05,4.0,mpt,63226.0,64322.0,1096.0,shop,work
30948_2023-01-05,5.0,mpt,72865.0,73498.0,633.0,work,home
31074_2022-08-18,0.0,pt,36270.0,36606.0,336.0,home,leisure
31074_2022-08-18,1.0,pt,37968.0,38074.0,106.0,leisure,other
31074_2022-08-18,2.0,pt,38696.0,38892.0,196.0,other,home
30211_2022-10-28,0.0,mpt,37709.0,38718.0,1009.0,home,leisure
30211_2022-10-28,1.0,walk,39191.0,39558.0,367.0,leisure,shop
30211_2022-10-28,2.0,mpt,41461.0,42364.0,903.0,shop,leisure
30211_2022-10-28,3.0,mpt,43034.0,44246.0,1212.0,leisure,education
30211_2022-10-28,4.0,walk,45847.0,46164.0,317.0,education,work
30211_2022-10-28,5.0,walk,50161.0,50461.0,300.0,work,education
30211_2022-10-28,6.0,walk,64335.0,64642.0,307.0,education,education
30211_2022-10-28,7.0,walk,74286.0,74615.0,329.0,education,education
30211_2022-10-28,8.0,mpt,77833.0,78039.0,206.0,education,home
31295_2022-10-27,0.0,mpt,19303.0,19675.0,372.0,home,education
31295_2022-10-27,1.0,mpt,36548.0,36877.0,329.0,education,home
31295_2022-10-27,2.0,mpt,39592.0,39959.0,367.0,home,education
31295_2022-10-27,3.0,mpt,51429.0,51698.0,269.0,education,leisure
31295_2022-10-27,4.0,mpt,54278.0,54525.0,247.0,leisure,home
31087_2022-08-14,0.0,walk,18877.0,22612.0,3735.0,home,other
31087_2022-08-14,1.0,walk,23151.0,23436.0,285.0,other,home
31087_2022-08-14,2.0,walk,44596.0,45232.0,636.0,home,home
31087_2022-08-14,3.0,walk,62643.0,63255.0,612.0,home,home
31087_2022-08-14,4.0,walk,72138.0,72332.0,194.0,home,home
30013_2022-11-02,0.0,walk,38133.0,39709.0,1576.0,home,home
30013_2022-11-02,1.0,mpt,61762.0,62768.0,1006.0,home,shop
30013_2022-11-02,2.0,mpt,64647.0,65931.0,1284.0,shop,home
30728_2022-11-10,0.0,mpt,22394.0,23427.0,1033.0,education,home
30728_2022-11-10,1.0,walk,38811.0,40011.0,1200.0,home,work
30728_2022-11-10,2.0,mpt,60876.0,61547.0,671.0,work,other
30728_2022-11-10,3.0,mpt,64618.0,64859.0,241.0,other,other
30728_2022-11-10,4.0,mpt,66318.0,66582.0,264.0,other,home
30663_2022-11-12,0.0,walk,21937.0,23833.0,1896.0,home,home
30663_2022-11-12,1.0,mpt,27172.0,29060.0,1888.0,home,home
30663_2022-11-12,2.0,mpt,35358.0,44471.0,9113.0,home,home
30663_2022-11-12,3.0,mpt,52125.0,52542.0,417.0,home,shop
30663_2022-11-12,4.0,mpt,54148.0,57079.0,2931.0,shop,leisure
30663_2022-11-12,5.0,mpt,60769.0,61208.0,439.0,leisure,leisure
30663_2022-11-12,6.0,walk,65678.0,67074.0,1396.0,leisure,home
30203_2022-09-19,0.0,walk,21225.0,21387.0,162.0,home,home
30203_2022-09-19,1.0,mpt,54962.0,57496.0,2534.0,home,home
30203_2022-09-19,2.0,walk,60864.0,61097.0,233.0,home,leisure
30203_2022-09-19,3.0,walk,67376.0,67628.0,252.0,leisure,home
30414_2022-09-16,0.0,bike,34212.0,34463.0,251.0,home,home
30414_2022-09-16,1.0,bike,36448.0,36775.0,327.0,home,home
30530_2022-09-13,0.0,walk,21646.0,24388.0,2742.0,home,home
31100_2023-01-06,0.0,bike,59773.0,60646.0,873.0,home,home
31100_2023-01-06,1.0,bike,66757.0,67308.0,551.0,home,leisure
31100_2023-01-06,2.0,walk,73196.0,73832.0,636.0,leisure,shop
31100_2023-01-06,3.0,bike,74883.0,75450.0,567.0,shop,shop
31100_2023-01-06,4.0,bike,76424.0,77102.0,678.0,shop,home
31100_2023-01-06,5.0,walk,84002.0,84108.0,106.0,home,leisure
30419_2022-09-23,0.0,mpt,13647.0,15734.0,2087.0,home,work
30419_2022-09-23,1.0,mpt,60525.0,62419.0,1894.0,work,home
30266_2022-12-21,0.0,pt,36546.0,37035.0,489.0,home,other
30266_2022-12-21,1.0,pt,37534.0,40954.0,3420.0,other,leisure
30266_2022-12-21,2.0,pt,45389.0,50219.0,4830.0,leisure,home
30266_2022-12-21,3.0,mpt,54926.0,56408.0,1482.0,home,other
30266_2022-12-21,4.0,mpt,58509.0,60492.0,1983.0,other,leisure
30266_2022-12-21,5.0,mpt,62811.0,63613.0,802.0,leisure,shop
30266_2022-12-21,6.0,mpt,64540.0,64768.0,228.0,shop,home
31017_2022-10-20,0.0,walk,40221.0,41769.0,1548.0,home,home
30724_2022-10-30,0.0,mpt,35911.0,37249.0,1338.0,home,shop
30724_2022-10-30,1.0,mpt,39868.0,41051.0,1183.0,shop,home
30724_2022-10-30,2.0,walk,52519.0,58449.0,5930.0,home,home
30013_2022-11-01,0.0,mpt,30292.0,32754.0,2462.0,home,other
30013_2022-11-01,1.0,mpt,37334.0,39247.0,1913.0,other,home
30735_2022-11-02,0.0,mpt,16205.0,21452.0,5247.0,home,education
30735_2022-11-02,1.0,walk,37939.0,38012.0,73.0,education,leisure
30735_2022-11-02,2.0,walk,44138.0,44501.0,363.0,leisure,education
30735_2022-11-02,3.0,mpt,63380.0,68813.0,5433.0,education,home
31301_2022-11-08,0.0,pt,19976.0,23143.0,3167.0,home,education
31301_2022-11-08,1.0,pt,56241.0,59858.0,3617.0,education,home
31301_2022-11-08,2.0,pt,60171.0,61112.0,941.0,home,home
31301_2022-11-08,3.0,mpt,68322.0,69961.0,1639.0,home,leisure
31301_2022-11-08,4.0,mpt,70356.0,70681.0,325.0,leisure,home
30553_2022-09-26,0.0,mpt,54263.0,56344.0,2081.0,home,leisure
30553_2022-09-26,1.0,mpt,62955.0,65588.0,2633.0,leisure,home
31284_2022-09-12,0.0,mpt,32172.0,33562.0,1390.0,home,shop
31284_2022-09-12,1.0,mpt,34069.0,35160.0,1091.0,shop,education
31284_2022-09-12,2.0,mpt,57442.0,57804.0,362.0,education,shop
31284_2022-09-12,3.0,mpt,58319.0,58837.0,518.0,shop,home
30847_2022-10-28,0.0,bike,36845.0,41860.0,5015.0,home,education
30847_2022-10-28,1.0,mpt,49642.0,49802.0,160.0,education,shop
30847_2022-10-28,2.0,mpt,51377.0,51531.0,154.0,shop,home
30800_2022-12-29,0.0,walk,26032.0,27865.0,1833.0,home,education
30800_2022-12-29,1.0,walk,40946.0,42087.0,1141.0,education,home
30921_2023-01-03,0.0,pt,16367.0,22814.0,6447.0,home,education
30921_2023-01-03,1.0,pt,56049.0,57286.0,1237.0,education,other
30921_2023-01-03,2.0,pt,57731.0,62815.0,5084.0,other,home
30063_2022-09-25,0.0,pt,51893.0,52215.0,322.0,home,other
30063_2022-09-25,1.0,pt,52649.0,54217.0,1568.0,other,home
30063_2022-09-25,2.0,pt,69758.0,71961.0,2203.0,home,home
30419_2022-10-06,0.0,mpt,13633.0,15641.0,2008.0,home,education
30419_2022-10-06,1.0,mpt,22152.0,22784.0,632.0,education,education
30419_2022-10-06,2.0,mpt,56519.0,59895.0,3376.0,education,home
31305_2022-11-10,0.0,walk,30098.0,30607.0,509.0,home,shop
31305_2022-11-10,1.0,bike,31474.0,31713.0,239.0,shop,home
31305_2022-11-10,2.0,pt,43180.0,43589.0,409.0,home,other
31305_2022-11-10,3.0,pt,44028.0,47410.0,3382.0,other,shop
31305_2022-11-10,4.0,pt,52957.0,53471.0,514.0,shop,other
31305_2022-11-10,5.0,pt,54213.0,56948.0,2735.0,other,home
31305_2022-11-10,6.0,mpt,74342.0,75366.0,1024.0,home,home
30980_2022-10-22,0.0,mpt,26039.0,26148.0,109.0,home,shop
30980_2022-10-22,1.0,mpt,26517.0,26629.0,112.0,shop,home
30980_2022-10-22,2.0,mpt,42430.0,43392.0,962.0,home,shop
30980_2022-10-22,3.0,mpt,44417.0,45648.0,1231.0,shop,leisure
30980_2022-10-22,4.0,mpt,56552.0,57537.0,985.0,leisure,leisure
30980_2022-10-22,5.0,walk,73879.0,74200.0,321.0,leisure,leisure
30980_2022-10-22,6.0,mpt,74655.0,76482.0,1827.0,leisure,home
30987_2022-08-23,0.0,mpt,36192.0,36420.0,228.0,home,leisure
30987_2022-08-23,1.0,mpt,37609.0,37779.0,170.0,leisure,home
30987_2022-08-23,2.0,mpt,62563.0,62782.0,219.0,home,leisure
30987_2022-08-23,3.0,mpt,75535.0,75686.0,151.0,leisure,home
30729_2022-12-11,0.0,mpt,41415.0,41556.0,141.0,home,home
30729_2022-12-11,1.0,mpt,52449.0,53178.0,729.0,home,leisure
30729_2022-12-11,2.0,walk,56082.0,56453.0,371.0,leisure,home
30729_2022-12-11,3.0,mpt,64634.0,65022.0,388.0,home,leisure
30729_2022-12-11,4.0,mpt,69164.0,69724.0,560.0,leisure,home
31295_2022-11-04,0.0,pt,28225.0,31556.0,3331.0,home,other
31295_2022-11-04,1.0,walk,32508.0,38921.0,6413.0,other,home
31295_2022-11-04,2.0,pt,41297.0,41499.0,202.0,home,education
31295_2022-11-04,3.0,pt,52411.0,55339.0,2928.0,education,home
31193_2022-10-26,0.0,mpt,18542.0,21111.0,2569.0,home,education
31193_2022-10-26,1.0,walk,25642.0,25695.0,53.0,education,education
31193_2022-10-26,2.0,mpt,27360.0,28528.0,1168.0,education,education
31193_2022-10-26,3.0,mpt,31834.0,33616.0,1782.0,education,home
31193_2022-10-26,4.0,bike,54076.0,56205.0,2129.0,home,leisure
31193_2022-10-26,5.0,bike,67049.0,70548.0,3499.0,leisure,home
30372_2022-12-19,0.0,bike,28456.0,29766.0,1310.0,other,education
30372_2022-12-19,1.0,bike,39158.0,39582.0,424.0,education,home
30372_2022-12-19,2.0,bike,60499.0,63636.0,3137.0,home,other
30372_2022-12-19,3.0,mpt,64244.0,68618.0,4374.0,other,home
30583_2022-10-12,0.0,mpt,58538.0,59611.0,1073.0,home,home
30583_2022-10-12,1.0,mpt,66279.0,67365.0,1086.0,home,home
30706_2022-11-11,0.0,bike,23353.0,23570.0,217.0,home,education
30706_2022-11-11,1.0,bike,40018.0,40189.0,171.0,education,home
30706_2022-11-11,2.0,mpt,62070.0,63312.0,1242.0,home,leisure
30706_2022-11-11,3.0,mpt,69105.0,70343.0,1238.0,leisure,home
30542_2022-11-21,0.0,walk,19164.0,19417.0,253.0,home,other
30542_2022-11-21,1.0,walk,20787.0,21944.0,1157.0,other,education
30542_2022-11-21,2.0,walk,39779.0,40139.0,360.0,education,shop
30542_2022-11-21,3.0,walk,40992.0,41385.0,393.0,shop,education
30542_2022-11-21,4.0,pt,54071.0,57505.0,3434.0,education,home
30439_2022-11-08,0.0,walk,17678.0,20805.0,3127.0,home,home
30439_2022-11-08,1.0,pt,23280.0,25392.0,2112.0,home,education
30439_2022-11-08,2.0,pt,39499.0,40264.0,765.0,education,other
30439_2022-11-08,3.0,pt,43505.0,44223.0,718.0,other,education
30439_2022-11-08,4.0,pt,61447.0,62857.0,1410.0,education,other
30439_2022-11-08,5.0,pt,63350.0,64695.0,1345.0,other,home
30634_2022-09-26,0.0,other,27006.0,33018.0,6012.0,home,leisure
30634_2022-09-26,1.0,other,34855.0,40470.0,5615.0,leisure,leisure
30634_2022-09-26,2.0,other,44324.0,46368.0,2044.0,leisure,other
30634_2022-09-26,3.0,mpt,46971.0,49236.0,2265.0,other,home
30957_2022-08-30,0.0,walk,27525.0,28236.0,711.0,home,other
30957_2022-08-30,1.0,walk,29672.0,30698.0,1026.0,other,home
30957_2022-08-30,2.0,walk,33360.0,33923.0,563.0,home,other
30957_2022-08-30,3.0,walk,36822.0,37564.0,742.0,other,home
30592_2022-11-17,0.0,mpt,23502.0,24241.0,739.0,home,education
30592_2022-11-17,1.0,walk,35351.0,35435.0,84.0,education,education
30592_2022-11-17,2.0,mpt,51624.0,52309.0,685.0,education,home
30592_2022-11-17,3.0,mpt,57471.0,58469.0,998.0,home,home
30592_2022-11-17,4.0,pt,73123.0,73648.0,525.0,home,home
30872_2022-11-28,0.0,walk,23947.0,27293.0,3346.0,home,home
30872_2022-11-28,1.0,bike,37506.0,38088.0,582.0,home,other
30872_2022-11-28,2.0,bike,38478.0,39283.0,805.0,other,home
30872_2022-11-28,3.0,walk,71486.0,71860.0,374.0,home,home
31122_2022-11-30,0.0,walk,23410.0,24883.0,1473.0,home,home
31122_2022-11-30,1.0,pt,33081.0,33732.0,651.0,home,other
31122_2022-11-30,2.0,pt,34475.0,34942.0,467.0,other,home
30365_2022-11-04,0.0,mpt,42106.0,63235.0,21129.0,home,home
30365_2022-11-04,1.0,mpt,65473.0,66165.0,692.0,home,home
30769_2022-11-10,0.0,mpt,24153.0,25330.0,1177.0,home,home
30769_2022-11-10,1.0,mpt,27954.0,30985.0,3031.0,home,education
30769_2022-11-10,2.0,mpt,38640.0,42434.0,3794.0,education,home
30769_2022-11-10,3.0,mpt,58151.0,58478.0,327.0,home,other
30769_2022-11-10,4.0,mpt,58875.0,59255.0,380.0,other,home
30600_2022-08-08,0.0,walk,37128.0,39188.0,2060.0,home,home
30835_2022-11-16,0.0,mpt,19013.0,22566.0,3553.0,home,work
30835_2022-11-16,1.0,walk,58048.0,58666.0,618.0,work,shop
30835_2022-11-16,2.0,pt,59066.0,59138.0,72.0,shop,other
30835_2022-11-16,3.0,pt,59556.0,60529.0,973.0,other,shop
30835_2022-11-16,4.0,walk,61374.0,62701.0,1327.0,shop,leisure
30835_2022-11-16,5.0,mpt,74870.0,77641.0,2771.0,leisure,home
30317_2022-11-07,0.0,walk,53467.0,53517.0,50.0,home,home
31100_2022-12-16,0.0,bike,40225.0,40616.0,391.0,home,home
31100_2022-12-16,1.0,bike,42811.0,43332.0,521.0,home,home
31100_2022-12-16,2.0,pt,59380.0,61437.0,2057.0,home,home
31100_2022-12-16,3.0,pt,72448.0,73716.0,1268.0,home,home
30517_2022-11-24,0.0,bike,31977.0,32348.0,371.0,home,leisure
30517_2022-11-24,1.0,walk,36370.0,37084.0,714.0,leisure,home
30517_2022-11-24,2.0,bike,40903.0,42808.0,1905.0,home,education
30517_2022-11-24,3.0,bike,58770.0,61126.0,2356.0,education,home
30386_2022-12-22,0.0,mpt,30602.0,31442.0,840.0,home,education
30386_2022-12-22,1.0,walk,44093.0,45093.0,1000.0,education,education
30386_2022-12-22,2.0,mpt,80477.0,82429.0,1952.0,education,home
31100_2022-12-12,0.0,bike,28495.0,28854.0,359.0,home,work
31100_2022-12-12,1.0,bike,42129.0,42749.0,620.0,work,home
31100_2022-12-12,2.0,pt,67148.0,69014.0,1866.0,home,leisure
31100_2022-12-12,3.0,walk,81784.0,82174.0,390.0,leisure,leisure
31100_2022-12-12,4.0,pt,82953.0,83980.0,1027.0,leisure,home
30297_2022-12-21,0.0,walk,21621.0,22102.0,481.0,home,work
30297_2022-12-21,1.0,walk,56165.0,56271.0,106.0,work,other
30297_2022-12-21,2.0,walk,56670.0,57948.0,1278.0,other,other
30297_2022-12-21,3.0,pt,62419.0,63672.0,1253.0,other,home
31029_2023-01-05,0.0,pt,26541.0,27296.0,755.0,home,education
31029_2023-01-05,1.0,walk,40889.0,40962.0,73.0,education,leisure
31029_2023-01-05,2.0,pt,43688.0,44595.0,907.0,leisure,education
31029_2023-01-05,3.0,pt,52695.0,53040.0,345.0,education,shop
31029_2023-01-05,4.0,pt,55290.0,57390.0,2100.0,shop,home
30515_2022-10-24,0.0,bike,25151.0,25557.0,406.0,home,leisure
30515_2022-10-24,1.0,bike,29086.0,29232.0,146.0,leisure,home
30119_2022-08-31,0.0,walk,49629.0,49858.0,229.0,home,other
30119_2022-08-31,1.0,walk,51668.0,51878.0,210.0,other,home
30119_2022-08-31,2.0,mpt,54666.0,55115.0,449.0,home,leisure
30119_2022-08-31,3.0,mpt,61384.0,61481.0,97.0,leisure,leisure
30119_2022-08-31,4.0,mpt,70998.0,71181.0,183.0,leisure,home
31302_2022-11-25,0.0,mpt,21085.0,21476.0,391.0,home,education
31302_2022-11-25,1.0,bike,40312.0,40559.0,247.0,education,home
30681_2022-12-14,0.0,walk,35707.0,38629.0,2922.0,home,other
30681_2022-12-14,1.0,pt,43292.0,43792.0,500.0,other,other
30681_2022-12-14,2.0,pt,44212.0,46412.0,2200.0,other,education
30681_2022-12-14,3.0,mpt,52016.0,52502.0,486.0,education,home
30634_2022-10-04,0.0,mpt,40949.0,41666.0,717.0,home,education
30634_2022-10-04,1.0,mpt,45620.0,45848.0,228.0,education,home
30820_2022-12-04,0.0,bike,40284.0,40507.0,223.0,home,home
30820_2022-12-04,1.0,bike,69337.0,69594.0,257.0,home,home
30012_2022-08-23,0.0,mpt,24297.0,26252.0,1955.0,home,education
30012_2022-08-23,1.0,walk,35777.0,35920.0,143.0,education,leisure
30012_2022-08-23,2.0,walk,40471.0,40643.0,172.0,leisure,education
30012_2022-08-23,3.0,mpt,58886.0,60449.0,1563.0,education,home
30012_2022-08-23,4.0,mpt,66049.0,67028.0,979.0,home,shop
30012_2022-08-23,5.0,mpt,67433.0,67796.0,363.0,shop,home
30243_2022-08-22,0.0,pt,19898.0,22468.0,2570.0,home,work
30243_2022-08-22,1.0,walk,52878.0,55564.0,2686.0,work,home
30617_2022-11-18,0.0,pt,23268.0,24953.0,1685.0,home,work
30617_2022-11-18,1.0,walk,43834.0,44051.0,217.0,work,education
30617_2022-11-18,2.0,walk,53187.0,53402.0,215.0,education,other
30617_2022-11-18,3.0,pt,53773.0,60015.0,6242.0,other,home
30105_2022-09-23,0.0,walk,49133.0,50547.0,1414.0,home,home
30105_2022-09-23,1.0,walk,58870.0,61371.0,2501.0,home,leisure
30105_2022-09-23,2.0,walk,72323.0,73474.0,1151.0,leisure,other
30105_2022-09-23,3.0,walk,74192.0,74810.0,618.0,other,other
30105_2022-09-23,4.0,pt,75231.0,75539.0,308.0,other,home
30308_2022-12-06,0.0,mpt,18091.0,21518.0,3427.0,home,leisure
30308_2022-12-06,1.0,walk,22456.0,22521.0,65.0,leisure,education
30308_2022-12-06,2.0,walk,31790.0,31830.0,40.0,education,education
30308_2022-12-06,3.0,mpt,32252.0,32467.0,215.0,education,education
30308_2022-12-06,4.0,mpt,35573.0,35808.0,235.0,education,education
30308_2022-12-06,5.0,mpt,39294.0,39940.0,646.0,education,work
30308_2022-12-06,6.0,mpt,42645.0,43416.0,771.0,work,education
30308_2022-12-06,7.0,mpt,54192.0,56827.0,2635.0,education,leisure
30308_2022-12-06,8.0,mpt,60556.0,61344.0,788.0,leisure,home
30401_2022-11-08,0.0,walk,25623.0,25883.0,260.0,home,leisure
30401_2022-11-08,1.0,bike,28655.0,28987.0,332.0,leisure,shop
30401_2022-11-08,2.0,bike,30215.0,30544.0,329.0,shop,home
30401_2022-11-08,3.0,bike,48728.0,48985.0,257.0,home,education
30401_2022-11-08,4.0,bike,59321.0,59625.0,304.0,education,leisure
30401_2022-11-08,5.0,bike,62475.0,62608.0,133.0,leisure,home
30401_2022-11-08,6.0,bike,72365.0,72593.0,228.0,home,home
30803_2022-12-15,0.0,mpt,61824.0,65006.0,3182.0,home,leisure
30803_2022-12-15,1.0,walk,73454.0,73491.0,37.0,leisure,leisure
30803_2022-12-15,2.0,mpt,74105.0,75490.0,1385.0,leisure,leisure
30803_2022-12-15,3.0,mpt,77741.0,79184.0,1443.0,leisure,home
30467_2022-07-24,0.0,mpt,30880.0,31977.0,1097.0,home,work
30467_2022-07-24,1.0,walk,40183.0,40306.0,123.0,work,other
30467_2022-07-24,2.0,mpt,69388.0,71058.0,1670.0,other,leisure
30467_2022-07-24,3.0,mpt,75216.0,76182.0,966.0,leisure,home
30869_2022-12-10,0.0,mpt,28078.0,28828.0,750.0,home,leisure
30869_2022-12-10,1.0,mpt,33558.0,35242.0,1684.0,leisure,home
31274_2022-11-24,0.0,walk,45862.0,46426.0,564.0,home,other
31274_2022-11-24,1.0,walk,46859.0,47074.0,215.0,other,leisure
31274_2022-11-24,2.0,walk,49366.0,49946.0,580.0,leisure,shop
31274_2022-11-24,3.0,walk,50365.0,50507.0,142.0,shop,home
31274_2022-11-24,4.0,walk,61481.0,61908.0,427.0,home,leisure
31274_2022-11-24,5.0,walk,63777.0,64376.0,599.0,leisure,leisure
31274_2022-11-24,6.0,walk,76416.0,76844.0,428.0,leisure,home
30433_2022-11-23,0.0,mpt,20416.0,22209.0,1793.0,home,education
30433_2022-11-23,1.0,walk,28606.0,28694.0,88.0,education,education
30433_2022-11-23,2.0,walk,39683.0,40421.0,738.0,education,leisure
30433_2022-11-23,3.0,mpt,40854.0,41205.0,351.0,leisure,education
30433_2022-11-23,4.0,walk,42746.0,43232.0,486.0,education,education
30433_2022-11-23,5.0,walk,55423.0,55607.0,184.0,education,education
30433_2022-11-23,6.0,walk,56928.0,56979.0,51.0,education,education
30433_2022-11-23,7.0,mpt,68600.0,69718.0,1118.0,education,home
30339_2022-12-01,0.0,walk,44342.0,44461.0,119.0,home,home
30339_2022-12-01,1.0,walk,47749.0,48952.0,1203.0,home,home
31022_2022-08-18,0.0,bike,26943.0,28556.0,1613.0,home,leisure
31022_2022-08-18,1.0,walk,31772.0,32710.0,938.0,leisure,leisure
31022_2022-08-18,2.0,bike,34752.0,35237.0,485.0,leisure,other
31022_2022-08-18,3.0,bike,35584.0,36750.0,1166.0,other,home
30713_2022-11-11,0.0,bike,32225.0,32369.0,144.0,home,leisure
30713_2022-11-11,1.0,walk,34208.0,35357.0,1149.0,leisure,home
30544_2022-10-27,0.0,walk,21745.0,22021.0,276.0,home,home
30544_2022-10-27,1.0,walk,36774.0,36992.0,218.0,home,shop
30544_2022-10-27,2.0,walk,37578.0,38232.0,654.0,shop,home
30544_2022-10-27,3.0,walk,59142.0,59477.0,335.0,home,other
30544_2022-10-27,4.0,walk,62829.0,62877.0,48.0,other,other
30544_2022-10-27,5.0,walk,64367.0,65494.0,1127.0,other,home
30544_2022-10-27,6.0,walk,69697.0,69808.0,111.0,home,home
30149_2022-10-02,0.0,mpt,29274.0,29825.0,551.0,home,other
30149_2022-10-02,1.0,walk,30367.0,30527.0,160.0,other,home
30149_2022-10-02,2.0,walk,32132.0,32292.0,160.0,home,leisure
30149_2022-10-02,3.0,mpt,35641.0,35968.0,327.0,leisure,home
30450_2022-09-19,0.0,mpt,39004.0,40066.0,1062.0,other,work
31096_2023-01-20,0.0,mpt,48835.0,50952.0,2117.0,home,shop
31096_2023-01-20,1.0,walk,51886.0,52187.0,301.0,shop,shop
31096_2023-01-20,2.0,walk,53103.0,53721.0,618.0,shop,leisure
31096_2023-01-20,3.0,mpt,58322.0,60554.0,2232.0,leisure,home
30009_2022-10-10,0.0,mpt,20628.0,22606.0,1978.0,home,work
30009_2022-10-10,1.0,mpt,56260.0,58528.0,2268.0,work,home
30905_2022-09-20,0.0,mpt,30774.0,34434.0,3660.0,home,home
30905_2022-09-20,1.0,mpt,49470.0,53288.0,3818.0,home,shop
30905_2022-09-20,2.0,mpt,53862.0,54300.0,438.0,shop,home
30997_2022-12-10,0.0,walk,33500.0,34311.0,811.0,home,leisure
30997_2022-12-10,1.0,walk,35149.0,36564.0,1415.0,leisure,home
30997_2022-12-10,2.0,bike,48971.0,49150.0,179.0,home,home
31096_2023-01-05,0.0,mpt,44792.0,46843.0,2051.0,other,home
31096_2023-01-05,1.0,mpt,57121.0,57423.0,302.0,home,other
31096_2023-01-05,2.0,mpt,62051.0,62384.0,333.0,other,home
30385_2022-09-13,0.0,mpt,32726.0,33361.0,635.0,home,shop
30385_2022-09-13,1.0,mpt,34524.0,35565.0,1041.0,shop,home
30385_2022-09-13,2.0,bike,56820.0,57556.0,736.0,home,leisure
30385_2022-09-13,3.0,bike,69440.0,69750.0,310.0,leisure,home
30735_2022-10-27,0.0,walk,15801.0,16296.0,495.0,home,leisure
30735_2022-10-27,1.0,walk,17036.0,17697.0,661.0,leisure,home
30735_2022-10-27,2.0,walk,31597.0,31657.0,60.0,home,home
30735_2022-10-27,3.0,walk,35082.0,35108.0,26.0,home,home
30735_2022-10-27,4.0,mpt,59814.0,60596.0,782.0,home,shop
30735_2022-10-27,5.0,mpt,61391.0,61653.0,262.0,shop,leisure
30735_2022-10-27,6.0,mpt,66012.0,66406.0,394.0,leisure,shop
30735_2022-10-27,7.0,mpt,67096.0,67543.0,447.0,shop,home
30800_2023-01-01,0.0,walk,47346.0,53678.0,6332.0,home,home
30701_2022-10-25,0.0,bike,43726.0,44275.0,549.0,home,home
30701_2022-10-25,1.0,walk,65236.0,65882.0,646.0,home,home
30870_2023-01-06,0.0,walk,21788.0,22736.0,948.0,home,home
30870_2023-01-06,1.0,walk,37912.0,38029.0,117.0,home,home
30092_2022-11-11,0.0,bike,38512.0,38652.0,140.0,home,shop
30092_2022-11-11,1.0,bike,39026.0,39330.0,304.0,shop,home
30092_2022-11-11,2.0,bike,67840.0,68852.0,1012.0,home,leisure
30388_2022-12-12,0.0,pt,40976.0,41297.0,321.0,home,other
30388_2022-12-12,1.0,pt,41692.0,42264.0,572.0,other,education
30388_2022-12-12,2.0,walk,50641.0,50863.0,222.0,education,education
30388_2022-12-12,3.0,pt,51472.0,52262.0,790.0,education,home
30388_2022-12-12,4.0,walk,52986.0,54012.0,1026.0,home,other
30388_2022-12-12,5.0,walk,54437.0,55381.0,944.0,other,shop
30388_2022-12-12,6.0,walk,56026.0,56368.0,342.0,shop,home
30102_2022-11-04,0.0,mpt,21711.0,22295.0,584.0,home,education
30102_2022-11-04,1.0,mpt,40857.0,41591.0,734.0,education,shop
30102_2022-11-04,2.0,mpt,45456.0,46255.0,799.0,shop,home
31071_2022-10-30,0.0,walk,43436.0,44031.0,595.0,home,home
31071_2022-10-30,1.0,mpt,44417.0,50671.0,6254.0,home,leisure
31071_2022-10-30,2.0,pt,51903.0,52762.0,859.0,leisure,home
30463_2022-09-25,0.0,pt,18783.0,20947.0,2164.0,home,work
30463_2022-09-25,1.0,pt,40502.0,42543.0,2041.0,work,other
30463_2022-09-25,2.0,pt,42964.0,45739.0,2775.0,other,home
31094_2022-12-12,0.0,walk,19301.0,19918.0,617.0,home,home
31094_2022-12-12,1.0,mpt,30025.0,31397.0,1372.0,home,education
31094_2022-12-12,2.0,mpt,35407.0,38404.0,2997.0,education,education
31094_2022-12-12,3.0,mpt,42911.0,44477.0,1566.0,education,leisure
31094_2022-12-12,4.0,mpt,48117.0,52123.0,4006.0,leisure,other
31094_2022-12-12,5.0,mpt,52613.0,55412.0,2799.0,other,home
30349_2022-10-16,0.0,pt,62335.0,63222.0,887.0,home,leisure
30349_2022-10-16,1.0,pt,65190.0,65270.0,80.0,leisure,other
30349_2022-10-16,2.0,pt,66095.0,66824.0,729.0,other,home
30567_2022-11-29,0.0,walk,46263.0,52753.0,6490.0,home,home
31087_2022-08-07,0.0,walk,18796.0,22856.0,4060.0,home,home
31087_2022-08-07,1.0,mpt,27430.0,28775.0,1345.0,home,education
31087_2022-08-07,2.0,mpt,36402.0,37554.0,1152.0,education,home
31087_2022-08-07,3.0,walk,39243.0,41219.0,1976.0,home,home
31087_2022-08-07,4.0,walk,56775.0,57403.0,628.0,home,home
31087_2022-08-07,5.0,walk,60498.0,60623.0,125.0,home,leisure
31087_2022-08-07,6.0,walk,63768.0,66372.0,2604.0,leisure,home
30119_2022-08-30,0.0,pt,24161.0,26994.0,2833.0,home,other
30119_2022-08-30,1.0,walk,28509.0,29811.0,1302.0,other,leisure
30119_2022-08-30,2.0,pt,30211.0,30638.0,427.0,leisure,other
30119_2022-08-30,3.0,pt,35549.0,39551.0,4002.0,other,home
30119_2022-08-30,4.0,mpt,57734.0,60544.0,2810.0,home,other
30119_2022-08-30,5.0,mpt,61235.0,61482.0,247.0,other,leisure
30119_2022-08-30,6.0,mpt,67722.0,70246.0,2524.0,leisure,home
31114_2022-11-22,0.0,mpt,55249.0,57330.0,2081.0,home,leisure
31114_2022-11-22,1.0,mpt,64080.0,64745.0,665.0,leisure,home
30236_2022-10-13,0.0,mpt,17354.0,19120.0,1766.0,home,education
30236_2022-10-13,1.0,walk,25145.0,25263.0,118.0,education,education
30236_2022-10-13,2.0,walk,41529.0,41730.0,201.0,education,education
30236_2022-10-13,3.0,walk,46972.0,47120.0,148.0,education,other
30236_2022-10-13,4.0,walk,50059.0,50119.0,60.0,other,education
30236_2022-10-13,5.0,mpt,54148.0,56497.0,2349.0,education,shop
30236_2022-10-13,6.0,mpt,59971.0,62555.0,2584.0,shop,home
31305_2022-10-27,0.0,bike,28200.0,29091.0,891.0,home,shop
31305_2022-10-27,1.0,bike,30344.0,30729.0,385.0,shop,home
31305_2022-10-27,2.0,pt,39262.0,40975.0,1713.0,home,other
31305_2022-10-27,3.0,pt,41579.0,42635.0,1056.0,other,other
31305_2022-10-27,4.0,pt,44881.0,47945.0,3064.0,other,home
31305_2022-10-27,5.0,bike,53262.0,53971.0,709.0,home,home
30064_2023-01-05,0.0,walk,32694.0,33006.0,312.0,home,education
30064_2023-01-05,1.0,walk,33752.0,33851.0,99.0,education,other
30064_2023-01-05,2.0,walk,39403.0,39712.0,309.0,other,home
30064_2023-01-05,3.0,walk,59803.0,60869.0,1066.0,home,other
30064_2023-01-05,4.0,walk,61369.0,61642.0,273.0,other,home
31071_2022-11-03,0.0,walk,31926.0,32551.0,625.0,home,home
31071_2022-11-03,1.0,walk,35274.0,35503.0,229.0,home,home
31071_2022-11-03,2.0,pt,60218.0,61047.0,829.0,home,other
31071_2022-11-03,3.0,pt,61629.0,63009.0,1380.0,other,leisure
31071_2022-11-03,4.0,walk,67904.0,68933.0,1029.0,leisure,leisure
31071_2022-11-03,5.0,walk,73718.0,73810.0,92.0,leisure,leisure
31071_2022-11-03,6.0,walk,75619.0,76222.0,603.0,leisure,leisure
31071_2022-11-03,7.0,pt,77130.0,77740.0,610.0,leisure,other
31071_2022-11-03,8.0,pt,78112.0,78770.0,658.0,other,home
31034_2022-10-26,0.0,mpt,42748.0,45370.0,2622.0,home,home
31034_2022-10-26,1.0,walk,45767.0,47771.0,2004.0,home,other
31034_2022-10-26,2.0,mpt,49979.0,51580.0,1601.0,other,other
31034_2022-10-26,3.0,mpt,52514.0,53148.0,634.0,other,home
31034_2022-10-26,4.0,mpt,59980.0,60604.0,624.0,home,leisure
31034_2022-10-26,5.0,mpt,65115.0,65272.0,157.0,leisure,other
31034_2022-10-26,6.0,mpt,67462.0,68195.0,733.0,other,home
30749_2022-11-18,0.0,mpt,57022.0,57831.0,809.0,home,shop
30749_2022-11-18,1.0,mpt,59099.0,59884.0,785.0,shop,home
30749_2022-11-18,2.0,mpt,60912.0,61088.0,176.0,home,leisure
30749_2022-11-18,3.0,mpt,62805.0,62939.0,134.0,leisure,home
31027_2022-11-18,0.0,walk,26600.0,29261.0,2661.0,home,home
31027_2022-11-18,1.0,bike,31957.0,32241.0,284.0,home,education
31027_2022-11-18,2.0,bike,38050.0,38314.0,264.0,education,shop
31027_2022-11-18,3.0,bike,38785.0,39143.0,358.0,shop,home
31027_2022-11-18,4.0,walk,44901.0,48511.0,3610.0,home,home
31027_2022-11-18,5.0,bike,53352.0,53873.0,521.0,home,home
30327_2022-11-24,0.0,walk,41790.0,46619.0,4829.0,home,home
30327_2022-11-24,1.0,pt,48503.0,50442.0,1939.0,home,education
30327_2022-11-24,2.0,pt,64050.0,64422.0,372.0,education,other
30327_2022-11-24,3.0,pt,64901.0,66352.0,1451.0,other,home
30806_2022-07-29,0.0,mpt,58163.0,58453.0,290.0,home,leisure
30806_2022-07-29,1.0,walk,66501.0,66642.0,141.0,leisure,leisure
30806_2022-07-29,2.0,mpt,73520.0,74155.0,635.0,leisure,home
30012_2022-08-24,0.0,mpt,22607.0,24971.0,2364.0,home,education
30012_2022-08-24,1.0,mpt,46011.0,47374.0,1363.0,education,education
30012_2022-08-24,2.0,mpt,62331.0,62964.0,633.0,education,leisure
30012_2022-08-24,3.0,mpt,74148.0,75259.0,1111.0,leisure,home
30298_2022-12-05,0.0,mpt,30399.0,32314.0,1915.0,home,other
30298_2022-12-05,1.0,mpt,33109.0,33743.0,634.0,other,shop
30298_2022-12-05,2.0,mpt,38632.0,39489.0,857.0,shop,home
31093_2022-11-01,0.0,walk,22613.0,23165.0,552.0,home,home
31093_2022-11-01,1.0,walk,43197.0,43746.0,549.0,home,home
31093_2022-11-01,2.0,pt,57104.0,60308.0,3204.0,home,other
31093_2022-11-01,3.0,pt,66414.0,69424.0,3010.0,other,home
31093_2022-11-01,4.0,walk,74428.0,74582.0,154.0,home,home
30688_2022-12-05,0.0,mpt,54952.0,55963.0,1011.0,home,home
30688_2022-12-05,1.0,mpt,56636.0,57101.0,465.0,home,home
30688_2022-12-05,2.0,mpt,67054.0,67580.0,526.0,home,home
30269_2022-12-16,0.0,pt,53760.0,54989.0,1229.0,home,shop
30269_2022-12-16,1.0,walk,55388.0,56061.0,673.0,shop,shop
30269_2022-12-16,2.0,walk,57677.0,58486.0,809.0,shop,home
30701_2022-10-24,0.0,bike,21054.0,22716.0,1662.0,home,education
30701_2022-10-24,1.0,walk,35905.0,36123.0,218.0,education,leisure
30701_2022-10-24,2.0,walk,37367.0,37477.0,110.0,leisure,education
30701_2022-10-24,3.0,bike,55956.0,57616.0,1660.0,education,home
30634_2022-10-13,0.0,mpt,52656.0,53259.0,603.0,education,education
30634_2022-10-13,1.0,walk,58981.0,59337.0,356.0,education,home
30140_2022-11-22,0.0,walk,23543.0,25772.0,2229.0,home,home
30140_2022-11-22,1.0,walk,58112.0,60197.0,2085.0,home,leisure
30140_2022-11-22,2.0,mpt,60667.0,62634.0,1967.0,leisure,other
30140_2022-11-22,3.0,walk,63208.0,63299.0,91.0,other,home
30171_2022-12-07,0.0,pt,16704.0,17821.0,1117.0,home,home
30171_2022-12-07,1.0,pt,18952.0,23430.0,4478.0,home,education
30171_2022-12-07,2.0,walk,31950.0,32342.0,392.0,education,education
30171_2022-12-07,3.0,walk,39611.0,41009.0,1398.0,education,other
30171_2022-12-07,4.0,walk,42796.0,42928.0,132.0,other,education
30171_2022-12-07,5.0,walk,57567.0,57711.0,144.0,education,education
30171_2022-12-07,6.0,pt,59309.0,65122.0,5813.0,education,home
30028_2022-11-10,0.0,pt,22221.0,25516.0,3295.0,home,education
30028_2022-11-10,1.0,walk,39401.0,39668.0,267.0,education,other
30028_2022-11-10,2.0,pt,40043.0,41483.0,1440.0,other,work
30028_2022-11-10,3.0,pt,56629.0,57680.0,1051.0,work,other
30028_2022-11-10,4.0,pt,58108.0,59825.0,1717.0,other,home
30028_2022-11-10,5.0,mpt,63037.0,63380.0,343.0,home,work
30028_2022-11-10,6.0,mpt,71169.0,71412.0,243.0,work,home
30915_2022-12-09,0.0,pt,38938.0,40463.0,1525.0,home,shop
30915_2022-12-09,1.0,walk,41337.0,41775.0,438.0,shop,other
30915_2022-12-09,2.0,walk,42078.0,43034.0,956.0,other,home
30099_2022-08-26,0.0,bike,16889.0,18296.0,1407.0,home,work
30099_2022-08-26,1.0,bike,40177.0,41471.0,1294.0,work,home
30099_2022-08-26,2.0,mpt,44541.0,44756.0,215.0,home,shop
30099_2022-08-26,3.0,walk,46423.0,46802.0,379.0,shop,home
30099_2022-08-26,4.0,walk,61982.0,62371.0,389.0,home,leisure
30099_2022-08-26,5.0,walk,68829.0,69030.0,201.0,leisure,home
30099_2022-08-26,6.0,mpt,71103.0,73110.0,2007.0,home,home
31274_2022-11-23,0.0,pt,42042.0,43167.0,1125.0,home,leisure
31274_2022-11-23,1.0,walk,44378.0,49214.0,4836.0,leisure,leisure
31274_2022-11-23,2.0,walk,50413.0,50576.0,163.0,leisure,leisure
31274_2022-11-23,3.0,pt,51118.0,52394.0,1276.0,leisure,education
31274_2022-11-23,4.0,walk,60601.0,61755.0,1154.0,education,leisure
31274_2022-11-23,5.0,walk,64850.0,66110.0,1260.0,leisure,home
31274_2022-11-23,6.0,walk,80125.0,80938.0,813.0,home,leisure
31274_2022-11-23,7.0,walk,82800.0,84669.0,1869.0,leisure,home
30294_2023-01-14,0.0,walk,26242.0,27372.0,1130.0,home,home
30294_2023-01-14,1.0,walk,48630.0,48913.0,283.0,home,home
30294_2023-01-14,2.0,walk,54181.0,55437.0,1256.0,home,home
30796_2022-11-25,0.0,walk,55613.0,56701.0,1088.0,home,home
30796_2022-11-25,1.0,walk,81431.0,81582.0,151.0,home,home
30118_2022-11-14,0.0,mpt,27790.0,29060.0,1270.0,home,shop
30118_2022-11-14,1.0,mpt,38124.0,39286.0,1162.0,shop,home
30435_2022-12-12,0.0,bike,29424.0,31680.0,2256.0,home,home
30435_2022-12-12,1.0,mpt,32139.0,33313.0,1174.0,home,home
30435_2022-12-12,2.0,mpt,34956.0,35836.0,880.0,home,other
30435_2022-12-12,3.0,mpt,38339.0,39055.0,716.0,other,home
30435_2022-12-12,4.0,bike,50961.0,54711.0,3750.0,home,home
30435_2022-12-12,5.0,walk,73686.0,74133.0,447.0,home,home
30076_2022-09-19,0.0,pt,44658.0,47966.0,3308.0,home,work
30076_2022-09-19,1.0,walk,52822.0,53314.0,492.0,work,other
30076_2022-09-19,2.0,other,53730.0,86399.0,32669.0,other,
30341_2022-09-16,0.0,mpt,51105.0,51268.0,163.0,home,home
31085_2022-10-10,0.0,mpt,32405.0,33878.0,1473.0,home,education
31085_2022-10-10,1.0,pt,34424.0,34650.0,226.0,education,education
31085_2022-10-10,2.0,mpt,35931.0,36222.0,291.0,education,education
31085_2022-10-10,3.0,mpt,37559.0,38286.0,727.0,education,education
31085_2022-10-10,4.0,mpt,40134.0,41203.0,1069.0,education,education
31085_2022-10-10,5.0,walk,54595.0,55363.0,768.0,education,education
31085_2022-10-10,6.0,mpt,56191.0,57123.0,932.0,education,home
31085_2022-10-02,0.0,walk,24427.0,24991.0,564.0,home,education
31085_2022-10-02,1.0,mpt,61641.0,62863.0,1222.0,education,education
31085_2022-10-02,2.0,mpt,64538.0,66729.0,2191.0,education,home
31234_2022-10-07,0.0,bike,26406.0,26610.0,204.0,home,home
31234_2022-10-07,1.0,bike,32071.0,32528.0,457.0,home,shop
31234_2022-10-07,2.0,bike,33312.0,33778.0,466.0,shop,home
30203_2022-10-17,0.0,walk,21512.0,21612.0,100.0,home,work
30203_2022-10-17,1.0,walk,48685.0,48818.0,133.0,work,home
31145_2022-11-05,0.0,mpt,59944.0,61758.0,1814.0,home,shop
31145_2022-11-05,1.0,walk,62199.0,62347.0,148.0,shop,leisure
31145_2022-11-05,2.0,mpt,78769.0,80578.0,1809.0,leisure,home
31158_2023-01-03,0.0,mpt,62251.0,62911.0,660.0,home,other
31158_2023-01-03,1.0,mpt,63507.0,63924.0,417.0,other,shop
31158_2023-01-03,2.0,mpt,64955.0,65528.0,573.0,shop,home
30439_2022-11-23,0.0,walk,41560.0,43744.0,2184.0,home,home
30439_2022-11-23,1.0,mpt,59772.0,63026.0,3254.0,home,leisure
30439_2022-11-23,2.0,mpt,69802.0,71868.0,2066.0,leisure,home
30246_2022-08-16,0.0,pt,27767.0,28434.0,667.0,home,other
30246_2022-08-16,1.0,pt,28860.0,30646.0,1786.0,other,leisure
30246_2022-08-16,2.0,walk,32108.0,32840.0,732.0,leisure,leisure
30246_2022-08-16,3.0,pt,39938.0,41081.0,1143.0,leisure,other
30246_2022-08-16,4.0,pt,41513.0,44341.0,2828.0,other,home
30246_2022-08-16,5.0,bike,49599.0,50759.0,1160.0,home,home
30246_2022-08-16,6.0,walk,59843.0,60200.0,357.0,home,shop
30246_2022-08-16,7.0,walk,60934.0,61182.0,248.0,shop,other
30246_2022-08-16,8.0,walk,61961.0,66610.0,4649.0,other,home
30008_2022-12-01,0.0,bike,55852.0,56398.0,546.0,home,other
30008_2022-12-01,1.0,bike,57514.0,58714.0,1200.0,other,home
30008_2022-12-01,2.0,bike,59722.0,60146.0,424.0,home,leisure
30008_2022-12-01,3.0,bike,63705.0,64159.0,454.0,leisure,home
30448_2022-10-26,0.0,mpt,20324.0,21648.0,1324.0,home,education
30448_2022-10-26,1.0,mpt,31942.0,32275.0,333.0,education,education
30448_2022-10-26,2.0,mpt,35972.0,37286.0,1314.0,education,home
30448_2022-10-26,3.0,bike,48949.0,49921.0,972.0,home,shop
30448_2022-10-26,4.0,bike,50753.0,51123.0,370.0,shop,shop
30448_2022-10-26,5.0,bike,51953.0,52560.0,607.0,shop,other
30448_2022-10-26,6.0,walk,53356.0,55276.0,1920.0,other,home
30005_2022-11-17,0.0,pt,37056.0,39340.0,2284.0,home,other
30005_2022-11-17,1.0,pt,39861.0,44354.0,4493.0,other,education
30005_2022-11-17,2.0,pt,54362.0,54898.0,536.0,education,other
30005_2022-11-17,3.0,pt,57015.0,63404.0,6389.0,other,home
30005_2022-11-17,4.0,mpt,65004.0,65143.0,139.0,home,education
30005_2022-11-17,5.0,walk,77095.0,77272.0,177.0,education,leisure
30005_2022-11-17,6.0,mpt,81746.0,81770.0,24.0,leisure,home
31055_2022-09-24,0.0,mpt,30085.0,30388.0,303.0,home,home
31055_2022-09-24,1.0,pt,31081.0,31189.0,108.0,home,other
31055_2022-09-24,2.0,mpt,32023.0,32242.0,219.0,other,home
31055_2022-09-24,3.0,mpt,57832.0,60201.0,2369.0,home,leisure
31055_2022-09-24,4.0,walk,62789.0,62957.0,168.0,leisure,leisure
31055_2022-09-24,5.0,mpt,73142.0,75500.0,2358.0,leisure,home
30502_2022-11-10,0.0,walk,41307.0,45719.0,4412.0,home,home
30042_2023-01-06,0.0,mpt,39562.0,40447.0,885.0,home,education
30042_2023-01-06,1.0,mpt,58156.0,58987.0,831.0,education,shop
30042_2023-01-06,2.0,mpt,60544.0,61309.0,765.0,shop,home
30042_2023-01-06,3.0,mpt,62820.0,63412.0,592.0,home,home
30925_2022-11-22,0.0,walk,27298.0,29535.0,2237.0,home,home
30925_2022-11-22,1.0,walk,43256.0,44473.0,1217.0,home,home
30925_2022-11-22,2.0,walk,56312.0,56591.0,279.0,home,home
30942_2022-11-26,0.0,mpt,24878.0,25632.0,754.0,home,home
30942_2022-11-26,1.0,mpt,28629.0,30308.0,1679.0,home,shop
30942_2022-11-26,2.0,mpt,31115.0,31636.0,521.0,shop,home
30942_2022-11-26,3.0,walk,32730.0,33070.0,340.0,home,home
30942_2022-11-26,4.0,mpt,62953.0,65000.0,2047.0,home,other
30942_2022-11-26,5.0,bike,77953.0,78348.0,395.0,other,home
30872_2022-11-30,0.0,walk,42339.0,43714.0,1375.0,home,home
30583_2022-09-29,0.0,mpt,39758.0,39991.0,233.0,home,shop
30583_2022-09-29,1.0,mpt,40671.0,42917.0,2246.0,shop,work
31260_2022-11-28,0.0,walk,44645.0,45167.0,522.0,home,shop
31260_2022-11-28,1.0,walk,46919.0,47164.0,245.0,shop,shop
31260_2022-11-28,2.0,walk,48218.0,48747.0,529.0,shop,home
30690_2022-08-31,0.0,pt,35336.0,36404.0,1068.0,home,other
30690_2022-08-31,1.0,pt,36942.0,39900.0,2958.0,other,education
30690_2022-08-31,2.0,pt,53751.0,60057.0,6306.0,education,leisure
30690_2022-08-31,3.0,walk,60830.0,60968.0,138.0,leisure,leisure
30690_2022-08-31,4.0,pt,71006.0,78188.0,7182.0,leisure,home
31224_2022-09-21,0.0,pt,18726.0,19399.0,673.0,home,other
31224_2022-09-21,1.0,pt,19876.0,22667.0,2791.0,other,work
31224_2022-09-21,2.0,pt,54693.0,58507.0,3814.0,work,home
30422_2022-12-02,0.0,bike,38428.0,39028.0,600.0,home,leisure
30422_2022-12-02,1.0,walk,44128.0,44377.0,249.0,leisure,leisure
30422_2022-12-02,2.0,bike,47539.0,48348.0,809.0,leisure,shop
30422_2022-12-02,3.0,pt,48749.0,50218.0,1469.0,shop,other
30422_2022-12-02,4.0,pt,56211.0,58017.0,1806.0,other,leisure
30422_2022-12-02,5.0,walk,67288.0,67401.0,113.0,leisure,leisure
30422_2022-12-02,6.0,bike,82667.0,83773.0,1106.0,leisure,home
30053_2022-11-16,0.0,mpt,51209.0,51898.0,689.0,home,shop
30053_2022-11-16,1.0,mpt,55261.0,56118.0,857.0,shop,other
30053_2022-11-16,2.0,walk,57320.0,58132.0,812.0,other,shop
30053_2022-11-16,3.0,mpt,62142.0,63250.0,1108.0,shop,home
30838_2022-12-08,0.0,walk,34049.0,34317.0,268.0,home,other
30838_2022-12-08,1.0,pt,34796.0,35747.0,951.0,other,education
30838_2022-12-08,2.0,walk,39762.0,39871.0,109.0,education,leisure
30838_2022-12-08,3.0,walk,40255.0,40331.0,76.0,leisure,education
30838_2022-12-08,4.0,walk,52684.0,53065.0,381.0,education,education
30838_2022-12-08,5.0,walk,53786.0,54002.0,216.0,education,education
30838_2022-12-08,6.0,walk,62068.0,64491.0,2423.0,education,home
30430_2022-09-24,0.0,walk,49396.0,50631.0,1235.0,home,education
30430_2022-09-24,1.0,walk,53756.0,54430.0,674.0,education,home
30246_2022-08-09,0.0,bike,21738.0,22791.0,1053.0,home,education
30246_2022-08-09,1.0,walk,27881.0,28049.0,168.0,education,education
30246_2022-08-09,2.0,walk,40524.0,40691.0,167.0,education,home
30246_2022-08-09,3.0,walk,42310.0,42530.0,220.0,home,education
30246_2022-08-09,4.0,bike,51790.0,52397.0,607.0,education,leisure
30246_2022-08-09,5.0,bike,58272.0,59137.0,865.0,leisure,home
30246_2022-08-09,6.0,walk,63058.0,63249.0,191.0,home,leisure
30246_2022-08-09,7.0,walk,64167.0,68207.0,4040.0,leisure,home
31221_2022-10-12,0.0,mpt,42383.0,43678.0,1295.0,home,education
31221_2022-10-12,1.0,walk,49950.0,50460.0,510.0,education,education
31221_2022-10-12,2.0,mpt,66515.0,66866.0,351.0,education,home
30969_2022-10-18,0.0,mpt,24540.0,25270.0,730.0,home,leisure
30969_2022-10-18,1.0,mpt,30078.0,30531.0,453.0,leisure,shop
30969_2022-10-18,2.0,mpt,31662.0,32792.0,1130.0,shop,home
30969_2022-10-18,3.0,mpt,59277.0,60254.0,977.0,home,education
30969_2022-10-18,4.0,mpt,63304.0,64368.0,1064.0,education,home
30174_2022-09-11,0.0,mpt,25578.0,26338.0,760.0,home,leisure
30174_2022-09-11,1.0,walk,27932.0,30395.0,2463.0,leisure,leisure
30174_2022-09-11,2.0,walk,30795.0,31089.0,294.0,leisure,leisure
30174_2022-09-11,3.0,walk,32056.0,32478.0,422.0,leisure,leisure
30174_2022-09-11,4.0,walk,33726.0,37152.0,3426.0,leisure,home
30174_2022-09-11,5.0,walk,39214.0,41203.0,1989.0,home,leisure
30174_2022-09-11,6.0,walk,41517.0,42471.0,954.0,leisure,leisure
30174_2022-09-11,7.0,mpt,42977.0,55700.0,12723.0,leisure,home
30174_2022-09-11,8.0,bike,60217.0,60840.0,623.0,home,leisure
30174_2022-09-11,9.0,bike,66964.0,67784.0,820.0,leisure,home
30413_2022-11-01,0.0,walk,25557.0,27484.0,1927.0,home,home
30413_2022-11-01,1.0,walk,81209.0,81893.0,684.0,home,home
31087_2022-08-12,0.0,walk,19543.0,24386.0,4843.0,home,home
31087_2022-08-12,1.0,walk,26575.0,26798.0,223.0,home,home
31087_2022-08-12,2.0,walk,72677.0,74281.0,1604.0,home,home
30214_2022-08-17,0.0,walk,25594.0,25792.0,198.0,home,home
30236_2022-10-19,0.0,walk,20519.0,24199.0,3680.0,home,home
30236_2022-10-19,1.0,walk,52652.0,53288.0,636.0,home,home
30704_2022-12-08,0.0,walk,34031.0,36021.0,1990.0,home,leisure
30704_2022-12-08,1.0,walk,37001.0,37782.0,781.0,leisure,home
30617_2022-11-23,0.0,pt,35019.0,37465.0,2446.0,home,education
30617_2022-11-23,1.0,walk,44554.0,45431.0,877.0,education,shop
30617_2022-11-23,2.0,walk,45987.0,46483.0,496.0,shop,education
30617_2022-11-23,3.0,pt,53681.0,56385.0,2704.0,education,home
31293_2022-11-21,0.0,mpt,64728.0,70683.0,5955.0,home,home
30685_2022-12-02,0.0,bike,55653.0,55911.0,258.0,home,shop
30685_2022-12-02,1.0,bike,57892.0,58280.0,388.0,shop,home
30685_2022-12-02,2.0,walk,66040.0,66760.0,720.0,home,home
30053_2022-10-28,0.0,mpt,54276.0,54737.0,461.0,home,shop
30053_2022-10-28,1.0,mpt,55248.0,55537.0,289.0,shop,home
30313_2022-11-09,0.0,bike,25833.0,26129.0,296.0,home,education
30313_2022-11-09,1.0,walk,42969.0,43680.0,711.0,education,education
30313_2022-11-09,2.0,bike,63668.0,64134.0,466.0,education,home
31251_2022-12-09,0.0,mpt,56221.0,57380.0,1159.0,home,home
31251_2022-12-09,1.0,walk,57968.0,58066.0,98.0,home,home
31251_2022-12-09,2.0,mpt,59165.0,60037.0,872.0,home,home
30889_2022-11-07,0.0,bike,30529.0,31448.0,919.0,home,other
30889_2022-11-07,1.0,bike,37323.0,39378.0,2055.0,other,home
30889_2022-11-07,2.0,bike,69332.0,69429.0,97.0,home,home
30845_2022-12-01,0.0,walk,25505.0,25933.0,428.0,home,leisure
30845_2022-12-01,1.0,walk,32104.0,32442.0,338.0,leisure,home
30845_2022-12-01,2.0,mpt,37335.0,38325.0,990.0,home,work
30845_2022-12-01,3.0,walk,65472.0,65845.0,373.0,work,home
30869_2022-12-12,0.0,mpt,19812.0,20200.0,388.0,home,work
30869_2022-12-12,1.0,walk,32661.0,32984.0,323.0,work,education
30869_2022-12-12,2.0,mpt,37417.0,37680.0,263.0,education,home
30093_2023-01-06,0.0,walk,23939.0,24488.0,549.0,home,work
30093_2023-01-06,1.0,pt,62044.0,62795.0,751.0,work,home
30351_2022-11-12,0.0,bike,28435.0,28892.0,457.0,home,leisure
30351_2022-11-12,1.0,bike,46003.0,46323.0,320.0,leisure,home
30351_2022-11-12,2.0,mpt,58960.0,59171.0,211.0,home,leisure
30351_2022-11-12,3.0,mpt,77399.0,77567.0,168.0,leisure,home
31071_2022-11-01,0.0,walk,22395.0,22832.0,437.0,home,other
31071_2022-11-01,1.0,pt,23627.0,26484.0,2857.0,other,leisure
31071_2022-11-01,2.0,pt,41553.0,43564.0,2011.0,leisure,leisure
31071_2022-11-01,3.0,walk,44124.0,44218.0,94.0,leisure,other
31071_2022-11-01,4.0,pt,50342.0,50437.0,95.0,other,other
31071_2022-11-01,5.0,pt,51114.0,52822.0,1708.0,other,home
30327_2022-12-09,0.0,pt,44853.0,46986.0,2133.0,home,work
30327_2022-12-09,1.0,walk,61448.0,61873.0,425.0,work,leisure
30327_2022-12-09,2.0,walk,80622.0,83201.0,2579.0,leisure,other
30327_2022-12-09,3.0,walk,83614.0,86399.0,2785.0,other,
30099_2022-08-15,0.0,bike,22434.0,26176.0,3742.0,home,home
30099_2022-08-15,1.0,bike,29914.0,31123.0,1209.0,home,education
30099_2022-08-15,2.0,bike,45296.0,46325.0,1029.0,education,home
31196_2022-11-13,0.0,walk,50115.0,50913.0,798.0,home,home
31196_2022-11-13,1.0,walk,51686.0,51948.0,262.0,home,home
31101_2022-11-23,0.0,walk,44426.0,45037.0,611.0,home,leisure
31101_2022-11-23,1.0,walk,53820.0,54579.0,759.0,leisure,other
31101_2022-11-23,2.0,walk,55094.0,57314.0,2220.0,other,home
31145_2022-11-15,0.0,pt,24611.0,27320.0,2709.0,home,leisure
31145_2022-11-15,1.0,walk,27732.0,27809.0,77.0,leisure,work
31145_2022-11-15,2.0,walk,40786.0,41297.0,511.0,work,work
31145_2022-11-15,3.0,pt,65269.0,66933.0,1664.0,work,leisure
31145_2022-11-15,4.0,mpt,72999.0,73072.0,73.0,leisure,home
31021_2022-12-09,0.0,walk,9869.0,9912.0,43.0,home,home
31021_2022-12-09,1.0,mpt,25078.0,26348.0,1270.0,home,other
31021_2022-12-09,2.0,walk,28163.0,28673.0,510.0,other,home
31021_2022-12-09,3.0,mpt,44913.0,45562.0,649.0,home,home
31021_2022-12-09,4.0,mpt,52168.0,53109.0,941.0,home,home
30115_2022-09-27,0.0,walk,22450.0,22807.0,357.0,home,other
30115_2022-09-27,1.0,walk,23350.0,23894.0,544.0,other,education
30115_2022-09-27,2.0,walk,54958.0,55265.0,307.0,education,other
30115_2022-09-27,3.0,walk,56180.0,56717.0,537.0,other,home
30663_2022-11-19,0.0,walk,24746.0,25988.0,1242.0,home,leisure
30663_2022-11-19,1.0,walk,26565.0,27368.0,803.0,leisure,home
30663_2022-11-19,2.0,bike,49446.0,49578.0,132.0,home,shop
30663_2022-11-19,3.0,bike,50025.0,50173.0,148.0,shop,home
30663_2022-11-19,4.0,mpt,56300.0,57259.0,959.0,home,shop
30663_2022-11-19,5.0,mpt,59462.0,60108.0,646.0,shop,home
30663_2022-11-19,6.0,mpt,69717.0,70252.0,535.0,home,leisure
30663_2022-11-19,7.0,bike,78190.0,79516.0,1326.0,leisure,home
31137_2022-12-21,0.0,pt,21803.0,22462.0,659.0,home,other
31137_2022-12-21,1.0,pt,23147.0,25621.0,2474.0,other,education
31137_2022-12-21,2.0,mpt,39090.0,39366.0,276.0,education,leisure
31137_2022-12-21,3.0,mpt,46108.0,46274.0,166.0,leisure,education
31137_2022-12-21,4.0,walk,49877.0,50397.0,520.0,education,education
31137_2022-12-21,5.0,pt,57168.0,57875.0,707.0,education,other
31137_2022-12-21,6.0,pt,58556.0,59824.0,1268.0,other,home
31137_2022-12-21,7.0,walk,60656.0,61126.0,470.0,home,home
31137_2022-12-21,8.0,mpt,62400.0,63469.0,1069.0,home,leisure
31137_2022-12-21,9.0,mpt,72960.0,73194.0,234.0,leisure,home
30278_2022-11-30,0.0,mpt,27999.0,28943.0,944.0,home,shop
30278_2022-11-30,1.0,mpt,29433.0,29646.0,213.0,shop,leisure
30278_2022-11-30,2.0,walk,32820.0,32956.0,136.0,leisure,other
30278_2022-11-30,3.0,walk,33575.0,36365.0,2790.0,other,home
30278_2022-11-30,4.0,walk,56524.0,57769.0,1245.0,home,home
30633_2022-11-17,0.0,walk,24514.0,26834.0,2320.0,home,home
30633_2022-11-17,1.0,walk,37900.0,38280.0,380.0,home,other
30633_2022-11-17,2.0,walk,39396.0,40319.0,923.0,other,home
30633_2022-11-17,3.0,walk,51883.0,53068.0,1185.0,home,home
30168_2022-09-21,0.0,mpt,12796.0,13961.0,1165.0,home,education
30168_2022-09-21,1.0,walk,33610.0,34595.0,985.0,education,work
30168_2022-09-21,2.0,mpt,49061.0,50266.0,1205.0,work,home
30168_2022-09-21,3.0,walk,51536.0,55014.0,3478.0,home,home
31206_2022-08-29,0.0,walk,20193.0,23430.0,3237.0,home,home
31206_2022-08-29,1.0,walk,40999.0,42259.0,1260.0,home,home
31206_2022-08-29,2.0,mpt,48280.0,48480.0,200.0,home,leisure
31206_2022-08-29,3.0,mpt,51417.0,51705.0,288.0,leisure,leisure
31206_2022-08-29,4.0,walk,58359.0,59435.0,1076.0,leisure,home
30699_2022-11-18,0.0,pt,27822.0,28987.0,1165.0,home,education
30699_2022-11-18,1.0,walk,37887.0,37927.0,40.0,education,work
30699_2022-11-18,2.0,pt,41595.0,42085.0,490.0,work,other
30699_2022-11-18,3.0,pt,42396.0,43517.0,1121.0,other,home
30553_2022-10-07,0.0,pt,31592.0,34976.0,3384.0,home,work
30553_2022-10-07,1.0,pt,45360.0,46024.0,664.0,work,other
30553_2022-10-07,2.0,pt,46332.0,47149.0,817.0,other,other
30553_2022-10-07,3.0,pt,47469.0,48484.0,1015.0,other,home
30553_2022-10-07,4.0,mpt,53970.0,54259.0,289.0,home,home
30794_2022-12-19,0.0,walk,22465.0,23851.0,1386.0,home,education
30794_2022-12-19,1.0,walk,55348.0,56558.0,1210.0,education,home
30794_2022-12-19,2.0,bike,58637.0,60044.0,1407.0,home,leisure
30794_2022-12-19,3.0,bike,65104.0,66182.0,1078.0,leisure,home
30435_2022-11-29,0.0,mpt,25915.0,29048.0,3133.0,home,home
30435_2022-11-29,1.0,bike,46771.0,50230.0,3459.0,home,home
30435_2022-11-29,2.0,mpt,51119.0,51406.0,287.0,home,leisure
30435_2022-11-29,3.0,mpt,52368.0,52683.0,315.0,leisure,education
30435_2022-11-29,4.0,walk,74387.0,75452.0,1065.0,education,home
30185_2022-12-16,0.0,mpt,17563.0,19248.0,1685.0,home,home
30185_2022-12-16,1.0,pt,41645.0,42121.0,476.0,home,leisure
30185_2022-12-16,2.0,mpt,47275.0,47845.0,570.0,leisure,home
30185_2022-12-16,3.0,mpt,48440.0,48788.0,348.0,home,home
30760_2022-12-05,0.0,pt,35561.0,38352.0,2791.0,home,education
30760_2022-12-05,1.0,pt,65910.0,69601.0,3691.0,education,home
30544_2022-10-24,0.0,walk,36492.0,37040.0,548.0,home,shop
30544_2022-10-24,1.0,walk,37646.0,38334.0,688.0,shop,work
30544_2022-10-24,2.0,walk,60375.0,60699.0,324.0,work,home
30544_2022-10-24,3.0,walk,62816.0,63214.0,398.0,home,other
30544_2022-10-24,4.0,walk,64685.0,65000.0,315.0,other,home
30461_2022-10-31,0.0,pt,19439.0,24804.0,5365.0,home,education
30461_2022-10-31,1.0,walk,39636.0,39997.0,361.0,education,leisure
30461_2022-10-31,2.0,pt,40556.0,42709.0,2153.0,leisure,leisure
30461_2022-10-31,3.0,pt,43113.0,45896.0,2783.0,leisure,home
30461_2022-10-31,4.0,mpt,50893.0,52146.0,1253.0,home,other
30461_2022-10-31,5.0,mpt,52571.0,55900.0,3329.0,other,shop
30461_2022-10-31,6.0,walk,56351.0,56783.0,432.0,shop,shop
30461_2022-10-31,7.0,walk,58104.0,58266.0,162.0,shop,shop
30461_2022-10-31,8.0,pt,59159.0,59695.0,536.0,shop,shop
30461_2022-10-31,9.0,mpt,61123.0,64775.0,3652.0,shop,home
30461_2022-10-31,10.0,mpt,74222.0,74895.0,673.0,home,home
30500_2022-08-12,0.0,mpt,31506.0,31914.0,408.0,home,work
30500_2022-08-12,1.0,mpt,40100.0,40820.0,720.0,work,education
30500_2022-08-12,2.0,mpt,44343.0,44969.0,626.0,education,education
30500_2022-08-12,3.0,mpt,51399.0,51517.0,118.0,education,shop
30500_2022-08-12,4.0,bike,52112.0,52271.0,159.0,shop,home
31261_2022-12-05,0.0,pt,45289.0,46590.0,1301.0,home,leisure
31261_2022-12-05,1.0,pt,52772.0,54276.0,1504.0,leisure,home
31261_2022-12-05,2.0,bike,69196.0,69983.0,787.0,home,leisure
31261_2022-12-05,3.0,walk,71103.0,71461.0,358.0,leisure,home
31261_2022-12-05,4.0,bike,75613.0,76336.0,723.0,home,home
30467_2022-07-28,0.0,mpt,22947.0,24660.0,1713.0,home,education
30467_2022-07-28,1.0,mpt,33484.0,35631.0,2147.0,education,leisure
30467_2022-07-28,2.0,mpt,39121.0,41133.0,2012.0,leisure,education
30467_2022-07-28,3.0,mpt,51757.0,54492.0,2735.0,education,home
30467_2022-07-28,4.0,mpt,71451.0,73392.0,1941.0,home,home
30394_2022-11-25,0.0,mpt,61414.0,64501.0,3087.0,home,leisure
30394_2022-11-25,1.0,mpt,76498.0,79200.0,2702.0,leisure,home
30388_2022-12-08,0.0,pt,26144.0,27265.0,1121.0,home,education
30388_2022-12-08,1.0,walk,40082.0,40238.0,156.0,education,education
30388_2022-12-08,2.0,walk,48363.0,48388.0,25.0,education,work
30388_2022-12-08,3.0,pt,56902.0,58674.0,1772.0,work,other
30388_2022-12-08,4.0,walk,59158.0,60346.0,1188.0,other,home
31017_2022-11-04,0.0,walk,44028.0,45809.0,1781.0,home,home
30114_2022-11-08,0.0,pt,35501.0,36268.0,767.0,home,other
30114_2022-11-08,1.0,pt,36861.0,39194.0,2333.0,other,education
30114_2022-11-08,2.0,pt,52694.0,56719.0,4025.0,education,leisure
30114_2022-11-08,3.0,mpt,59938.0,60543.0,605.0,leisure,home
30114_2022-11-08,4.0,mpt,75246.0,75850.0,604.0,home,home
30597_2022-11-10,0.0,mpt,20132.0,21757.0,1625.0,home,education
30597_2022-11-10,1.0,bike,29799.0,30118.0,319.0,education,education
30597_2022-11-10,2.0,bike,36527.0,36813.0,286.0,education,work
30597_2022-11-10,3.0,mpt,56238.0,57973.0,1735.0,work,home
30597_2022-11-10,4.0,bike,67255.0,67477.0,222.0,home,other
30597_2022-11-10,5.0,bike,73320.0,73611.0,291.0,other,home
30008_2022-12-14,0.0,pt,26104.0,28686.0,2582.0,home,education
30008_2022-12-14,1.0,pt,37735.0,40104.0,2369.0,education,education
30008_2022-12-14,2.0,walk,48569.0,48927.0,358.0,education,home
30008_2022-12-14,3.0,bike,61763.0,63248.0,1485.0,home,home
30544_2022-11-04,0.0,walk,33439.0,34635.0,1196.0,home,home
30544_2022-11-04,1.0,walk,40457.0,42431.0,1974.0,home,home
30544_2022-11-04,2.0,walk,58924.0,61758.0,2834.0,home,home
30260_2022-11-03,0.0,mpt,17945.0,19327.0,1382.0,home,work
30260_2022-11-03,1.0,mpt,53374.0,55147.0,1773.0,work,other
30260_2022-11-03,2.0,bike,57915.0,58100.0,185.0,other,home
30072_2022-11-16,0.0,walk,44646.0,44848.0,202.0,home,education
30072_2022-11-16,1.0,walk,54577.0,57032.0,2455.0,education,home
30013_2022-11-13,0.0,walk,50242.0,51789.0,1547.0,home,home
30013_2022-11-13,1.0,walk,52752.0,54475.0,1723.0,home,home
31023_2022-12-23,0.0,bike,39757.0,40493.0,736.0,home,shop
31023_2022-12-23,1.0,bike,40911.0,41157.0,246.0,shop,shop
31023_2022-12-23,2.0,bike,44394.0,45086.0,692.0,shop,home
30724_2022-10-18,0.0,pt,45724.0,46023.0,299.0,home,other
30724_2022-10-18,1.0,pt,46728.0,50249.0,3521.0,other,education
30724_2022-10-18,2.0,walk,52657.0,54042.0,1385.0,education,leisure
30724_2022-10-18,3.0,pt,54986.0,57803.0,2817.0,leisure,shop
30724_2022-10-18,4.0,bike,58324.0,58863.0,539.0,shop,home
31025_2022-11-17,0.0,bike,34460.0,34792.0,332.0,other,home
31025_2022-11-17,1.0,mpt,50036.0,51812.0,1776.0,home,other
31025_2022-11-17,2.0,mpt,52732.0,54664.0,1932.0,other,education
31025_2022-11-17,3.0,mpt,57018.0,57773.0,755.0,education,home
30168_2022-09-05,0.0,mpt,31106.0,31531.0,425.0,home,leisure
30168_2022-09-05,1.0,mpt,38253.0,38673.0,420.0,leisure,work
30168_2022-09-05,2.0,walk,55741.0,58147.0,2406.0,work,leisure
30168_2022-09-05,3.0,mpt,66890.0,67123.0,233.0,leisure,home
30838_2022-12-21,0.0,walk,32745.0,32974.0,229.0,home,other
30838_2022-12-21,1.0,pt,33349.0,34342.0,993.0,other,education
30838_2022-12-21,2.0,walk,38631.0,39008.0,377.0,education,education
30838_2022-12-21,3.0,walk,55747.0,57443.0,1696.0,education,home
30938_2022-08-11,0.0,walk,29924.0,30561.0,637.0,home,education
30938_2022-08-11,1.0,walk,63457.0,65198.0,1741.0,education,home
30396_2022-08-30,0.0,walk,15683.0,15862.0,179.0,home,leisure
30396_2022-08-30,1.0,walk,18548.0,19079.0,531.0,leisure,home
30396_2022-08-30,2.0,walk,37777.0,37837.0,60.0,home,leisure
30396_2022-08-30,3.0,walk,38568.0,38612.0,44.0,leisure,home
30042_2023-01-18,0.0,walk,61216.0,61931.0,715.0,home,other
30042_2023-01-18,1.0,walk,62326.0,62826.0,500.0,other,home
30339_2022-12-21,0.0,bike,31872.0,31946.0,74.0,home,education
30339_2022-12-21,1.0,bike,36316.0,36436.0,120.0,education,home
30211_2022-11-03,0.0,mpt,26737.0,28658.0,1921.0,home,other
30211_2022-11-03,1.0,mpt,29531.0,31883.0,2352.0,other,education
30211_2022-11-03,2.0,mpt,37182.0,40422.0,3240.0,education,home
30211_2022-11-03,3.0,mpt,67923.0,68910.0,987.0,home,home
30536_2022-10-12,0.0,mpt,18065.0,20075.0,2010.0,home,leisure
30536_2022-10-12,1.0,mpt,24237.0,28033.0,3796.0,leisure,education
30536_2022-10-12,2.0,mpt,31411.0,31862.0,451.0,education,education
30536_2022-10-12,3.0,mpt,34668.0,34808.0,140.0,education,education
30536_2022-10-12,4.0,mpt,35854.0,36285.0,431.0,education,education
30536_2022-10-12,5.0,mpt,37403.0,41700.0,4297.0,education,home
30064_2023-01-16,0.0,walk,27860.0,28459.0,599.0,home,home
30064_2023-01-16,1.0,walk,64081.0,64339.0,258.0,home,leisure
30064_2023-01-16,2.0,walk,69107.0,69507.0,400.0,leisure,home
30492_2022-10-27,0.0,bike,19735.0,22106.0,2371.0,home,shop
30492_2022-10-27,1.0,bike,23849.0,25113.0,1264.0,shop,home
30492_2022-10-27,2.0,pt,30864.0,31366.0,502.0,home,other
30492_2022-10-27,3.0,pt,31794.0,33927.0,2133.0,other,education
30492_2022-10-27,4.0,walk,37509.0,38115.0,606.0,education,home
30492_2022-10-27,5.0,walk,42550.0,42993.0,443.0,home,education
30492_2022-10-27,6.0,pt,59467.0,62975.0,3508.0,education,home
30633_2022-11-21,0.0,walk,23291.0,23364.0,73.0,home,home
30633_2022-11-21,1.0,walk,25192.0,26683.0,1491.0,home,home
30633_2022-11-21,2.0,walk,33577.0,33777.0,200.0,home,home
30633_2022-11-21,3.0,walk,37534.0,38147.0,613.0,home,other
30633_2022-11-21,4.0,walk,38974.0,40054.0,1080.0,other,home
30633_2022-11-21,5.0,walk,54308.0,55090.0,782.0,home,other
30633_2022-11-21,6.0,walk,55989.0,57118.0,1129.0,other,home
30090_2022-12-13,0.0,walk,20292.0,23137.0,2845.0,home,work
30090_2022-12-13,1.0,walk,42970.0,43333.0,363.0,work,other
30090_2022-12-13,2.0,walk,43699.0,44213.0,514.0,other,education
30090_2022-12-13,3.0,mpt,53450.0,54316.0,866.0,education,other
30090_2022-12-13,4.0,mpt,56423.0,59153.0,2730.0,other,home
30203_2022-09-24,0.0,walk,20924.0,21049.0,125.0,home,work
30203_2022-09-24,1.0,walk,39733.0,39859.0,126.0,work,home
30294_2022-12-31,0.0,walk,25958.0,27929.0,1971.0,home,home
30294_2022-12-31,1.0,mpt,38345.0,39038.0,693.0,home,leisure
30294_2022-12-31,2.0,walk,42984.0,44125.0,1141.0,leisure,leisure
30294_2022-12-31,3.0,mpt,48905.0,50240.0,1335.0,leisure,home
30819_2022-12-12,0.0,pt,30673.0,31666.0,993.0,home,other
30819_2022-12-12,1.0,pt,32481.0,36268.0,3787.0,other,leisure
30819_2022-12-12,2.0,pt,36777.0,37281.0,504.0,leisure,home
30819_2022-12-12,3.0,pt,58789.0,60986.0,2197.0,home,shop
30819_2022-12-12,4.0,walk,61741.0,62029.0,288.0,shop,home
30134_2023-02-06,0.0,mpt,20391.0,22319.0,1928.0,home,education
30134_2023-02-06,1.0,mpt,41861.0,43352.0,1491.0,education,home
30134_2023-02-06,2.0,mpt,64053.0,64254.0,201.0,home,leisure
30134_2023-02-06,3.0,walk,64762.0,64895.0,133.0,leisure,leisure
30134_2023-02-06,4.0,mpt,69622.0,69969.0,347.0,leisure,home
31107_2022-12-21,0.0,mpt,30865.0,31660.0,795.0,home,shop
31107_2022-12-21,1.0,walk,32197.0,32935.0,738.0,shop,shop
31107_2022-12-21,2.0,walk,36778.0,37191.0,413.0,shop,shop
31107_2022-12-21,3.0,mpt,37771.0,38260.0,489.0,shop,home
31107_2022-12-21,4.0,mpt,58809.0,61858.0,3049.0,home,education
31107_2022-12-21,5.0,mpt,65604.0,68117.0,2513.0,education,home
30546_2022-10-25,0.0,bike,18560.0,19332.0,772.0,home,education
30546_2022-10-25,1.0,mpt,34013.0,35235.0,1222.0,education,education
30546_2022-10-25,2.0,mpt,55001.0,56653.0,1652.0,education,education
30546_2022-10-25,3.0,bike,57466.0,58027.0,561.0,education,home
30546_2022-10-25,4.0,bike,63919.0,65830.0,1911.0,home,leisure
30546_2022-10-25,5.0,bike,72669.0,72931.0,262.0,leisure,home
30521_2022-10-24,0.0,mpt,14066.0,16149.0,2083.0,home,education
30521_2022-10-24,1.0,mpt,25340.0,26774.0,1434.0,education,education
30521_2022-10-24,2.0,walk,27900.0,28470.0,570.0,education,other
30521_2022-10-24,3.0,walk,28858.0,29127.0,269.0,other,education
30521_2022-10-24,4.0,walk,38110.0,38158.0,48.0,education,home
30521_2022-10-24,5.0,walk,40279.0,40349.0,70.0,home,education
30521_2022-10-24,6.0,mpt,45743.0,48801.0,3058.0,education,home
30317_2022-11-01,0.0,pt,17199.0,17655.0,456.0,home,other
30317_2022-11-01,1.0,pt,18077.0,24935.0,6858.0,other,education
30317_2022-11-01,2.0,pt,28707.0,30110.0,1403.0,education,other
30317_2022-11-01,3.0,pt,30721.0,36964.0,6243.0,other,education
30317_2022-11-01,4.0,pt,49403.0,50740.0,1337.0,education,shop
30317_2022-11-01,5.0,pt,51259.0,53191.0,1932.0,shop,other
30388_2022-12-11,0.0,walk,52874.0,55412.0,2538.0,home,home
30265_2022-08-18,0.0,mpt,38277.0,39480.0,1203.0,home,shop
30265_2022-08-18,1.0,mpt,41209.0,41790.0,581.0,shop,home
30878_2022-09-09,0.0,bike,54435.0,56865.0,2430.0,home,other
30878_2022-09-09,1.0,walk,57273.0,58808.0,1535.0,other,leisure
30878_2022-09-09,2.0,bike,60374.0,60929.0,555.0,leisure,home
30092_2022-11-03,0.0,mpt,57663.0,59256.0,1593.0,home,other
30092_2022-11-03,1.0,mpt,61860.0,62657.0,797.0,other,shop
30092_2022-11-03,2.0,mpt,64740.0,65512.0,772.0,shop,home
30502_2022-11-11,0.0,walk,41836.0,53041.0,11205.0,home,home
30468_2022-11-20,0.0,walk,36240.0,38219.0,1979.0,home,home
30468_2022-11-20,1.0,walk,49938.0,50355.0,417.0,home,other
30468_2022-11-20,2.0,walk,51000.0,53230.0,2230.0,other,leisure
30468_2022-11-20,3.0,mpt,67602.0,68751.0,1149.0,leisure,home
31297_2022-07-30,0.0,mpt,27727.0,29349.0,1622.0,home,home
31297_2022-07-30,1.0,mpt,30499.0,31248.0,749.0,home,other
31297_2022-07-30,2.0,mpt,33571.0,34073.0,502.0,other,home
30800_2022-12-28,0.0,walk,24142.0,25126.0,984.0,home,other
30800_2022-12-28,1.0,pt,28972.0,30103.0,1131.0,other,education
30800_2022-12-28,2.0,pt,34164.0,35426.0,1262.0,education,education
30800_2022-12-28,3.0,walk,39087.0,40935.0,1848.0,education,other
30800_2022-12-28,4.0,walk,41446.0,42523.0,1077.0,other,other
30800_2022-12-28,5.0,pt,45119.0,46336.0,1217.0,other,home
30685_2022-11-13,0.0,pt,37782.0,41245.0,3463.0,home,other
30685_2022-11-13,1.0,walk,41690.0,47184.0,5494.0,other,home
30685_2022-11-13,2.0,walk,54895.0,55377.0,482.0,home,leisure
30685_2022-11-13,3.0,walk,66595.0,67521.0,926.0,leisure,home
30235_2022-11-18,0.0,pt,22872.0,25538.0,2666.0,home,education
30235_2022-11-18,1.0,walk,38843.0,39232.0,389.0,education,leisure
30235_2022-11-18,2.0,walk,41779.0,42143.0,364.0,leisure,education
30235_2022-11-18,3.0,mpt,61030.0,62409.0,1379.0,education,home
30235_2022-11-18,4.0,walk,63274.0,64466.0,1192.0,home,home
30026_2022-12-16,0.0,walk,62897.0,62917.0,20.0,home,home
30217_2022-11-04,0.0,mpt,26040.0,26994.0,954.0,home,education
30217_2022-11-04,1.0,mpt,40936.0,42582.0,1646.0,education,home
30217_2022-11-04,2.0,walk,54572.0,55396.0,824.0,home,home
31011_2022-12-06,0.0,pt,20386.0,22923.0,2537.0,home,work
31011_2022-12-06,1.0,pt,56218.0,59093.0,2875.0,work,home
30076_2022-09-05,0.0,walk,56104.0,58973.0,2869.0,home,home
30076_2022-09-05,1.0,mpt,61740.0,63998.0,2258.0,home,other
30076_2022-09-05,2.0,mpt,64541.0,68180.0,3639.0,other,home
30403_2022-11-29,0.0,bike,23509.0,24377.0,868.0,home,education
30403_2022-11-29,1.0,bike,40168.0,41038.0,870.0,education,home
30403_2022-11-29,2.0,bike,46527.0,46908.0,381.0,home,other
30403_2022-11-29,3.0,walk,49406.0,49657.0,251.0,other,shop
30403_2022-11-29,4.0,bike,51797.0,52627.0,830.0,shop,home
30403_2022-11-29,5.0,mpt,65632.0,66583.0,951.0,home,leisure
30403_2022-11-29,6.0,mpt,70589.0,71594.0,1005.0,leisure,home
30724_2022-10-17,0.0,walk,24291.0,24709.0,418.0,home,other
30724_2022-10-17,1.0,pt,25211.0,27514.0,2303.0,other,home
30724_2022-10-17,2.0,bike,53414.0,53731.0,317.0,home,shop
30724_2022-10-17,3.0,bike,55100.0,55315.0,215.0,shop,home
30274_2022-12-22,0.0,walk,40554.0,41336.0,782.0,home,education
30274_2022-12-22,1.0,pt,58891.0,60993.0,2102.0,education,shop
30274_2022-12-22,2.0,walk,63782.0,64603.0,821.0,shop,leisure
30274_2022-12-22,3.0,walk,66755.0,67176.0,421.0,leisure,leisure
30274_2022-12-22,4.0,walk,72053.0,72228.0,175.0,leisure,leisure
30274_2022-12-22,5.0,pt,74470.0,76237.0,1767.0,leisure,home
30243_2022-09-04,0.0,mpt,19969.0,22863.0,2894.0,home,other
30243_2022-09-04,1.0,mpt,28234.0,31119.0,2885.0,other,home
30243_2022-09-04,2.0,mpt,47031.0,51626.0,4595.0,home,leisure
30243_2022-09-04,3.0,walk,55324.0,55399.0,75.0,leisure,home
31224_2022-09-29,0.0,walk,49114.0,50029.0,915.0,home,other
31224_2022-09-29,1.0,walk,50538.0,50666.0,128.0,other,leisure
31224_2022-09-29,2.0,walk,53559.0,54648.0,1089.0,leisure,home
30352_2022-10-28,0.0,walk,23497.0,24079.0,582.0,home,home
30352_2022-10-28,1.0,walk,35628.0,35672.0,44.0,home,home
30148_2023-01-06,0.0,bike,39456.0,43430.0,3974.0,home,home
31014_2022-12-09,0.0,pt,13024.0,14811.0,1787.0,home,other
31014_2022-12-09,1.0,pt,15419.0,20903.0,5484.0,other,education
31014_2022-12-09,2.0,walk,42566.0,43630.0,1064.0,education,education
31014_2022-12-09,3.0,walk,48616.0,48746.0,130.0,education,education
31014_2022-12-09,4.0,walk,53387.0,53795.0,408.0,education,education
31014_2022-12-09,5.0,pt,57358.0,58066.0,708.0,education,other
31014_2022-12-09,6.0,pt,58456.0,62432.0,3976.0,other,other
31014_2022-12-09,7.0,pt,62953.0,66224.0,3271.0,other,leisure
31014_2022-12-09,8.0,pt,82363.0,86399.0,4036.0,leisure,
31220_2022-08-16,0.0,bike,18403.0,18782.0,379.0,home,education
31220_2022-08-16,1.0,walk,19419.0,19522.0,103.0,education,education
31220_2022-08-16,2.0,mpt,27036.0,27982.0,946.0,education,education
31220_2022-08-16,3.0,mpt,28732.0,29567.0,835.0,education,education
31220_2022-08-16,4.0,walk,30115.0,30392.0,277.0,education,work
31220_2022-08-16,5.0,bike,50773.0,50993.0,220.0,work,home
31087_2022-08-19,0.0,walk,19446.0,20530.0,1084.0,home,home
31087_2022-08-19,1.0,pt,26848.0,29033.0,2185.0,home,other
31087_2022-08-19,2.0,pt,33908.0,34115.0,207.0,other,other
31087_2022-08-19,3.0,walk,34551.0,35008.0,457.0,other,home
31087_2022-08-19,4.0,walk,39790.0,41333.0,1543.0,home,other
31087_2022-08-19,5.0,walk,42152.0,43106.0,954.0,other,home
31087_2022-08-19,6.0,walk,43546.0,44007.0,461.0,home,home
31087_2022-08-19,7.0,mpt,55692.0,55855.0,163.0,home,home
31087_2022-08-19,8.0,mpt,60717.0,61342.0,625.0,home,leisure
31087_2022-08-19,9.0,mpt,66494.0,67332.0,838.0,leisure,other
31087_2022-08-19,10.0,walk,67727.0,70171.0,2444.0,other,home
31087_2022-08-19,11.0,walk,79084.0,79186.0,102.0,home,home
31021_2022-11-30,0.0,walk,8052.0,8138.0,86.0,home,home
31021_2022-11-30,1.0,pt,31449.0,33007.0,1558.0,home,leisure
31021_2022-11-30,2.0,mpt,44378.0,44502.0,124.0,leisure,education
31021_2022-11-30,3.0,pt,54997.0,57734.0,2737.0,education,leisure
31021_2022-11-30,4.0,mpt,60123.0,60653.0,530.0,leisure,home
30269_2022-11-29,0.0,walk,39379.0,39543.0,164.0,home,home
30269_2022-11-29,1.0,walk,40248.0,40789.0,541.0,home,leisure
30269_2022-11-29,2.0,walk,47926.0,48310.0,384.0,leisure,home
30269_2022-11-29,3.0,walk,49327.0,49764.0,437.0,home,home
30687_2022-10-28,0.0,bike,50991.0,51337.0,346.0,home,home
30687_2022-10-28,1.0,bike,54249.0,54572.0,323.0,home,home
31274_2022-12-01,0.0,pt,36589.0,36660.0,71.0,home,other
31274_2022-12-01,1.0,pt,37051.0,38228.0,1177.0,other,leisure
31274_2022-12-01,2.0,walk,39356.0,44480.0,5124.0,leisure,leisure
31274_2022-12-01,3.0,pt,45446.0,47081.0,1635.0,leisure,home
31274_2022-12-01,4.0,walk,60747.0,61488.0,741.0,home,leisure
31274_2022-12-01,5.0,walk,64179.0,65371.0,1192.0,leisure,other
31274_2022-12-01,6.0,walk,65801.0,66343.0,542.0,other,home
31274_2022-12-01,7.0,walk,79059.0,79788.0,729.0,home,leisure
31274_2022-12-01,8.0,walk,81671.0,82609.0,938.0,leisure,home
30974_2023-01-04,0.0,bike,21660.0,22769.0,1109.0,home,leisure
30974_2023-01-04,1.0,bike,25664.0,26390.0,726.0,leisure,education
30974_2023-01-04,2.0,bike,39807.0,41241.0,1434.0,education,home
30522_2022-11-17,0.0,pt,58233.0,58457.0,224.0,home,shop
30522_2022-11-17,1.0,pt,59755.0,59958.0,203.0,shop,home
30211_2022-10-27,0.0,mpt,17692.0,21109.0,3417.0,home,education
30211_2022-10-27,1.0,mpt,27642.0,31190.0,3548.0,education,home
30211_2022-10-27,2.0,walk,53101.0,57741.0,4640.0,home,home
30211_2022-10-27,3.0,walk,61091.0,62511.0,1420.0,home,leisure
30211_2022-10-27,4.0,mpt,64927.0,65858.0,931.0,leisure,home
31085_2022-10-09,0.0,pt,20512.0,22586.0,2074.0,home,education
31085_2022-10-09,1.0,pt,23418.0,25087.0,1669.0,education,education
31085_2022-10-09,2.0,mpt,60096.0,61396.0,1300.0,education,education
31085_2022-10-09,3.0,mpt,64008.0,65257.0,1249.0,education,home
30987_2022-09-13,0.0,mpt,57300.0,57513.0,213.0,home,other
30987_2022-09-13,1.0,mpt,58157.0,59334.0,1177.0,other,home
30556_2023-01-17,0.0,bike,25638.0,26817.0,1179.0,home,shop
30556_2023-01-17,1.0,bike,27444.0,27569.0,125.0,shop,shop
30556_2023-01-17,2.0,walk,27985.0,28690.0,705.0,shop,leisure
30556_2023-01-17,3.0,bike,34924.0,35848.0,924.0,leisure,home
30556_2023-01-17,4.0,pt,47230.0,48754.0,1524.0,home,home
30556_2023-01-17,5.0,pt,51153.0,52524.0,1371.0,home,home
30200_2022-09-02,0.0,walk,52649.0,52871.0,222.0,home,other
30200_2022-09-02,1.0,walk,53405.0,54702.0,1297.0,other,home
30200_2022-09-02,2.0,pt,80409.0,82226.0,1817.0,home,home
30536_2022-09-30,0.0,mpt,17183.0,21512.0,4329.0,home,education
30536_2022-09-30,1.0,walk,22319.0,23039.0,720.0,education,education
30536_2022-09-30,2.0,mpt,26677.0,27958.0,1281.0,education,education
30536_2022-09-30,3.0,mpt,32857.0,34458.0,1601.0,education,education
30536_2022-09-30,4.0,mpt,37663.0,40872.0,3209.0,education,home
30382_2022-08-12,0.0,walk,45214.0,45249.0,35.0,home,home
30382_2022-08-12,1.0,mpt,53809.0,54384.0,575.0,home,home
30617_2022-11-12,0.0,mpt,33557.0,33840.0,283.0,home,home
30617_2022-11-12,1.0,walk,43075.0,50296.0,7221.0,home,home
30617_2022-11-12,2.0,mpt,66012.0,66487.0,475.0,home,home
31017_2022-11-06,0.0,walk,33664.0,34297.0,633.0,home,other
31017_2022-11-06,1.0,mpt,37320.0,48255.0,10935.0,other,leisure
31017_2022-11-06,2.0,mpt,53825.0,54118.0,293.0,leisure,leisure
31017_2022-11-06,3.0,mpt,58257.0,61757.0,3500.0,leisure,home
31100_2022-12-23,0.0,pt,60505.0,62113.0,1608.0,home,other
31100_2022-12-23,1.0,walk,64732.0,65037.0,305.0,other,leisure
31100_2022-12-23,2.0,walk,66666.0,67143.0,477.0,leisure,other
31100_2022-12-23,3.0,other,71313.0,81606.0,10293.0,other,other
31100_2022-12-23,4.0,mpt,82540.0,84177.0,1637.0,other,home
31146_2022-10-04,0.0,mpt,21232.0,23710.0,2478.0,home,shop
31146_2022-10-04,1.0,walk,24344.0,24689.0,345.0,shop,home
31146_2022-10-04,2.0,bike,45884.0,49328.0,3444.0,home,home
31146_2022-10-04,3.0,mpt,52345.0,52965.0,620.0,home,shop
31146_2022-10-04,4.0,mpt,53398.0,54340.0,942.0,shop,shop
31146_2022-10-04,5.0,mpt,56126.0,57079.0,953.0,shop,other
31146_2022-10-04,6.0,mpt,58191.0,58441.0,250.0,other,other
31146_2022-10-04,7.0,walk,61300.0,61889.0,589.0,other,home
30176_2022-09-27,0.0,mpt,50740.0,51812.0,1072.0,home,shop
30176_2022-09-27,1.0,mpt,54589.0,55668.0,1079.0,shop,home
30382_2022-08-17,0.0,mpt,32880.0,34310.0,1430.0,home,other
30382_2022-08-17,1.0,mpt,34686.0,35954.0,1268.0,other,education
30382_2022-08-17,2.0,pt,41720.0,46299.0,4579.0,education,home
30382_2022-08-17,3.0,pt,46758.0,48488.0,1730.0,home,shop
30382_2022-08-17,4.0,mpt,49048.0,50393.0,1345.0,shop,shop
30382_2022-08-17,5.0,mpt,51734.0,52949.0,1215.0,shop,home
30847_2022-10-19,0.0,bike,37078.0,42115.0,5037.0,home,home
31101_2022-11-21,0.0,walk,67693.0,70069.0,2376.0,home,home
30822_2022-12-06,0.0,mpt,39895.0,43541.0,3646.0,home,education
30822_2022-12-06,1.0,mpt,49195.0,51952.0,2757.0,education,home
30905_2022-09-07,0.0,mpt,18703.0,19322.0,619.0,home,other
30905_2022-09-07,1.0,walk,23237.0,23432.0,195.0,other,other
30905_2022-09-07,2.0,mpt,25649.0,27483.0,1834.0,other,leisure
30905_2022-09-07,3.0,mpt,29704.0,30278.0,574.0,leisure,other
30905_2022-09-07,4.0,mpt,34204.0,34528.0,324.0,other,home
30905_2022-09-07,5.0,mpt,43941.0,44797.0,856.0,home,leisure
30905_2022-09-07,6.0,mpt,45221.0,47541.0,2320.0,leisure,home
30905_2022-09-07,7.0,mpt,48664.0,51552.0,2888.0,home,education
30905_2022-09-07,8.0,mpt,58373.0,60176.0,1803.0,education,leisure
30905_2022-09-07,9.0,mpt,70167.0,73278.0,3111.0,leisure,home
30008_2022-11-20,0.0,walk,62452.0,64218.0,1766.0,home,home
30339_2022-12-11,0.0,mpt,32166.0,36299.0,4133.0,home,leisure
30339_2022-12-11,1.0,mpt,37485.0,43304.0,5819.0,leisure,leisure
30339_2022-12-11,2.0,mpt,46837.0,56269.0,9432.0,leisure,leisure
30339_2022-12-11,3.0,mpt,56990.0,59251.0,2261.0,leisure,home
31260_2022-11-07,0.0,pt,59088.0,62962.0,3874.0,home,leisure
31260_2022-11-07,1.0,walk,64856.0,65634.0,778.0,leisure,leisure
31260_2022-11-07,2.0,pt,78000.0,83037.0,5037.0,leisure,home
30388_2022-12-16,0.0,pt,26919.0,29755.0,2836.0,home,work
30388_2022-12-16,1.0,pt,57187.0,60159.0,2972.0,work,home
30388_2022-12-16,2.0,pt,63148.0,66990.0,3842.0,home,leisure
30388_2022-12-16,3.0,walk,78490.0,78697.0,207.0,leisure,leisure
31107_2022-12-19,0.0,mpt,22744.0,24465.0,1721.0,home,other
31107_2022-12-19,1.0,mpt,25723.0,26394.0,671.0,other,home
31107_2022-12-19,2.0,mpt,38060.0,38507.0,447.0,home,home
31107_2022-12-19,3.0,mpt,40421.0,40881.0,460.0,home,home
31107_2022-12-19,4.0,mpt,71232.0,73463.0,2231.0,home,home
30211_2022-10-24,0.0,mpt,15812.0,22223.0,6411.0,home,education
30211_2022-10-24,1.0,walk,34262.0,34864.0,602.0,education,shop
30211_2022-10-24,2.0,mpt,47876.0,50261.0,2385.0,shop,education
30211_2022-10-24,3.0,mpt,51230.0,54394.0,3164.0,education,home
30211_2022-10-24,4.0,mpt,60693.0,60917.0,224.0,home,leisure
30211_2022-10-24,5.0,mpt,61337.0,61472.0,135.0,leisure,home
30444_2022-08-29,0.0,walk,53535.0,53943.0,408.0,home,home
30685_2022-12-06,0.0,walk,55772.0,56406.0,634.0,home,leisure
30685_2022-12-06,1.0,walk,58671.0,59181.0,510.0,leisure,shop
30685_2022-12-06,2.0,walk,59580.0,60136.0,556.0,shop,home
30685_2022-12-06,3.0,walk,66912.0,67039.0,127.0,home,home
30005_2022-11-16,0.0,pt,31745.0,37955.0,6210.0,home,leisure
30005_2022-11-16,1.0,pt,44352.0,44553.0,201.0,leisure,other
30005_2022-11-16,2.0,pt,44985.0,46472.0,1487.0,other,education
30005_2022-11-16,3.0,pt,53893.0,54224.0,331.0,education,other
30005_2022-11-16,4.0,pt,54781.0,61188.0,6407.0,other,home
30005_2022-11-16,5.0,walk,73253.0,73313.0,60.0,home,home
30450_2022-09-15,0.0,mpt,19225.0,22705.0,3480.0,other,education
30450_2022-09-15,1.0,mpt,36882.0,36975.0,93.0,education,home
30450_2022-09-15,2.0,mpt,38526.0,38645.0,119.0,home,education
30450_2022-09-15,3.0,mpt,56247.0,58865.0,2618.0,education,shop
30450_2022-09-15,4.0,mpt,60331.0,62020.0,1689.0,shop,leisure
30450_2022-09-15,5.0,mpt,77420.0,78270.0,850.0,leisure,home
30728_2022-11-15,0.0,mpt,23836.0,25260.0,1424.0,home,home
30728_2022-11-15,1.0,mpt,60402.0,61522.0,1120.0,home,home
30728_2022-11-15,2.0,mpt,66075.0,67385.0,1310.0,home,home
30785_2022-11-25,0.0,pt,26328.0,30834.0,4506.0,home,education
30785_2022-11-25,1.0,pt,37938.0,38461.0,523.0,education,other
30785_2022-11-25,2.0,pt,38843.0,42192.0,3349.0,other,home
30785_2022-11-25,3.0,mpt,45644.0,46789.0,1145.0,home,shop
30785_2022-11-25,4.0,walk,47186.0,47436.0,250.0,shop,shop
30785_2022-11-25,5.0,walk,47917.0,48018.0,101.0,shop,shop
30785_2022-11-25,6.0,walk,48939.0,49191.0,252.0,shop,shop
30785_2022-11-25,7.0,mpt,50036.0,50890.0,854.0,shop,shop
30785_2022-11-25,8.0,mpt,52394.0,52858.0,464.0,shop,home
30785_2022-11-25,9.0,mpt,64896.0,65971.0,1075.0,home,leisure
30785_2022-11-25,10.0,mpt,72407.0,73317.0,910.0,leisure,home
30148_2023-01-11,0.0,bike,24532.0,25267.0,735.0,home,education
30148_2023-01-11,1.0,walk,41613.0,42206.0,593.0,education,leisure
30148_2023-01-11,2.0,walk,47273.0,47838.0,565.0,leisure,education
30148_2023-01-11,3.0,bike,52538.0,53346.0,808.0,education,home
31114_2022-11-15,0.0,mpt,53122.0,54978.0,1856.0,home,leisure
31114_2022-11-15,1.0,mpt,64111.0,64854.0,743.0,leisure,home
30403_2022-11-24,0.0,mpt,43209.0,43726.0,517.0,home,education
30403_2022-11-24,1.0,mpt,58369.0,58830.0,461.0,education,other
30403_2022-11-24,2.0,mpt,59380.0,62859.0,3479.0,other,home
30119_2022-09-14,0.0,pt,44592.0,45414.0,822.0,home,other
30119_2022-09-14,1.0,walk,47065.0,48428.0,1363.0,other,home
30119_2022-09-14,2.0,walk,49014.0,51669.0,2655.0,home,home
30119_2022-09-14,3.0,mpt,54495.0,54961.0,466.0,home,leisure
30119_2022-09-14,4.0,mpt,60180.0,60236.0,56.0,leisure,leisure
30119_2022-09-14,5.0,mpt,69123.0,69368.0,245.0,leisure,home
30297_2022-12-16,0.0,walk,58521.0,59181.0,660.0,home,other
30297_2022-12-16,1.0,walk,59794.0,60430.0,636.0,other,other
30297_2022-12-16,2.0,walk,60842.0,61943.0,1101.0,other,other
30297_2022-12-16,3.0,walk,63046.0,64382.0,1336.0,other,leisure
30297_2022-12-16,4.0,mpt,77847.0,78841.0,994.0,leisure,home
31274_2022-12-15,0.0,walk,40718.0,41904.0,1186.0,home,education
31274_2022-12-15,1.0,walk,62844.0,63011.0,167.0,education,other
31274_2022-12-15,2.0,walk,63533.0,64634.0,1101.0,other,other
31274_2022-12-15,3.0,walk,66811.0,67768.0,957.0,other,shop
31274_2022-12-15,4.0,walk,68190.0,68885.0,695.0,shop,home
30922_2022-11-02,0.0,bike,40130.0,41106.0,976.0,home,home
30922_2022-11-02,1.0,walk,42917.0,43136.0,219.0,home,work
30922_2022-11-02,2.0,walk,61838.0,62897.0,1059.0,work,leisure
30922_2022-11-02,3.0,walk,65176.0,65321.0,145.0,leisure,leisure
30922_2022-11-02,4.0,walk,69020.0,70844.0,1824.0,leisure,leisure
30922_2022-11-02,5.0,walk,77091.0,80591.0,3500.0,leisure,home
30760_2022-11-30,0.0,pt,53936.0,56269.0,2333.0,home,education
30760_2022-11-30,1.0,walk,68272.0,68467.0,195.0,education,home
30760_2022-11-30,2.0,pt,72614.0,75424.0,2810.0,home,home
31071_2022-11-15,0.0,pt,23369.0,23493.0,124.0,home,other
31071_2022-11-15,1.0,pt,23973.0,24311.0,338.0,other,shop
31071_2022-11-15,2.0,pt,24978.0,27264.0,2286.0,shop,leisure
31071_2022-11-15,3.0,walk,40530.0,41164.0,634.0,leisure,home
31071_2022-11-15,4.0,mpt,45547.0,48187.0,2640.0,home,shop
31071_2022-11-15,5.0,pt,48896.0,49352.0,456.0,shop,home
30149_2022-10-15,0.0,mpt,30154.0,30294.0,140.0,home,other
30149_2022-10-15,1.0,mpt,30781.0,30861.0,80.0,other,home
30149_2022-10-15,2.0,pt,33814.0,34058.0,244.0,home,other
30149_2022-10-15,3.0,pt,34413.0,35853.0,1440.0,other,shop
30149_2022-10-15,4.0,walk,39075.0,40030.0,955.0,shop,leisure
30149_2022-10-15,5.0,pt,40670.0,41276.0,606.0,leisure,other
30149_2022-10-15,6.0,pt,41930.0,42441.0,511.0,other,other
30149_2022-10-15,7.0,pt,42849.0,43958.0,1109.0,other,home
30028_2022-11-22,0.0,walk,42446.0,42589.0,143.0,home,home
30875_2022-08-30,0.0,walk,62080.0,62507.0,427.0,home,other
30875_2022-08-30,1.0,walk,68559.0,69268.0,709.0,other,home
30905_2022-09-17,0.0,mpt,30981.0,32930.0,1949.0,home,leisure
30905_2022-09-17,1.0,mpt,33533.0,33778.0,245.0,leisure,leisure
30905_2022-09-17,2.0,walk,41341.0,41512.0,171.0,leisure,other
30905_2022-09-17,3.0,mpt,42400.0,44291.0,1891.0,other,home
30905_2022-09-17,4.0,mpt,46294.0,46408.0,114.0,home,shop
30905_2022-09-17,5.0,mpt,46917.0,47058.0,141.0,shop,home
31021_2022-11-29,0.0,walk,3676.0,3711.0,35.0,home,home
31021_2022-11-29,1.0,walk,14824.0,15423.0,599.0,home,home
31021_2022-11-29,2.0,walk,19925.0,20158.0,233.0,home,home
31021_2022-11-29,3.0,mpt,25944.0,27179.0,1235.0,home,work
31021_2022-11-29,4.0,mpt,60018.0,61540.0,1522.0,work,home
30945_2022-11-23,0.0,mpt,24511.0,25199.0,688.0,home,work
30945_2022-11-23,1.0,mpt,42308.0,42619.0,311.0,work,shop
30945_2022-11-23,2.0,mpt,42924.0,43094.0,170.0,shop,education
30945_2022-11-23,3.0,mpt,53819.0,54152.0,333.0,education,home
30119_2022-09-17,0.0,walk,45449.0,47503.0,2054.0,home,leisure
30119_2022-09-17,1.0,pt,48819.0,50689.0,1870.0,leisure,home
30119_2022-09-17,2.0,bike,63354.0,64018.0,664.0,home,other
30119_2022-09-17,3.0,bike,68694.0,69310.0,616.0,other,home
31295_2022-10-23,0.0,mpt,18878.0,22036.0,3158.0,home,leisure
31295_2022-10-23,1.0,walk,23295.0,35432.0,12137.0,leisure,home
31295_2022-10-23,2.0,mpt,45581.0,51482.0,5901.0,home,home
31161_2022-12-17,0.0,mpt,47046.0,48926.0,1880.0,home,other
31161_2022-12-17,1.0,mpt,49271.0,54633.0,5362.0,other,leisure
31161_2022-12-17,2.0,mpt,59006.0,59196.0,190.0,leisure,other
31161_2022-12-17,3.0,mpt,59520.0,60270.0,750.0,other,leisure
31161_2022-12-17,4.0,mpt,66706.0,72237.0,5531.0,leisure,home
30861_2022-11-16,0.0,mpt,25080.0,27349.0,2269.0,home,work
30861_2022-11-16,1.0,mpt,63193.0,65269.0,2076.0,work,home
30861_2022-11-16,2.0,walk,77599.0,77707.0,108.0,home,home
30713_2022-10-17,0.0,walk,32428.0,32947.0,519.0,home,shop
30713_2022-10-17,1.0,walk,33353.0,33506.0,153.0,shop,shop
30713_2022-10-17,2.0,walk,34096.0,34215.0,119.0,shop,shop
30713_2022-10-17,3.0,walk,35297.0,35797.0,500.0,shop,home
30713_2022-10-17,4.0,walk,44161.0,46639.0,2478.0,home,home
30663_2022-11-18,0.0,bike,46049.0,47606.0,1557.0,home,home
30869_2022-12-19,0.0,mpt,20460.0,20807.0,347.0,home,work
30869_2022-12-19,1.0,mpt,36297.0,36851.0,554.0,work,home
30869_2022-12-19,2.0,mpt,38459.0,39842.0,1383.0,home,leisure
30869_2022-12-19,3.0,mpt,44941.0,45789.0,848.0,leisure,home
30679_2022-11-16,0.0,walk,43708.0,45178.0,1470.0,home,home
30028_2022-11-11,0.0,walk,63475.0,64834.0,1359.0,home,home
30028_2022-11-11,1.0,walk,71013.0,71529.0,516.0,home,home
31201_2022-12-18,0.0,walk,48449.0,50766.0,2317.0,home,home
30317_2022-11-09,0.0,walk,38046.0,38355.0,309.0,home,other
30592_2022-11-15,0.0,mpt,21915.0,22852.0,937.0,home,education
30592_2022-11-15,1.0,walk,26230.0,29031.0,2801.0,education,education
30592_2022-11-15,2.0,walk,34102.0,34386.0,284.0,education,education
30592_2022-11-15,3.0,walk,36546.0,39681.0,3135.0,education,education
30592_2022-11-15,4.0,mpt,52382.0,53423.0,1041.0,education,home
30905_2022-09-09,0.0,mpt,26159.0,29430.0,3271.0,home,shop
30905_2022-09-09,1.0,mpt,30889.0,31336.0,447.0,shop,home
30905_2022-09-09,2.0,mpt,45459.0,47674.0,2215.0,home,other
30905_2022-09-09,3.0,mpt,48571.0,50774.0,2203.0,other,home
31237_2022-11-16,0.0,pt,24407.0,24590.0,183.0,home,education
31237_2022-11-16,1.0,walk,39920.0,39988.0,68.0,education,education
31237_2022-11-16,2.0,walk,42214.0,42806.0,592.0,education,work
31237_2022-11-16,3.0,pt,63841.0,64162.0,321.0,work,home
31237_2022-11-16,4.0,mpt,67760.0,68085.0,325.0,home,leisure
31237_2022-11-16,5.0,mpt,73386.0,73771.0,385.0,leisure,home
30633_2022-11-11,0.0,walk,25051.0,25903.0,852.0,home,shop
30633_2022-11-11,1.0,walk,26267.0,26746.0,479.0,shop,home
30633_2022-11-11,2.0,walk,37616.0,38188.0,572.0,home,other
30633_2022-11-11,3.0,walk,39167.0,42987.0,3820.0,other,home
30633_2022-11-11,4.0,walk,66870.0,67120.0,250.0,home,home
31006_2022-11-28,0.0,walk,56567.0,56860.0,293.0,home,leisure
31006_2022-11-28,1.0,pt,57223.0,57591.0,368.0,leisure,leisure
31006_2022-11-28,2.0,pt,58488.0,59163.0,675.0,leisure,home
31006_2022-11-28,3.0,walk,62378.0,62949.0,571.0,home,leisure
31006_2022-11-28,4.0,walk,77156.0,77958.0,802.0,leisure,home
30116_2022-07-18,0.0,walk,31827.0,35197.0,3370.0,home,leisure
30116_2022-07-18,1.0,pt,39426.0,43771.0,4345.0,leisure,leisure
30116_2022-07-18,2.0,walk,53803.0,57777.0,3974.0,leisure,home
31146_2022-10-15,0.0,bike,27417.0,32246.0,4829.0,home,other
31146_2022-10-15,1.0,mpt,37371.0,49053.0,11682.0,other,leisure
31146_2022-10-15,2.0,walk,59711.0,61513.0,1802.0,leisure,home
30064_2023-01-03,0.0,walk,26858.0,27165.0,307.0,home,work
30064_2023-01-03,1.0,walk,31120.0,31215.0,95.0,work,work
30064_2023-01-03,2.0,walk,35793.0,36294.0,501.0,work,home
30064_2023-01-03,3.0,walk,39319.0,39467.0,148.0,home,home
30064_2023-01-03,4.0,walk,58521.0,58737.0,216.0,home,home
30229_2022-09-19,0.0,walk,30112.0,30253.0,141.0,home,shop
30229_2022-09-19,1.0,pt,30630.0,31901.0,1271.0,shop,shop
30229_2022-09-19,2.0,walk,39338.0,39512.0,174.0,shop,home
30229_2022-09-19,3.0,pt,40392.0,41230.0,838.0,home,home
30229_2022-09-19,4.0,walk,41723.0,42254.0,531.0,home,education
30229_2022-09-19,5.0,walk,48306.0,48740.0,434.0,education,home
30617_2022-11-20,0.0,mpt,38873.0,39107.0,234.0,home,home
30617_2022-11-20,1.0,pt,44371.0,44697.0,326.0,home,other
30617_2022-11-20,2.0,pt,45114.0,50036.0,4922.0,other,home
30905_2022-09-22,0.0,mpt,26214.0,27648.0,1434.0,home,leisure
30905_2022-09-22,1.0,mpt,28180.0,29625.0,1445.0,leisure,home
30905_2022-09-22,2.0,mpt,44585.0,45332.0,747.0,home,shop
30905_2022-09-22,3.0,mpt,46554.0,47547.0,993.0,shop,leisure
30905_2022-09-22,4.0,walk,49093.0,49320.0,227.0,leisure,leisure
30905_2022-09-22,5.0,mpt,49854.0,50977.0,1123.0,leisure,home
30083_2022-12-12,0.0,bike,24410.0,24982.0,572.0,home,education
30083_2022-12-12,1.0,walk,34139.0,34229.0,90.0,education,education
30083_2022-12-12,2.0,walk,41841.0,42144.0,303.0,education,work
30083_2022-12-12,3.0,walk,45062.0,45252.0,190.0,work,education
30083_2022-12-12,4.0,bike,46215.0,46393.0,178.0,education,shop
30083_2022-12-12,5.0,walk,47000.0,47147.0,147.0,shop,shop
30083_2022-12-12,6.0,bike,47577.0,48629.0,1052.0,shop,home
30180_2022-12-17,0.0,walk,23645.0,24975.0,1330.0,home,home
30180_2022-12-17,1.0,walk,40110.0,41854.0,1744.0,home,home
30180_2022-12-17,2.0,walk,45613.0,46332.0,719.0,home,home
30180_2022-12-17,3.0,mpt,53498.0,54665.0,1167.0,home,shop
30180_2022-12-17,4.0,mpt,57034.0,58795.0,1761.0,shop,shop
30180_2022-12-17,5.0,mpt,60616.0,61834.0,1218.0,shop,home
30180_2022-12-17,6.0,walk,65979.0,67931.0,1952.0,home,home
30180_2022-12-17,7.0,walk,81832.0,81970.0,138.0,home,home
30168_2022-09-28,0.0,mpt,14086.0,15074.0,988.0,home,education
30168_2022-09-28,1.0,walk,37463.0,37704.0,241.0,education,home
30168_2022-09-28,2.0,walk,38343.0,38672.0,329.0,home,work
30168_2022-09-28,3.0,mpt,45375.0,46448.0,1073.0,work,home
30236_2022-10-26,0.0,walk,20492.0,23992.0,3500.0,home,home
30236_2022-10-26,1.0,mpt,45822.0,46553.0,731.0,home,shop
30236_2022-10-26,2.0,mpt,47390.0,47697.0,307.0,shop,shop
30236_2022-10-26,3.0,mpt,48104.0,48901.0,797.0,shop,home
30749_2022-11-15,0.0,mpt,42689.0,43223.0,534.0,home,education
30749_2022-11-15,1.0,walk,51233.0,51292.0,59.0,education,education
30749_2022-11-15,2.0,walk,55519.0,55580.0,61.0,education,education
30749_2022-11-15,3.0,mpt,56264.0,57328.0,1064.0,education,home
31292_2022-11-13,0.0,walk,23490.0,23875.0,385.0,home,home
31292_2022-11-13,1.0,walk,25220.0,25239.0,19.0,home,home
31292_2022-11-13,2.0,mpt,28502.0,32601.0,4099.0,home,home
31292_2022-11-13,3.0,walk,40435.0,41544.0,1109.0,home,shop
31292_2022-11-13,4.0,walk,42436.0,42572.0,136.0,shop,home
31292_2022-11-13,5.0,mpt,43018.0,47859.0,4841.0,home,home
31292_2022-11-13,6.0,walk,64782.0,65367.0,585.0,home,home
31292_2022-11-13,7.0,mpt,70402.0,73179.0,2777.0,home,home
31166_2022-12-11,0.0,walk,664.0,1843.0,1179.0,leisure,home
31166_2022-12-11,1.0,mpt,41168.0,43458.0,2290.0,home,leisure
31166_2022-12-11,2.0,mpt,45702.0,48313.0,2611.0,leisure,home
30430_2022-10-03,0.0,mpt,55341.0,56837.0,1496.0,home,leisure
30430_2022-10-03,1.0,mpt,70324.0,71815.0,1491.0,leisure,home
31274_2022-12-08,0.0,walk,47291.0,49764.0,2473.0,home,home
31274_2022-12-08,1.0,walk,61874.0,62608.0,734.0,home,home
31274_2022-12-08,2.0,walk,64763.0,65016.0,253.0,home,shop
31274_2022-12-08,3.0,walk,65505.0,65803.0,298.0,shop,leisure
31274_2022-12-08,4.0,walk,77080.0,77549.0,469.0,leisure,education
30633_2022-11-18,0.0,walk,24832.0,26762.0,1930.0,home,home
30633_2022-11-18,1.0,walk,37628.0,38232.0,604.0,home,other
30633_2022-11-18,2.0,walk,39199.0,40839.0,1640.0,other,home
30633_2022-11-18,3.0,walk,47982.0,49215.0,1233.0,home,home
30099_2022-08-28,0.0,walk,30217.0,33175.0,2958.0,home,leisure
30099_2022-08-28,1.0,other,35897.0,37759.0,1862.0,leisure,home
30099_2022-08-28,2.0,mpt,44002.0,46334.0,2332.0,home,home
30544_2022-10-23,0.0,walk,34809.0,42094.0,7285.0,home,home
31145_2022-11-30,0.0,walk,25847.0,29011.0,3164.0,home,leisure
31145_2022-11-30,1.0,walk,29577.0,32209.0,2632.0,leisure,shop
31145_2022-11-30,2.0,pt,33166.0,33306.0,140.0,shop,other
31145_2022-11-30,3.0,pt,33762.0,34249.0,487.0,other,home
31145_2022-11-30,4.0,pt,58880.0,58892.0,12.0,home,other
31145_2022-11-30,5.0,pt,59646.0,61374.0,1728.0,other,other
31145_2022-11-30,6.0,pt,64471.0,65932.0,1461.0,other,home
30544_2022-11-15,0.0,walk,36154.0,36614.0,460.0,home,other
30544_2022-11-15,1.0,walk,39772.0,40474.0,702.0,other,home
30544_2022-11-15,2.0,walk,56854.0,60708.0,3854.0,home,home
30905_2022-09-30,0.0,walk,27164.0,28945.0,1781.0,home,home
30905_2022-09-30,1.0,mpt,49685.0,50981.0,1296.0,home,shop
30905_2022-09-30,2.0,mpt,51484.0,52726.0,1242.0,shop,leisure
30905_2022-09-30,3.0,mpt,59467.0,62527.0,3060.0,leisure,home
30544_2022-11-09,0.0,walk,26424.0,28308.0,1884.0,home,home
30544_2022-11-09,1.0,walk,36256.0,36277.0,21.0,home,home
31263_2023-01-10,0.0,mpt,55322.0,57003.0,1681.0,home,shop
31263_2023-01-10,1.0,mpt,62556.0,63314.0,758.0,shop,home
30634_2022-09-28,0.0,mpt,25746.0,26191.0,445.0,home,home
30634_2022-09-28,1.0,mpt,28062.0,28576.0,514.0,home,home
30008_2022-11-21,0.0,walk,23937.0,24238.0,301.0,home,work
30008_2022-11-21,1.0,mpt,63648.0,63951.0,303.0,work,work
30008_2022-11-21,2.0,walk,75272.0,75659.0,387.0,work,home
30502_2022-11-15,0.0,walk,39967.0,44320.0,4353.0,home,home
30921_2023-01-04,0.0,pt,56273.0,57700.0,1427.0,home,leisure
30921_2023-01-04,1.0,pt,62239.0,62482.0,243.0,leisure,other
30921_2023-01-04,2.0,pt,63424.0,64908.0,1484.0,other,home
30733_2023-01-09,0.0,walk,42810.0,43813.0,1003.0,home,education
30733_2023-01-09,1.0,mpt,59088.0,59720.0,632.0,education,home
30517_2022-12-01,0.0,bike,30649.0,30773.0,124.0,home,leisure
30517_2022-12-01,1.0,walk,34729.0,34848.0,119.0,leisure,shop
30517_2022-12-01,2.0,bike,35701.0,35950.0,249.0,shop,home
30517_2022-12-01,3.0,bike,38150.0,40284.0,2134.0,home,education
30517_2022-12-01,4.0,bike,56194.0,58354.0,2160.0,education,home
31114_2022-11-09,0.0,mpt,31119.0,31806.0,687.0,home,education
31114_2022-11-09,1.0,mpt,33020.0,34186.0,1166.0,education,home
31114_2022-11-09,2.0,mpt,52496.0,52872.0,376.0,home,home
31114_2022-11-09,3.0,mpt,54201.0,54501.0,300.0,home,home
31055_2022-09-10,0.0,mpt,37932.0,38557.0,625.0,home,other
31055_2022-09-10,1.0,mpt,38931.0,40199.0,1268.0,other,leisure
31055_2022-09-10,2.0,walk,42000.0,42519.0,519.0,leisure,home
31055_2022-09-10,3.0,walk,46023.0,46237.0,214.0,home,home
31055_2022-09-10,4.0,walk,46676.0,47060.0,384.0,home,home
31055_2022-09-10,5.0,walk,49335.0,49392.0,57.0,home,other
31055_2022-09-10,6.0,mpt,50298.0,51515.0,1217.0,other,leisure
31055_2022-09-10,7.0,mpt,58490.0,59026.0,536.0,leisure,home
31055_2022-09-10,8.0,mpt,60489.0,61084.0,595.0,home,leisure
31055_2022-09-10,9.0,mpt,71469.0,72636.0,1167.0,leisure,home
30685_2022-11-24,0.0,walk,60449.0,61168.0,719.0,home,leisure
30685_2022-11-24,1.0,walk,64053.0,64743.0,690.0,leisure,home
30161_2022-11-11,0.0,mpt,24798.0,28356.0,3558.0,other,education
30161_2022-11-11,1.0,walk,33062.0,33227.0,165.0,education,education
30161_2022-11-11,2.0,walk,41384.0,41579.0,195.0,education,education
30161_2022-11-11,3.0,mpt,62049.0,64774.0,2725.0,education,other
30161_2022-11-11,4.0,mpt,65199.0,66220.0,1021.0,other,home
30161_2022-11-11,5.0,mpt,67188.0,67961.0,773.0,home,work
30800_2022-12-31,0.0,walk,47036.0,48746.0,1710.0,home,other
30800_2022-12-31,1.0,walk,49191.0,50006.0,815.0,other,education
30800_2022-12-31,2.0,pt,52794.0,53506.0,712.0,education,home
30236_2022-10-03,0.0,walk,22411.0,25773.0,3362.0,home,home
30236_2022-10-03,1.0,walk,59381.0,59523.0,142.0,home,home
30769_2022-11-03,0.0,mpt,22649.0,23413.0,764.0,home,home
30769_2022-11-03,1.0,mpt,44071.0,44782.0,711.0,home,shop
30769_2022-11-03,2.0,mpt,45208.0,45792.0,584.0,shop,home
30823_2023-01-13,0.0,walk,21194.0,23686.0,2492.0,home,home
30823_2023-01-13,1.0,walk,24550.0,25623.0,1073.0,home,home
30823_2023-01-13,2.0,walk,26092.0,26510.0,418.0,home,leisure
30823_2023-01-13,3.0,walk,27219.0,27956.0,737.0,leisure,home
30823_2023-01-13,4.0,pt,35158.0,36200.0,1042.0,home,leisure
30823_2023-01-13,5.0,pt,37103.0,37605.0,502.0,leisure,leisure
30823_2023-01-13,6.0,walk,56881.0,57211.0,330.0,leisure,home
30823_2023-01-13,7.0,walk,58891.0,59032.0,141.0,home,home
30922_2022-11-10,0.0,walk,32306.0,32369.0,63.0,home,home
30922_2022-11-10,1.0,walk,33671.0,33828.0,157.0,home,home
30922_2022-11-10,2.0,walk,50443.0,53073.0,2630.0,home,home
30922_2022-11-10,3.0,mpt,56384.0,58097.0,1713.0,home,home
30401_2022-11-22,0.0,bike,32029.0,32331.0,302.0,home,shop
30401_2022-11-22,1.0,bike,33371.0,33792.0,421.0,shop,home
30401_2022-11-22,2.0,walk,34442.0,34652.0,210.0,home,home
30401_2022-11-22,3.0,bike,49142.0,49345.0,203.0,home,education
30401_2022-11-22,4.0,bike,59966.0,60271.0,305.0,education,home
30401_2022-11-22,5.0,walk,68431.0,68589.0,158.0,home,home
30869_2022-12-06,0.0,mpt,33800.0,33938.0,138.0,home,shop
30869_2022-12-06,1.0,mpt,34518.0,35038.0,520.0,shop,education
30869_2022-12-06,2.0,mpt,39167.0,40492.0,1325.0,education,leisure
30869_2022-12-06,3.0,mpt,45734.0,47732.0,1998.0,leisure,home
30869_2022-12-06,4.0,mpt,70591.0,72164.0,1573.0,home,leisure
30869_2022-12-06,5.0,mpt,78180.0,79205.0,1025.0,leisure,home
30945_2022-12-07,0.0,mpt,24686.0,25361.0,675.0,home,work
30945_2022-12-07,1.0,mpt,43137.0,44152.0,1015.0,work,education
30945_2022-12-07,2.0,mpt,52666.0,52921.0,255.0,education,work
30945_2022-12-07,3.0,mpt,63951.0,64328.0,377.0,work,home
30769_2022-10-24,0.0,mpt,45201.0,45776.0,575.0,home,other
30769_2022-10-24,1.0,mpt,46265.0,46774.0,509.0,other,shop
30769_2022-10-24,2.0,walk,47180.0,47683.0,503.0,shop,shop
30769_2022-10-24,3.0,mpt,50428.0,51105.0,677.0,shop,home
30769_2022-10-24,4.0,walk,60576.0,60805.0,229.0,home,leisure
30769_2022-10-24,5.0,walk,62706.0,62893.0,187.0,leisure,home
30118_2022-12-02,0.0,walk,23558.0,27114.0,3556.0,home,home
30118_2022-12-02,1.0,mpt,53205.0,53315.0,110.0,home,other
30118_2022-12-02,2.0,walk,54191.0,54861.0,670.0,other,shop
30118_2022-12-02,3.0,mpt,56174.0,56229.0,55.0,shop,shop
30118_2022-12-02,4.0,walk,56628.0,56643.0,15.0,shop,home
30925_2022-11-15,0.0,walk,27368.0,29722.0,2354.0,home,home
30925_2022-11-15,1.0,walk,40479.0,40658.0,179.0,home,home
30925_2022-11-15,2.0,walk,46924.0,47197.0,273.0,home,home
30925_2022-11-15,3.0,walk,58423.0,58878.0,455.0,home,home
30822_2022-11-24,0.0,mpt,20223.0,22732.0,2509.0,home,work
30822_2022-11-24,1.0,mpt,44023.0,47844.0,3821.0,work,education
30822_2022-11-24,2.0,mpt,48711.0,52520.0,3809.0,education,education
30822_2022-11-24,3.0,mpt,58768.0,61225.0,2457.0,education,home
30822_2022-11-24,4.0,mpt,67748.0,67986.0,238.0,home,leisure
30822_2022-11-24,5.0,mpt,75973.0,76136.0,163.0,leisure,home
30435_2022-12-08,0.0,bike,32380.0,36339.0,3959.0,home,home
30435_2022-12-08,1.0,bike,47029.0,49567.0,2538.0,home,home
30435_2022-12-08,2.0,bike,50122.0,52427.0,2305.0,home,home
30115_2022-09-09,0.0,walk,22382.0,22896.0,514.0,home,other
30115_2022-09-09,1.0,walk,23458.0,23695.0,237.0,other,work
30115_2022-09-09,2.0,walk,56540.0,56939.0,399.0,work,other
30115_2022-09-09,3.0,walk,58372.0,59092.0,720.0,other,home
31224_2022-09-09,0.0,walk,48581.0,48675.0,94.0,home,leisure
31224_2022-09-09,1.0,walk,55165.0,55391.0,226.0,leisure,leisure
31224_2022-09-09,2.0,walk,56129.0,56370.0,241.0,leisure,home
30561_2022-11-10,0.0,mpt,64814.0,65309.0,495.0,home,home
30561_2022-11-10,1.0,mpt,68026.0,68773.0,747.0,home,leisure
30561_2022-11-10,2.0,mpt,75917.0,76826.0,909.0,leisure,home
30749_2022-12-02,0.0,bike,47549.0,52311.0,4762.0,home,leisure
30749_2022-12-02,1.0,mpt,59221.0,60462.0,1241.0,leisure,shop
30749_2022-12-02,2.0,mpt,61390.0,61914.0,524.0,shop,home
30749_2022-12-02,3.0,mpt,76427.0,77114.0,687.0,home,home
30250_2022-11-23,0.0,bike,29006.0,29180.0,174.0,home,home
30633_2022-11-16,0.0,walk,25090.0,26012.0,922.0,home,leisure
30633_2022-11-16,1.0,walk,26377.0,26771.0,394.0,leisure,home
30633_2022-11-16,2.0,walk,30323.0,30476.0,153.0,home,home
30633_2022-11-16,3.0,walk,37471.0,38187.0,716.0,home,other
30633_2022-11-16,4.0,walk,38622.0,40094.0,1472.0,other,home
30633_2022-11-16,5.0,walk,48929.0,49438.0,509.0,home,shop
30633_2022-11-16,6.0,walk,50116.0,51033.0,917.0,shop,home
30630_2022-12-04,0.0,walk,41311.0,42458.0,1147.0,home,other
30630_2022-12-04,1.0,walk,43026.0,44542.0,1516.0,other,home
30323_2023-01-11,0.0,pt,20881.0,24802.0,3921.0,home,education
30323_2023-01-11,1.0,walk,35385.0,36115.0,730.0,education,education
30323_2023-01-11,2.0,walk,36989.0,37417.0,428.0,education,education
30323_2023-01-11,3.0,pt,41147.0,43131.0,1984.0,education,education
30323_2023-01-11,4.0,walk,48541.0,48750.0,209.0,education,education
30323_2023-01-11,5.0,pt,49425.0,52122.0,2697.0,education,home
30323_2023-01-11,6.0,pt,63072.0,63360.0,288.0,home,other
30323_2023-01-11,7.0,mpt,66337.0,66639.0,302.0,other,home
30464_2022-12-27,0.0,pt,21314.0,26861.0,5547.0,home,education
30464_2022-12-27,1.0,walk,40969.0,41071.0,102.0,education,education
30464_2022-12-27,2.0,walk,49927.0,52030.0,2103.0,education,shop
30464_2022-12-27,3.0,pt,52429.0,56065.0,3636.0,shop,home
30981_2022-08-31,0.0,bike,23085.0,24641.0,1556.0,home,education
30981_2022-08-31,1.0,walk,28587.0,28714.0,127.0,education,education
30981_2022-08-31,2.0,walk,38016.0,38791.0,775.0,education,leisure
30981_2022-08-31,3.0,walk,42654.0,43215.0,561.0,leisure,education
30981_2022-08-31,4.0,bike,58942.0,59248.0,306.0,education,education
30981_2022-08-31,5.0,bike,60444.0,61842.0,1398.0,education,home
30981_2022-08-31,6.0,bike,63374.0,63848.0,474.0,home,home
31080_2022-09-30,0.0,walk,32881.0,37394.0,4513.0,home,home
31163_2022-10-13,0.0,walk,30300.0,30746.0,446.0,home,shop
31163_2022-10-13,1.0,walk,31211.0,31652.0,441.0,shop,home
31163_2022-10-13,2.0,mpt,56323.0,57227.0,904.0,home,leisure
31163_2022-10-13,3.0,mpt,58050.0,59172.0,1122.0,leisure,leisure
31163_2022-10-13,4.0,mpt,77439.0,78109.0,670.0,leisure,home
30063_2022-09-09,0.0,bike,51265.0,51498.0,233.0,home,home
30063_2022-09-09,1.0,bike,52447.0,52641.0,194.0,home,shop
30063_2022-09-09,2.0,walk,53083.0,53431.0,348.0,shop,shop
30063_2022-09-09,3.0,walk,58346.0,58689.0,343.0,shop,leisure
30063_2022-09-09,4.0,walk,80605.0,80772.0,167.0,leisure,home
30687_2022-10-21,0.0,mpt,33465.0,34456.0,991.0,home,home
30687_2022-10-21,1.0,walk,50819.0,52005.0,1186.0,home,home
30687_2022-10-21,2.0,walk,54111.0,55144.0,1033.0,home,home
30687_2022-10-21,3.0,walk,59652.0,59921.0,269.0,home,other
30687_2022-10-21,4.0,walk,61255.0,61872.0,617.0,other,other
30687_2022-10-21,5.0,walk,63092.0,64014.0,922.0,other,home
30760_2022-11-23,0.0,pt,53683.0,56243.0,2560.0,home,education
30760_2022-11-23,1.0,pt,69137.0,72181.0,3044.0,education,home
30481_2023-01-12,0.0,pt,19737.0,24781.0,5044.0,home,work
30481_2023-01-12,1.0,pt,59415.0,60326.0,911.0,work,other
30481_2023-01-12,2.0,pt,61699.0,64637.0,2938.0,other,other
30481_2023-01-12,3.0,pt,65018.0,66400.0,1382.0,other,home
30350_2022-10-25,0.0,pt,14954.0,17485.0,2531.0,home,education
30350_2022-10-25,1.0,pt,34893.0,37287.0,2394.0,education,other
30350_2022-10-25,2.0,walk,39733.0,40801.0,1068.0,other,home
30350_2022-10-25,3.0,walk,54072.0,55728.0,1656.0,home,home
30177_2022-11-01,0.0,pt,19517.0,19914.0,397.0,home,other
30177_2022-11-01,1.0,pt,20398.0,22377.0,1979.0,other,education
30177_2022-11-01,2.0,walk,34895.0,36379.0,1484.0,education,education
30177_2022-11-01,3.0,pt,41954.0,42172.0,218.0,education,other
30177_2022-11-01,4.0,pt,43015.0,44799.0,1784.0,other,home
30203_2022-10-08,0.0,walk,20955.0,21102.0,147.0,home,home
31084_2022-10-14,0.0,walk,14883.0,19639.0,4756.0,home,education
31084_2022-10-14,1.0,walk,34350.0,34476.0,126.0,education,work
31084_2022-10-14,2.0,walk,54506.0,54629.0,123.0,work,leisure
31084_2022-10-14,3.0,walk,67150.0,67556.0,406.0,leisure,other
31084_2022-10-14,4.0,walk,68216.0,70330.0,2114.0,other,other
31084_2022-10-14,5.0,walk,70873.0,72528.0,1655.0,other,home
31266_2022-12-07,0.0,pt,28517.0,28721.0,204.0,home,other
31266_2022-12-07,1.0,pt,29138.0,29648.0,510.0,other,other
31266_2022-12-07,2.0,pt,30020.0,31021.0,1001.0,other,home
31266_2022-12-07,3.0,walk,33380.0,33823.0,443.0,home,education
31266_2022-12-07,4.0,walk,37081.0,37615.0,534.0,education,other
31266_2022-12-07,5.0,walk,38083.0,39144.0,1061.0,other,home
31104_2022-11-29,0.0,bike,25879.0,26900.0,1021.0,home,other
31104_2022-11-29,1.0,bike,32535.0,33493.0,958.0,other,home
31104_2022-11-29,2.0,walk,55535.0,56502.0,967.0,home,home
31104_2022-11-29,3.0,walk,61790.0,62436.0,646.0,home,home
31083_2022-11-15,0.0,walk,24787.0,27241.0,2454.0,home,education
31083_2022-11-15,1.0,walk,40117.0,40300.0,183.0,education,leisure
31083_2022-11-15,2.0,walk,43342.0,45287.0,1945.0,leisure,shop
31083_2022-11-15,3.0,walk,46919.0,47017.0,98.0,shop,home
31083_2022-11-15,4.0,walk,58864.0,59514.0,650.0,home,leisure
31083_2022-11-15,5.0,walk,61007.0,61311.0,304.0,leisure,home
31083_2022-11-15,6.0,walk,64042.0,64370.0,328.0,home,leisure
31083_2022-11-15,7.0,walk,78172.0,78588.0,416.0,leisure,home
30634_2022-09-20,0.0,other,30321.0,31783.0,1462.0,home,education
30634_2022-09-20,1.0,walk,32675.0,33367.0,692.0,education,education
30634_2022-09-20,2.0,walk,33913.0,35450.0,1537.0,education,home
30634_2022-09-20,3.0,bike,42622.0,43440.0,818.0,home,education
30634_2022-09-20,4.0,walk,45411.0,45499.0,88.0,education,education
30634_2022-09-20,5.0,other,48211.0,48336.0,125.0,education,education
30634_2022-09-20,6.0,mpt,52523.0,53907.0,1384.0,education,leisure
30634_2022-09-20,7.0,mpt,56329.0,56629.0,300.0,leisure,home
30450_2022-08-31,0.0,mpt,60144.0,61902.0,1758.0,work,leisure
30450_2022-08-31,1.0,mpt,68940.0,69045.0,105.0,leisure,leisure
30450_2022-08-31,2.0,mpt,72665.0,73872.0,1207.0,leisure,home
30256_2022-11-11,0.0,mpt,24332.0,24667.0,335.0,home,home
30169_2022-10-04,0.0,walk,24010.0,26354.0,2344.0,home,education
30169_2022-10-04,1.0,pt,60851.0,61579.0,728.0,education,other
30169_2022-10-04,2.0,walk,73927.0,74347.0,420.0,other,other
30169_2022-10-04,3.0,walk,74792.0,76511.0,1719.0,other,home
30735_2022-11-22,0.0,mpt,23169.0,23369.0,200.0,home,other
30735_2022-11-22,1.0,mpt,23800.0,24016.0,216.0,other,home
30735_2022-11-22,2.0,walk,42263.0,42805.0,542.0,home,home
30735_2022-11-22,3.0,mpt,57330.0,57842.0,512.0,home,other
30735_2022-11-22,4.0,mpt,58281.0,58867.0,586.0,other,other
30735_2022-11-22,5.0,mpt,59265.0,59391.0,126.0,other,other
30735_2022-11-22,6.0,mpt,60020.0,60270.0,250.0,other,home
30735_2022-11-22,7.0,mpt,61458.0,61970.0,512.0,home,other
30735_2022-11-22,8.0,mpt,62339.0,62929.0,590.0,other,home
30403_2022-12-03,0.0,bike,42762.0,43612.0,850.0,home,leisure
30403_2022-12-03,1.0,walk,47367.0,47962.0,595.0,leisure,leisure
30403_2022-12-03,2.0,walk,54696.0,55443.0,747.0,leisure,leisure
30403_2022-12-03,3.0,bike,59355.0,59954.0,599.0,leisure,home
30184_2022-09-03,0.0,walk,43535.0,51004.0,7469.0,home,home
30105_2022-10-13,0.0,bike,54632.0,55435.0,803.0,home,home
30105_2022-10-13,1.0,bike,59754.0,60030.0,276.0,home,other
30105_2022-10-13,2.0,bike,61701.0,62253.0,552.0,other,home
31080_2022-09-16,0.0,walk,61631.0,65973.0,4342.0,home,home
30502_2022-10-31,0.0,walk,43167.0,47493.0,4326.0,home,home
31234_2022-09-19,0.0,walk,56645.0,58190.0,1545.0,home,home
30100_2022-11-02,0.0,mpt,25496.0,26283.0,787.0,home,work
30100_2022-11-02,1.0,mpt,61753.0,63073.0,1320.0,work,home
30872_2022-12-05,0.0,walk,23722.0,27325.0,3603.0,home,home
30872_2022-12-05,1.0,bike,37395.0,37873.0,478.0,home,other
30872_2022-12-05,2.0,bike,38752.0,39488.0,736.0,other,home
30118_2022-11-27,0.0,mpt,44787.0,45640.0,853.0,home,leisure
30118_2022-11-27,1.0,mpt,52033.0,53048.0,1015.0,leisure,home
30945_2022-11-14,0.0,walk,24786.0,26163.0,1377.0,home,home
30945_2022-11-14,1.0,mpt,57017.0,58033.0,1016.0,home,home
30945_2022-11-14,2.0,mpt,59368.0,59733.0,365.0,home,leisure
30945_2022-11-14,3.0,mpt,60806.0,60861.0,55.0,leisure,home
30945_2022-11-14,4.0,mpt,62114.0,62395.0,281.0,home,other
30945_2022-11-14,5.0,mpt,62707.0,62897.0,190.0,other,home
30945_2022-11-14,6.0,mpt,67488.0,68125.0,637.0,home,home
30115_2022-09-17,0.0,walk,28286.0,30035.0,1749.0,home,home
30115_2022-09-17,1.0,walk,37683.0,37967.0,284.0,home,shop
30115_2022-09-17,2.0,walk,38784.0,40983.0,2199.0,shop,home
30895_2022-09-04,0.0,walk,28972.0,29445.0,473.0,home,home
30895_2022-09-04,1.0,walk,38897.0,39287.0,390.0,home,home
30895_2022-09-04,2.0,walk,50293.0,50971.0,678.0,home,leisure
30895_2022-09-04,3.0,walk,51492.0,52354.0,862.0,leisure,home
30835_2022-11-23,0.0,mpt,18982.0,21878.0,2896.0,home,work
30835_2022-11-23,1.0,walk,49362.0,49390.0,28.0,work,education
30835_2022-11-23,2.0,pt,58889.0,60951.0,2062.0,education,leisure
30835_2022-11-23,3.0,mpt,72343.0,75559.0,3216.0,leisure,home
30835_2022-11-23,4.0,mpt,76870.0,77127.0,257.0,home,home
31221_2022-10-19,0.0,mpt,54706.0,55711.0,1005.0,home,education
31221_2022-10-19,1.0,mpt,65906.0,66665.0,759.0,education,leisure
31221_2022-10-19,2.0,mpt,71885.0,72086.0,201.0,leisure,home
30688_2022-12-13,0.0,mpt,17590.0,18958.0,1368.0,home,leisure
30688_2022-12-13,1.0,mpt,23437.0,25265.0,1828.0,leisure,education
30688_2022-12-13,2.0,mpt,40184.0,40560.0,376.0,education,leisure
30688_2022-12-13,3.0,mpt,42784.0,43357.0,573.0,leisure,education
30688_2022-12-13,4.0,mpt,60108.0,65535.0,5427.0,education,home
30688_2022-12-13,5.0,mpt,66676.0,67750.0,1074.0,home,leisure
30688_2022-12-13,6.0,mpt,73953.0,74861.0,908.0,leisure,home
31175_2022-08-24,0.0,pt,13720.0,14518.0,798.0,home,other
31175_2022-08-24,1.0,pt,15137.0,17096.0,1959.0,other,work
31175_2022-08-24,2.0,walk,35916.0,36076.0,160.0,work,education
31175_2022-08-24,3.0,pt,53457.0,53567.0,110.0,education,leisure
31175_2022-08-24,4.0,pt,57113.0,60374.0,3261.0,leisure,home
31175_2022-08-24,5.0,other,61645.0,62132.0,487.0,home,home
31313_2022-09-05,0.0,walk,63679.0,64235.0,556.0,home,leisure
31313_2022-09-05,1.0,walk,72225.0,72545.0,320.0,leisure,leisure
31313_2022-09-05,2.0,mpt,75555.0,75946.0,391.0,leisure,home
30838_2022-11-27,0.0,mpt,40979.0,41576.0,597.0,home,other
30838_2022-11-27,1.0,mpt,45516.0,46359.0,843.0,other,education
30838_2022-11-27,2.0,mpt,54389.0,61686.0,7297.0,education,leisure
30838_2022-11-27,3.0,mpt,65404.0,76342.0,10938.0,leisure,home
31087_2022-08-10,0.0,walk,18477.0,20612.0,2135.0,home,home
31087_2022-08-10,1.0,mpt,37769.0,41261.0,3492.0,home,leisure
31087_2022-08-10,2.0,mpt,42355.0,42539.0,184.0,leisure,education
31087_2022-08-10,3.0,mpt,60252.0,60372.0,120.0,education,home
31087_2022-08-10,4.0,walk,61542.0,62267.0,725.0,home,leisure
31087_2022-08-10,5.0,mpt,62910.0,63346.0,436.0,leisure,education
31087_2022-08-10,6.0,mpt,73451.0,73669.0,218.0,education,leisure
31087_2022-08-10,7.0,mpt,78206.0,80012.0,1806.0,leisure,home
30339_2022-12-20,0.0,mpt,54077.0,55358.0,1281.0,home,shop
30339_2022-12-20,1.0,mpt,56969.0,59768.0,2799.0,shop,home
30211_2022-10-31,0.0,mpt,28845.0,30442.0,1597.0,home,home
30211_2022-10-31,1.0,walk,34192.0,37028.0,2836.0,home,shop
30211_2022-10-31,2.0,walk,37580.0,38074.0,494.0,shop,shop
30211_2022-10-31,3.0,walk,39113.0,39832.0,719.0,shop,shop
30211_2022-10-31,4.0,walk,42526.0,42599.0,73.0,shop,shop
30211_2022-10-31,5.0,walk,45268.0,45444.0,176.0,shop,leisure
30211_2022-10-31,6.0,mpt,47309.0,50249.0,2940.0,leisure,leisure
30211_2022-10-31,7.0,mpt,51516.0,57828.0,6312.0,leisure,home
30211_2022-10-31,8.0,mpt,59050.0,65350.0,6300.0,home,home
30736_2022-12-17,0.0,mpt,52767.0,54026.0,1259.0,home,home
30736_2022-12-17,1.0,mpt,61404.0,62388.0,984.0,home,home
30875_2022-09-01,0.0,mpt,23603.0,24057.0,454.0,home,shop
30875_2022-09-01,1.0,mpt,27887.0,28338.0,451.0,shop,home
30862_2022-11-17,0.0,walk,50484.0,51468.0,984.0,work,education
30862_2022-11-17,1.0,pt,52626.0,60979.0,8353.0,education,home
30862_2022-11-17,2.0,pt,62204.0,69347.0,7143.0,home,home
30957_2022-08-09,0.0,bike,34930.0,35599.0,669.0,home,home
30769_2022-11-02,0.0,mpt,22905.0,23667.0,762.0,home,home
30769_2022-11-02,1.0,mpt,53391.0,54599.0,1208.0,home,shop
30769_2022-11-02,2.0,mpt,55702.0,55972.0,270.0,shop,home
30769_2022-11-02,3.0,mpt,56694.0,57410.0,716.0,home,other
30769_2022-11-02,4.0,mpt,58253.0,59040.0,787.0,other,home
30053_2022-11-02,0.0,walk,48591.0,48844.0,253.0,home,home
30053_2022-11-02,1.0,mpt,60794.0,62772.0,1978.0,home,education
30053_2022-11-02,2.0,mpt,76989.0,78578.0,1589.0,education,home
30076_2022-09-07,0.0,pt,20211.0,23688.0,3477.0,home,work
30076_2022-09-07,1.0,pt,60308.0,60536.0,228.0,work,other
30076_2022-09-07,2.0,pt,61260.0,63205.0,1945.0,other,other
30076_2022-09-07,3.0,pt,63604.0,64479.0,875.0,other,home
30517_2022-11-17,0.0,bike,31381.0,31516.0,135.0,home,leisure
30517_2022-11-17,1.0,walk,35630.0,35710.0,80.0,leisure,shop
30517_2022-11-17,2.0,walk,37191.0,37482.0,291.0,shop,home
30517_2022-11-17,3.0,bike,53146.0,54820.0,1674.0,home,other
30517_2022-11-17,4.0,bike,56333.0,56926.0,593.0,other,shop
30517_2022-11-17,5.0,bike,57530.0,57826.0,296.0,shop,shop
30517_2022-11-17,6.0,bike,58322.0,58483.0,161.0,shop,home
30442_2022-12-22,0.0,walk,26323.0,28722.0,2399.0,home,education
30442_2022-12-22,1.0,mpt,30737.0,30969.0,232.0,education,education
30442_2022-12-22,2.0,mpt,31412.0,32816.0,1404.0,education,home
31297_2022-08-08,0.0,mpt,30794.0,32228.0,1434.0,home,home
31297_2022-08-08,1.0,walk,32776.0,33256.0,480.0,home,home
31297_2022-08-08,2.0,walk,34197.0,34957.0,760.0,home,leisure
31297_2022-08-08,3.0,mpt,36045.0,36806.0,761.0,leisure,home
30659_2022-11-11,0.0,walk,47124.0,47561.0,437.0,home,leisure
30659_2022-11-11,1.0,walk,49741.0,50215.0,474.0,leisure,home
30842_2022-11-07,0.0,mpt,35567.0,36321.0,754.0,home,shop
30842_2022-11-07,1.0,mpt,38322.0,38466.0,144.0,shop,home
30842_2022-11-07,2.0,mpt,45113.0,46990.0,1877.0,home,home
30990_2022-12-19,0.0,mpt,29194.0,30682.0,1488.0,home,work
30990_2022-12-19,1.0,mpt,58694.0,59206.0,512.0,work,education
30990_2022-12-19,2.0,walk,60547.0,61139.0,592.0,education,education
30990_2022-12-19,3.0,walk,63015.0,63484.0,469.0,education,education
30990_2022-12-19,4.0,walk,73259.0,73340.0,81.0,education,leisure
30990_2022-12-19,5.0,mpt,76996.0,78244.0,1248.0,leisure,home
30980_2022-11-02,0.0,pt,18127.0,21961.0,3834.0,home,education
30980_2022-11-02,1.0,walk,38617.0,38896.0,279.0,education,leisure
30980_2022-11-02,2.0,walk,44346.0,44408.0,62.0,leisure,education
30980_2022-11-02,3.0,pt,61112.0,64524.0,3412.0,education,home
30878_2022-09-05,0.0,mpt,19923.0,22010.0,2087.0,home,other
30878_2022-09-05,1.0,mpt,25391.0,26233.0,842.0,other,other
30878_2022-09-05,2.0,mpt,27592.0,28880.0,1288.0,other,home
30878_2022-09-05,3.0,mpt,39000.0,50537.0,11537.0,home,other
30878_2022-09-05,4.0,mpt,51110.0,51968.0,858.0,other,shop
30878_2022-09-05,5.0,mpt,52701.0,53316.0,615.0,shop,home
30379_2022-09-16,0.0,walk,25181.0,26110.0,929.0,home,home
30379_2022-09-16,1.0,walk,26693.0,27416.0,723.0,home,home
30379_2022-09-16,2.0,walk,49327.0,53568.0,4241.0,home,home
30921_2023-01-15,0.0,walk,30000.0,34460.0,4460.0,home,home
31297_2022-08-02,0.0,mpt,29384.0,30332.0,948.0,home,home
31297_2022-08-02,1.0,walk,30774.0,34327.0,3553.0,home,shop
31297_2022-08-02,2.0,mpt,35086.0,36064.0,978.0,shop,home
30517_2022-11-06,0.0,mpt,31111.0,32037.0,926.0,home,other
30517_2022-11-06,1.0,mpt,39106.0,40342.0,1236.0,other,leisure
30517_2022-11-06,2.0,mpt,50334.0,50661.0,327.0,leisure,leisure
30517_2022-11-06,3.0,mpt,52440.0,53648.0,1208.0,leisure,home
30517_2022-11-06,4.0,mpt,54932.0,56515.0,1583.0,home,home
30517_2022-11-06,5.0,mpt,69487.0,70893.0,1406.0,home,home
30905_2022-09-15,0.0,mpt,36527.0,37564.0,1037.0,home,leisure
30905_2022-09-15,1.0,walk,38697.0,38816.0,119.0,leisure,leisure
30905_2022-09-15,2.0,mpt,39280.0,40400.0,1120.0,leisure,shop
30905_2022-09-15,3.0,mpt,42309.0,42738.0,429.0,shop,home
30905_2022-09-15,4.0,walk,58040.0,58166.0,126.0,home,leisure
30905_2022-09-15,5.0,mpt,59249.0,61477.0,2228.0,leisure,leisure
30905_2022-09-15,6.0,mpt,68491.0,70263.0,1772.0,leisure,home
30663_2022-11-25,0.0,mpt,53399.0,55321.0,1922.0,home,education
30663_2022-11-25,1.0,mpt,58929.0,60733.0,1804.0,education,home
30663_2022-11-25,2.0,bike,62140.0,62493.0,353.0,home,leisure
30663_2022-11-25,3.0,walk,65988.0,66195.0,207.0,leisure,leisure
30663_2022-11-25,4.0,bike,79386.0,80199.0,813.0,leisure,home
30399_2022-12-21,0.0,mpt,35853.0,36269.0,416.0,home,leisure
30399_2022-12-21,1.0,mpt,38970.0,39285.0,315.0,leisure,home
30399_2022-12-21,2.0,mpt,51005.0,51285.0,280.0,home,leisure
30399_2022-12-21,3.0,mpt,53033.0,53551.0,518.0,leisure,home
30399_2022-12-21,4.0,mpt,56281.0,58161.0,1880.0,home,leisure
30399_2022-12-21,5.0,mpt,62963.0,64315.0,1352.0,leisure,home
30008_2022-12-06,0.0,bike,40328.0,41872.0,1544.0,home,education
30008_2022-12-06,1.0,bike,55352.0,56925.0,1573.0,education,home
30008_2022-12-06,2.0,bike,60250.0,61376.0,1126.0,home,leisure
30008_2022-12-06,3.0,bike,70219.0,70900.0,681.0,leisure,home
30083_2022-12-01,0.0,bike,24409.0,25257.0,848.0,home,education
30083_2022-12-01,1.0,walk,36967.0,37146.0,179.0,education,work
30083_2022-12-01,2.0,walk,45876.0,46034.0,158.0,work,education
30083_2022-12-01,3.0,bike,54572.0,55350.0,778.0,education,home
31049_2022-11-25,0.0,mpt,29553.0,35376.0,5823.0,home,shop
31049_2022-11-25,1.0,mpt,38441.0,40399.0,1958.0,shop,shop
31049_2022-11-25,2.0,mpt,41126.0,41462.0,336.0,shop,home
30403_2022-12-08,0.0,mpt,30214.0,30409.0,195.0,other,home
30403_2022-12-08,1.0,mpt,31462.0,31997.0,535.0,home,education
30403_2022-12-08,2.0,mpt,35941.0,36365.0,424.0,education,home
30403_2022-12-08,3.0,bike,42523.0,43350.0,827.0,home,education
30403_2022-12-08,4.0,bike,60423.0,61276.0,853.0,education,home
30149_2022-09-30,0.0,pt,18667.0,21378.0,2711.0,home,work
30149_2022-09-30,1.0,pt,53808.0,55397.0,1589.0,work,other
30149_2022-09-30,2.0,pt,55915.0,56956.0,1041.0,other,home
30944_2022-11-03,0.0,mpt,38788.0,41686.0,2898.0,home,leisure
30944_2022-11-03,1.0,mpt,43629.0,44060.0,431.0,leisure,other
30944_2022-11-03,2.0,walk,51405.0,51744.0,339.0,other,leisure
30944_2022-11-03,3.0,mpt,58942.0,62498.0,3556.0,leisure,leisure
30944_2022-11-03,4.0,mpt,62951.0,63107.0,156.0,leisure,home
30388_2022-12-02,0.0,walk,26246.0,27759.0,1513.0,home,work
30388_2022-12-02,1.0,walk,34077.0,34085.0,8.0,work,work
30388_2022-12-02,2.0,mpt,41994.0,43035.0,1041.0,work,other
30388_2022-12-02,3.0,mpt,45062.0,46052.0,990.0,other,other
30388_2022-12-02,4.0,walk,47380.0,47867.0,487.0,other,other
30388_2022-12-02,5.0,mpt,48281.0,58845.0,10564.0,other,leisure
30388_2022-12-02,6.0,mpt,59534.0,68428.0,8894.0,leisure,work
31288_2022-12-13,0.0,mpt,36120.0,36865.0,745.0,home,home
31288_2022-12-13,1.0,walk,38398.0,38570.0,172.0,home,leisure
31288_2022-12-13,2.0,mpt,42283.0,42561.0,278.0,leisure,home
31260_2022-12-01,0.0,mpt,53554.0,53736.0,182.0,home,shop
31260_2022-12-01,1.0,walk,55762.0,56084.0,322.0,shop,shop
31260_2022-12-01,2.0,mpt,59182.0,59304.0,122.0,shop,home
31260_2022-12-01,3.0,walk,65250.0,66258.0,1008.0,home,other
31260_2022-12-01,4.0,walk,66865.0,67400.0,535.0,other,leisure
31260_2022-12-01,5.0,walk,69467.0,70701.0,1234.0,leisure,home
30819_2022-11-22,0.0,pt,32081.0,32954.0,873.0,home,work
30819_2022-11-22,1.0,walk,39499.0,40354.0,855.0,work,home
30819_2022-11-22,2.0,bike,62288.0,64359.0,2071.0,home,home
31248_2022-11-18,0.0,mpt,23900.0,24107.0,207.0,home,shop
31248_2022-11-18,1.0,mpt,24542.0,25421.0,879.0,shop,home
31248_2022-11-18,2.0,pt,35834.0,37671.0,1837.0,home,leisure
31248_2022-11-18,3.0,walk,40604.0,41005.0,401.0,leisure,other
31248_2022-11-18,4.0,pt,43885.0,45129.0,1244.0,other,home
31248_2022-11-18,5.0,mpt,58981.0,60297.0,1316.0,home,leisure
31248_2022-11-18,6.0,mpt,61888.0,62704.0,816.0,leisure,shop
31248_2022-11-18,7.0,mpt,66609.0,66781.0,172.0,shop,home
30697_2022-10-06,0.0,mpt,15019.0,16032.0,1013.0,home,education
30697_2022-10-06,1.0,mpt,63427.0,64453.0,1026.0,education,home
30685_2022-12-04,0.0,walk,34103.0,35668.0,1565.0,home,other
30685_2022-12-04,1.0,walk,36348.0,39108.0,2760.0,other,home
30875_2022-08-19,0.0,walk,63525.0,64711.0,1186.0,home,leisure
30875_2022-08-19,1.0,walk,75234.0,76189.0,955.0,leisure,home
30403_2022-12-06,0.0,bike,23438.0,24280.0,842.0,home,education
30403_2022-12-06,1.0,bike,40443.0,41287.0,844.0,education,home
30403_2022-12-06,2.0,walk,71439.0,72021.0,582.0,home,home
30403_2022-12-06,3.0,walk,73087.0,73691.0,604.0,home,home
30847_2022-10-20,0.0,pt,17360.0,19151.0,1791.0,home,other
30847_2022-10-20,1.0,pt,19530.0,20329.0,799.0,other,other
30847_2022-10-20,2.0,pt,21203.0,22969.0,1766.0,other,education
30847_2022-10-20,3.0,mpt,34359.0,36741.0,2382.0,education,leisure
30847_2022-10-20,4.0,mpt,39947.0,41304.0,1357.0,leisure,education
30847_2022-10-20,5.0,mpt,46903.0,49465.0,2562.0,education,home
30903_2022-12-12,0.0,mpt,61270.0,62012.0,742.0,home,other
30903_2022-12-12,1.0,mpt,64472.0,64817.0,345.0,other,other
30903_2022-12-12,2.0,mpt,65481.0,65857.0,376.0,other,home
30068_2022-12-15,0.0,walk,39017.0,39735.0,718.0,home,home
30068_2022-12-15,1.0,walk,46272.0,46953.0,681.0,home,home
30785_2022-11-18,0.0,pt,26251.0,30252.0,4001.0,home,home
30785_2022-11-18,1.0,walk,37960.0,38804.0,844.0,home,other
30785_2022-11-18,2.0,walk,41959.0,42073.0,114.0,other,home
30785_2022-11-18,3.0,mpt,51016.0,52062.0,1046.0,home,work
30785_2022-11-18,4.0,mpt,57961.0,58654.0,693.0,work,home
30842_2022-11-14,0.0,mpt,30180.0,30764.0,584.0,home,shop
30842_2022-11-14,1.0,mpt,31766.0,32351.0,585.0,shop,home
30842_2022-11-14,2.0,mpt,32654.0,34625.0,1971.0,home,home
30612_2022-10-31,0.0,pt,24097.0,45061.0,20964.0,home,home
30612_2022-10-31,1.0,pt,45797.0,63474.0,17677.0,home,other
30612_2022-10-31,2.0,pt,63970.0,71083.0,7113.0,other,home
30687_2022-10-24,0.0,mpt,17748.0,20097.0,2349.0,home,education
30687_2022-10-24,1.0,mpt,36002.0,37896.0,1894.0,education,home
30687_2022-10-24,2.0,walk,59322.0,59579.0,257.0,home,other
30687_2022-10-24,3.0,walk,64618.0,64924.0,306.0,other,home
30167_2022-10-16,0.0,pt,31088.0,31595.0,507.0,home,other
30167_2022-10-16,1.0,pt,32273.0,42420.0,10147.0,other,leisure
30167_2022-10-16,2.0,walk,46507.0,46955.0,448.0,leisure,other
30167_2022-10-16,3.0,pt,48380.0,48854.0,474.0,other,leisure
30167_2022-10-16,4.0,walk,49602.0,51062.0,1460.0,leisure,home
31027_2022-11-16,0.0,walk,28673.0,30989.0,2316.0,home,leisure
31027_2022-11-16,1.0,walk,35628.0,37041.0,1413.0,leisure,home
31027_2022-11-16,2.0,walk,43380.0,43985.0,605.0,home,home
31027_2022-11-16,3.0,walk,53676.0,54392.0,716.0,home,home
30081_2022-11-24,0.0,pt,27248.0,29413.0,2165.0,other,other
30081_2022-11-24,1.0,walk,30063.0,30213.0,150.0,other,other
30081_2022-11-24,2.0,pt,35948.0,36816.0,868.0,other,other
30081_2022-11-24,3.0,bike,45605.0,46604.0,999.0,other,education
30081_2022-11-24,4.0,bike,58190.0,59572.0,1382.0,education,other
30081_2022-11-24,5.0,mpt,65654.0,66268.0,614.0,other,work
30081_2022-11-24,6.0,mpt,77653.0,78311.0,658.0,work,home
30980_2022-11-10,0.0,pt,18171.0,21964.0,3793.0,home,work
30980_2022-11-10,1.0,walk,59902.0,60019.0,117.0,work,shop
30980_2022-11-10,2.0,pt,60448.0,64574.0,4126.0,shop,home
30399_2022-12-01,0.0,mpt,16356.0,17164.0,808.0,home,education
30399_2022-12-01,1.0,walk,37811.0,37916.0,105.0,education,leisure
30399_2022-12-01,2.0,walk,39625.0,39729.0,104.0,leisure,shop
30399_2022-12-01,3.0,walk,40156.0,40397.0,241.0,shop,education
30399_2022-12-01,4.0,walk,49850.0,50049.0,199.0,education,education
30399_2022-12-01,5.0,mpt,54963.0,55791.0,828.0,education,shop
30399_2022-12-01,6.0,mpt,56352.0,56990.0,638.0,shop,shop
30399_2022-12-01,7.0,mpt,58353.0,58886.0,533.0,shop,home
30399_2022-12-01,8.0,mpt,59926.0,61575.0,1649.0,home,other
30399_2022-12-01,9.0,walk,61967.0,62221.0,254.0,other,home
30399_2022-12-01,10.0,walk,63843.0,64640.0,797.0,home,home
30399_2022-12-01,11.0,walk,65622.0,66049.0,427.0,home,leisure
30399_2022-12-01,12.0,walk,67181.0,67770.0,589.0,leisure,leisure
30399_2022-12-01,13.0,walk,69492.0,70530.0,1038.0,leisure,leisure
30399_2022-12-01,14.0,mpt,72441.0,73849.0,1408.0,leisure,home
30617_2022-11-15,0.0,pt,26074.0,27524.0,1450.0,home,education
30617_2022-11-15,1.0,walk,40033.0,40091.0,58.0,education,education
30617_2022-11-15,2.0,pt,42433.0,44134.0,1701.0,education,shop
30617_2022-11-15,3.0,walk,44632.0,44847.0,215.0,shop,other
30617_2022-11-15,4.0,pt,46376.0,47813.0,1437.0,other,home
